topic,response_type,model1,model2,jsd
abortion,authority,Apertus-8B-Instruct-2509,Llama-3.1-70B-Instruct,0.436
abortion,authority,Apertus-8B-Instruct-2509,Llama-3.1-8B-Instruct,0.377
abortion,authority,Apertus-8B-Instruct-2509,Llama-3.2-1B-Instruct,0.407
abortion,authority,Apertus-8B-Instruct-2509,Llama-3.2-3B-Instruct,0.417
abortion,authority,Apertus-8B-Instruct-2509,Qwen2.5-14B-Instruct,0.471
abortion,authority,Apertus-8B-Instruct-2509,Qwen2.5-72B-Instruct,0.47
abortion,authority,Apertus-8B-Instruct-2509,Qwen2.5-7B-Instruct,0.408
abortion,authority,Llama-3.1-70B-Instruct,Llama-3.1-8B-Instruct,0.338
abortion,authority,Llama-3.1-70B-Instruct,Llama-3.2-1B-Instruct,0.413
abortion,authority,Llama-3.1-70B-Instruct,Llama-3.2-3B-Instruct,0.406
abortion,authority,Llama-3.1-70B-Instruct,Qwen2.5-14B-Instruct,0.349
abortion,authority,Llama-3.1-70B-Instruct,Qwen2.5-72B-Instruct,0.347
abortion,authority,Llama-3.1-70B-Instruct,Qwen2.5-7B-Instruct,0.366
abortion,authority,Llama-3.1-8B-Instruct,Llama-3.2-1B-Instruct,0.396
abortion,authority,Llama-3.1-8B-Instruct,Llama-3.2-3B-Instruct,0.338
abortion,authority,Llama-3.1-8B-Instruct,Qwen2.5-14B-Instruct,0.417
abortion,authority,Llama-3.1-8B-Instruct,Qwen2.5-72B-Instruct,0.369
abortion,authority,Llama-3.1-8B-Instruct,Qwen2.5-7B-Instruct,0.359
abortion,authority,Llama-3.2-1B-Instruct,Llama-3.2-3B-Instruct,0.34
abortion,authority,Llama-3.2-1B-Instruct,Qwen2.5-14B-Instruct,0.489
abortion,authority,Llama-3.2-1B-Instruct,Qwen2.5-72B-Instruct,0.461
abortion,authority,Llama-3.2-1B-Instruct,Qwen2.5-7B-Instruct,0.391
abortion,authority,Llama-3.2-3B-Instruct,Qwen2.5-14B-Instruct,0.529
abortion,authority,Llama-3.2-3B-Instruct,Qwen2.5-72B-Instruct,0.443
abortion,authority,Llama-3.2-3B-Instruct,Qwen2.5-7B-Instruct,0.414
abortion,authority,Qwen2.5-14B-Instruct,Qwen2.5-72B-Instruct,0.378
abortion,authority,Qwen2.5-14B-Instruct,Qwen2.5-7B-Instruct,0.371
abortion,authority,Qwen2.5-72B-Instruct,Qwen2.5-7B-Instruct,0.347
abortion,base,Apertus-8B-Instruct-2509,Llama-3.1-70B-Instruct,0.363
abortion,base,Apertus-8B-Instruct-2509,Llama-3.1-8B-Instruct,0.373
abortion,base,Apertus-8B-Instruct-2509,Llama-3.2-1B-Instruct,0.395
abortion,base,Apertus-8B-Instruct-2509,Llama-3.2-3B-Instruct,0.333
abortion,base,Apertus-8B-Instruct-2509,Qwen2.5-14B-Instruct,0.363
abortion,base,Apertus-8B-Instruct-2509,Qwen2.5-72B-Instruct,0.445
abortion,base,Apertus-8B-Instruct-2509,Qwen2.5-7B-Instruct,0.408
abortion,base,Llama-3.1-70B-Instruct,Llama-3.1-8B-Instruct,0.296
abortion,base,Llama-3.1-70B-Instruct,Llama-3.2-1B-Instruct,0.379
abortion,base,Llama-3.1-70B-Instruct,Llama-3.2-3B-Instruct,0.331
abortion,base,Llama-3.1-70B-Instruct,Qwen2.5-14B-Instruct,0.378
abortion,base,Llama-3.1-70B-Instruct,Qwen2.5-72B-Instruct,0.453
abortion,base,Llama-3.1-70B-Instruct,Qwen2.5-7B-Instruct,0.362
abortion,base,Llama-3.1-8B-Instruct,Llama-3.2-1B-Instruct,0.38
abortion,base,Llama-3.1-8B-Instruct,Llama-3.2-3B-Instruct,0.354
abortion,base,Llama-3.1-8B-Instruct,Qwen2.5-14B-Instruct,0.396
abortion,base,Llama-3.1-8B-Instruct,Qwen2.5-72B-Instruct,0.454
abortion,base,Llama-3.1-8B-Instruct,Qwen2.5-7B-Instruct,0.386
abortion,base,Llama-3.2-1B-Instruct,Llama-3.2-3B-Instruct,0.371
abortion,base,Llama-3.2-1B-Instruct,Qwen2.5-14B-Instruct,0.403
abortion,base,Llama-3.2-1B-Instruct,Qwen2.5-72B-Instruct,0.471
abortion,base,Llama-3.2-1B-Instruct,Qwen2.5-7B-Instruct,0.427
abortion,base,Llama-3.2-3B-Instruct,Qwen2.5-14B-Instruct,0.38
abortion,base,Llama-3.2-3B-Instruct,Qwen2.5-72B-Instruct,0.466
abortion,base,Llama-3.2-3B-Instruct,Qwen2.5-7B-Instruct,0.41
abortion,base,Qwen2.5-14B-Instruct,Qwen2.5-72B-Instruct,0.442
abortion,base,Qwen2.5-14B-Instruct,Qwen2.5-7B-Instruct,0.337
abortion,base,Qwen2.5-72B-Instruct,Qwen2.5-7B-Instruct,0.423
abortion,care,Apertus-8B-Instruct-2509,Llama-3.1-70B-Instruct,0.298
abortion,care,Apertus-8B-Instruct-2509,Llama-3.1-8B-Instruct,0.37
abortion,care,Apertus-8B-Instruct-2509,Llama-3.2-1B-Instruct,0.429
abortion,care,Apertus-8B-Instruct-2509,Llama-3.2-3B-Instruct,0.315
abortion,care,Apertus-8B-Instruct-2509,Qwen2.5-14B-Instruct,0.344
abortion,care,Apertus-8B-Instruct-2509,Qwen2.5-72B-Instruct,0.373
abortion,care,Apertus-8B-Instruct-2509,Qwen2.5-7B-Instruct,0.403
abortion,care,Llama-3.1-70B-Instruct,Llama-3.1-8B-Instruct,0.329
abortion,care,Llama-3.1-70B-Instruct,Llama-3.2-1B-Instruct,0.45
abortion,care,Llama-3.1-70B-Instruct,Llama-3.2-3B-Instruct,0.27
abortion,care,Llama-3.1-70B-Instruct,Qwen2.5-14B-Instruct,0.331
abortion,care,Llama-3.1-70B-Instruct,Qwen2.5-72B-Instruct,0.368
abortion,care,Llama-3.1-70B-Instruct,Qwen2.5-7B-Instruct,0.389
abortion,care,Llama-3.1-8B-Instruct,Llama-3.2-1B-Instruct,0.469
abortion,care,Llama-3.1-8B-Instruct,Llama-3.2-3B-Instruct,0.352
abortion,care,Llama-3.1-8B-Instruct,Qwen2.5-14B-Instruct,0.372
abortion,care,Llama-3.1-8B-Instruct,Qwen2.5-72B-Instruct,0.377
abortion,care,Llama-3.1-8B-Instruct,Qwen2.5-7B-Instruct,0.408
abortion,care,Llama-3.2-1B-Instruct,Llama-3.2-3B-Instruct,0.412
abortion,care,Llama-3.2-1B-Instruct,Qwen2.5-14B-Instruct,0.481
abortion,care,Llama-3.2-1B-Instruct,Qwen2.5-72B-Instruct,0.487
abortion,care,Llama-3.2-1B-Instruct,Qwen2.5-7B-Instruct,0.466
abortion,care,Llama-3.2-3B-Instruct,Qwen2.5-14B-Instruct,0.38
abortion,care,Llama-3.2-3B-Instruct,Qwen2.5-72B-Instruct,0.387
abortion,care,Llama-3.2-3B-Instruct,Qwen2.5-7B-Instruct,0.364
abortion,care,Qwen2.5-14B-Instruct,Qwen2.5-72B-Instruct,0.293
abortion,care,Qwen2.5-14B-Instruct,Qwen2.5-7B-Instruct,0.404
abortion,care,Qwen2.5-72B-Instruct,Qwen2.5-7B-Instruct,0.417
abortion,equality,Apertus-8B-Instruct-2509,Llama-3.1-70B-Instruct,0.473
abortion,equality,Apertus-8B-Instruct-2509,Llama-3.1-8B-Instruct,0.46
abortion,equality,Apertus-8B-Instruct-2509,Llama-3.2-1B-Instruct,0.399
abortion,equality,Apertus-8B-Instruct-2509,Llama-3.2-3B-Instruct,0.422
abortion,equality,Apertus-8B-Instruct-2509,Qwen2.5-14B-Instruct,0.453
abortion,equality,Apertus-8B-Instruct-2509,Qwen2.5-72B-Instruct,0.508
abortion,equality,Apertus-8B-Instruct-2509,Qwen2.5-7B-Instruct,0.405
abortion,equality,Llama-3.1-70B-Instruct,Llama-3.1-8B-Instruct,0.291
abortion,equality,Llama-3.1-70B-Instruct,Llama-3.2-1B-Instruct,0.452
abortion,equality,Llama-3.1-70B-Instruct,Llama-3.2-3B-Instruct,0.368
abortion,equality,Llama-3.1-70B-Instruct,Qwen2.5-14B-Instruct,0.4
abortion,equality,Llama-3.1-70B-Instruct,Qwen2.5-72B-Instruct,0.525
abortion,equality,Llama-3.1-70B-Instruct,Qwen2.5-7B-Instruct,0.43
abortion,equality,Llama-3.1-8B-Instruct,Llama-3.2-1B-Instruct,0.429
abortion,equality,Llama-3.1-8B-Instruct,Llama-3.2-3B-Instruct,0.336
abortion,equality,Llama-3.1-8B-Instruct,Qwen2.5-14B-Instruct,0.4
abortion,equality,Llama-3.1-8B-Instruct,Qwen2.5-72B-Instruct,0.491
abortion,equality,Llama-3.1-8B-Instruct,Qwen2.5-7B-Instruct,0.395
abortion,equality,Llama-3.2-1B-Instruct,Llama-3.2-3B-Instruct,0.434
abortion,equality,Llama-3.2-1B-Instruct,Qwen2.5-14B-Instruct,0.491
abortion,equality,Llama-3.2-1B-Instruct,Qwen2.5-72B-Instruct,0.532
abortion,equality,Llama-3.2-1B-Instruct,Qwen2.5-7B-Instruct,0.461
abortion,equality,Llama-3.2-3B-Instruct,Qwen2.5-14B-Instruct,0.426
abortion,equality,Llama-3.2-3B-Instruct,Qwen2.5-72B-Instruct,0.561
abortion,equality,Llama-3.2-3B-Instruct,Qwen2.5-7B-Instruct,0.433
abortion,equality,Qwen2.5-14B-Instruct,Qwen2.5-72B-Instruct,0.482
abortion,equality,Qwen2.5-14B-Instruct,Qwen2.5-7B-Instruct,0.389
abortion,equality,Qwen2.5-72B-Instruct,Qwen2.5-7B-Instruct,0.488
abortion,loyalty,Apertus-8B-Instruct-2509,Llama-3.1-70B-Instruct,0.394
abortion,loyalty,Apertus-8B-Instruct-2509,Llama-3.1-8B-Instruct,0.479
abortion,loyalty,Apertus-8B-Instruct-2509,Llama-3.2-1B-Instruct,0.465
abortion,loyalty,Apertus-8B-Instruct-2509,Llama-3.2-3B-Instruct,0.398
abortion,loyalty,Apertus-8B-Instruct-2509,Qwen2.5-14B-Instruct,0.494
abortion,loyalty,Apertus-8B-Instruct-2509,Qwen2.5-72B-Instruct,0.432
abortion,loyalty,Apertus-8B-Instruct-2509,Qwen2.5-7B-Instruct,0.389
abortion,loyalty,Llama-3.1-70B-Instruct,Llama-3.1-8B-Instruct,0.285
abortion,loyalty,Llama-3.1-70B-Instruct,Llama-3.2-1B-Instruct,0.421
abortion,loyalty,Llama-3.1-70B-Instruct,Llama-3.2-3B-Instruct,0.348
abortion,loyalty,Llama-3.1-70B-Instruct,Qwen2.5-14B-Instruct,0.409
abortion,loyalty,Llama-3.1-70B-Instruct,Qwen2.5-72B-Instruct,0.365
abortion,loyalty,Llama-3.1-70B-Instruct,Qwen2.5-7B-Instruct,0.364
abortion,loyalty,Llama-3.1-8B-Instruct,Llama-3.2-1B-Instruct,0.421
abortion,loyalty,Llama-3.1-8B-Instruct,Llama-3.2-3B-Instruct,0.401
abortion,loyalty,Llama-3.1-8B-Instruct,Qwen2.5-14B-Instruct,0.484
abortion,loyalty,Llama-3.1-8B-Instruct,Qwen2.5-72B-Instruct,0.408
abortion,loyalty,Llama-3.1-8B-Instruct,Qwen2.5-7B-Instruct,0.437
abortion,loyalty,Llama-3.2-1B-Instruct,Llama-3.2-3B-Instruct,0.424
abortion,loyalty,Llama-3.2-1B-Instruct,Qwen2.5-14B-Instruct,0.471
abortion,loyalty,Llama-3.2-1B-Instruct,Qwen2.5-72B-Instruct,0.45
abortion,loyalty,Llama-3.2-1B-Instruct,Qwen2.5-7B-Instruct,0.465
abortion,loyalty,Llama-3.2-3B-Instruct,Qwen2.5-14B-Instruct,0.522
abortion,loyalty,Llama-3.2-3B-Instruct,Qwen2.5-72B-Instruct,0.49
abortion,loyalty,Llama-3.2-3B-Instruct,Qwen2.5-7B-Instruct,0.432
abortion,loyalty,Qwen2.5-14B-Instruct,Qwen2.5-72B-Instruct,0.347
abortion,loyalty,Qwen2.5-14B-Instruct,Qwen2.5-7B-Instruct,0.415
abortion,loyalty,Qwen2.5-72B-Instruct,Qwen2.5-7B-Instruct,0.31
abortion,proportionality,Apertus-8B-Instruct-2509,Llama-3.1-70B-Instruct,0.437
abortion,proportionality,Apertus-8B-Instruct-2509,Llama-3.1-8B-Instruct,0.432
abortion,proportionality,Apertus-8B-Instruct-2509,Llama-3.2-1B-Instruct,0.43
abortion,proportionality,Apertus-8B-Instruct-2509,Llama-3.2-3B-Instruct,0.403
abortion,proportionality,Apertus-8B-Instruct-2509,Qwen2.5-14B-Instruct,0.496
abortion,proportionality,Apertus-8B-Instruct-2509,Qwen2.5-72B-Instruct,0.465
abortion,proportionality,Apertus-8B-Instruct-2509,Qwen2.5-7B-Instruct,0.453
abortion,proportionality,Llama-3.1-70B-Instruct,Llama-3.1-8B-Instruct,0.399
abortion,proportionality,Llama-3.1-70B-Instruct,Llama-3.2-1B-Instruct,0.42
abortion,proportionality,Llama-3.1-70B-Instruct,Llama-3.2-3B-Instruct,0.42
abortion,proportionality,Llama-3.1-70B-Instruct,Qwen2.5-14B-Instruct,0.455
abortion,proportionality,Llama-3.1-70B-Instruct,Qwen2.5-72B-Instruct,0.409
abortion,proportionality,Llama-3.1-70B-Instruct,Qwen2.5-7B-Instruct,0.441
abortion,proportionality,Llama-3.1-8B-Instruct,Llama-3.2-1B-Instruct,0.418
abortion,proportionality,Llama-3.1-8B-Instruct,Llama-3.2-3B-Instruct,0.424
abortion,proportionality,Llama-3.1-8B-Instruct,Qwen2.5-14B-Instruct,0.453
abortion,proportionality,Llama-3.1-8B-Instruct,Qwen2.5-72B-Instruct,0.438
abortion,proportionality,Llama-3.1-8B-Instruct,Qwen2.5-7B-Instruct,0.448
abortion,proportionality,Llama-3.2-1B-Instruct,Llama-3.2-3B-Instruct,0.352
abortion,proportionality,Llama-3.2-1B-Instruct,Qwen2.5-14B-Instruct,0.49
abortion,proportionality,Llama-3.2-1B-Instruct,Qwen2.5-72B-Instruct,0.45
abortion,proportionality,Llama-3.2-1B-Instruct,Qwen2.5-7B-Instruct,0.464
abortion,proportionality,Llama-3.2-3B-Instruct,Qwen2.5-14B-Instruct,0.475
abortion,proportionality,Llama-3.2-3B-Instruct,Qwen2.5-72B-Instruct,0.456
abortion,proportionality,Llama-3.2-3B-Instruct,Qwen2.5-7B-Instruct,0.469
abortion,proportionality,Qwen2.5-14B-Instruct,Qwen2.5-72B-Instruct,0.372
abortion,proportionality,Qwen2.5-14B-Instruct,Qwen2.5-7B-Instruct,0.391
abortion,proportionality,Qwen2.5-72B-Instruct,Qwen2.5-7B-Instruct,0.398
abortion,purity,Apertus-8B-Instruct-2509,Llama-3.1-70B-Instruct,0.365
abortion,purity,Apertus-8B-Instruct-2509,Llama-3.1-8B-Instruct,0.323
abortion,purity,Apertus-8B-Instruct-2509,Llama-3.2-1B-Instruct,0.401
abortion,purity,Apertus-8B-Instruct-2509,Llama-3.2-3B-Instruct,0.403
abortion,purity,Apertus-8B-Instruct-2509,Qwen2.5-14B-Instruct,0.406
abortion,purity,Apertus-8B-Instruct-2509,Qwen2.5-72B-Instruct,0.337
abortion,purity,Apertus-8B-Instruct-2509,Qwen2.5-7B-Instruct,0.384
abortion,purity,Llama-3.1-70B-Instruct,Llama-3.1-8B-Instruct,0.33
abortion,purity,Llama-3.1-70B-Instruct,Llama-3.2-1B-Instruct,0.418
abortion,purity,Llama-3.1-70B-Instruct,Llama-3.2-3B-Instruct,0.376
abortion,purity,Llama-3.1-70B-Instruct,Qwen2.5-14B-Instruct,0.369
abortion,purity,Llama-3.1-70B-Instruct,Qwen2.5-72B-Instruct,0.346
abortion,purity,Llama-3.1-70B-Instruct,Qwen2.5-7B-Instruct,0.374
abortion,purity,Llama-3.1-8B-Instruct,Llama-3.2-1B-Instruct,0.428
abortion,purity,Llama-3.1-8B-Instruct,Llama-3.2-3B-Instruct,0.358
abortion,purity,Llama-3.1-8B-Instruct,Qwen2.5-14B-Instruct,0.412
abortion,purity,Llama-3.1-8B-Instruct,Qwen2.5-72B-Instruct,0.374
abortion,purity,Llama-3.1-8B-Instruct,Qwen2.5-7B-Instruct,0.382
abortion,purity,Llama-3.2-1B-Instruct,Llama-3.2-3B-Instruct,0.397
abortion,purity,Llama-3.2-1B-Instruct,Qwen2.5-14B-Instruct,0.444
abortion,purity,Llama-3.2-1B-Instruct,Qwen2.5-72B-Instruct,0.436
abortion,purity,Llama-3.2-1B-Instruct,Qwen2.5-7B-Instruct,0.436
abortion,purity,Llama-3.2-3B-Instruct,Qwen2.5-14B-Instruct,0.37
abortion,purity,Llama-3.2-3B-Instruct,Qwen2.5-72B-Instruct,0.38
abortion,purity,Llama-3.2-3B-Instruct,Qwen2.5-7B-Instruct,0.364
abortion,purity,Qwen2.5-14B-Instruct,Qwen2.5-72B-Instruct,0.313
abortion,purity,Qwen2.5-14B-Instruct,Qwen2.5-7B-Instruct,0.347
abortion,purity,Qwen2.5-72B-Instruct,Qwen2.5-7B-Instruct,0.363
acceptance,authority,Apertus-8B-Instruct-2509,Llama-3.1-70B-Instruct,0.557
acceptance,authority,Apertus-8B-Instruct-2509,Llama-3.1-8B-Instruct,0.517
acceptance,authority,Apertus-8B-Instruct-2509,Llama-3.2-1B-Instruct,0.471
acceptance,authority,Apertus-8B-Instruct-2509,Llama-3.2-3B-Instruct,0.514
acceptance,authority,Apertus-8B-Instruct-2509,Qwen2.5-14B-Instruct,0.417
acceptance,authority,Apertus-8B-Instruct-2509,Qwen2.5-72B-Instruct,0.444
acceptance,authority,Apertus-8B-Instruct-2509,Qwen2.5-7B-Instruct,0.371
acceptance,authority,Llama-3.1-70B-Instruct,Llama-3.1-8B-Instruct,0.423
acceptance,authority,Llama-3.1-70B-Instruct,Llama-3.2-1B-Instruct,0.55
acceptance,authority,Llama-3.1-70B-Instruct,Llama-3.2-3B-Instruct,0.407
acceptance,authority,Llama-3.1-70B-Instruct,Qwen2.5-14B-Instruct,0.49
acceptance,authority,Llama-3.1-70B-Instruct,Qwen2.5-72B-Instruct,0.368
acceptance,authority,Llama-3.1-70B-Instruct,Qwen2.5-7B-Instruct,0.529
acceptance,authority,Llama-3.1-8B-Instruct,Llama-3.2-1B-Instruct,0.534
acceptance,authority,Llama-3.1-8B-Instruct,Llama-3.2-3B-Instruct,0.393
acceptance,authority,Llama-3.1-8B-Instruct,Qwen2.5-14B-Instruct,0.417
acceptance,authority,Llama-3.1-8B-Instruct,Qwen2.5-72B-Instruct,0.45
acceptance,authority,Llama-3.1-8B-Instruct,Qwen2.5-7B-Instruct,0.405
acceptance,authority,Llama-3.2-1B-Instruct,Llama-3.2-3B-Instruct,0.555
acceptance,authority,Llama-3.2-1B-Instruct,Qwen2.5-14B-Instruct,0.522
acceptance,authority,Llama-3.2-1B-Instruct,Qwen2.5-72B-Instruct,0.388
acceptance,authority,Llama-3.2-1B-Instruct,Qwen2.5-7B-Instruct,0.476
acceptance,authority,Llama-3.2-3B-Instruct,Qwen2.5-14B-Instruct,0.444
acceptance,authority,Llama-3.2-3B-Instruct,Qwen2.5-72B-Instruct,0.418
acceptance,authority,Llama-3.2-3B-Instruct,Qwen2.5-7B-Instruct,0.433
acceptance,authority,Qwen2.5-14B-Instruct,Qwen2.5-72B-Instruct,0.355
acceptance,authority,Qwen2.5-14B-Instruct,Qwen2.5-7B-Instruct,0.364
acceptance,authority,Qwen2.5-72B-Instruct,Qwen2.5-7B-Instruct,0.425
acceptance,base,Apertus-8B-Instruct-2509,Llama-3.1-70B-Instruct,0.358
acceptance,base,Apertus-8B-Instruct-2509,Llama-3.1-8B-Instruct,0.347
acceptance,base,Apertus-8B-Instruct-2509,Llama-3.2-1B-Instruct,0.391
acceptance,base,Apertus-8B-Instruct-2509,Llama-3.2-3B-Instruct,0.425
acceptance,base,Apertus-8B-Instruct-2509,Qwen2.5-14B-Instruct,0.352
acceptance,base,Apertus-8B-Instruct-2509,Qwen2.5-72B-Instruct,0.41
acceptance,base,Apertus-8B-Instruct-2509,Qwen2.5-7B-Instruct,0.296
acceptance,base,Llama-3.1-70B-Instruct,Llama-3.1-8B-Instruct,0.256
acceptance,base,Llama-3.1-70B-Instruct,Llama-3.2-1B-Instruct,0.418
acceptance,base,Llama-3.1-70B-Instruct,Llama-3.2-3B-Instruct,0.303
acceptance,base,Llama-3.1-70B-Instruct,Qwen2.5-14B-Instruct,0.377
acceptance,base,Llama-3.1-70B-Instruct,Qwen2.5-72B-Instruct,0.3
acceptance,base,Llama-3.1-70B-Instruct,Qwen2.5-7B-Instruct,0.284
acceptance,base,Llama-3.1-8B-Instruct,Llama-3.2-1B-Instruct,0.424
acceptance,base,Llama-3.1-8B-Instruct,Llama-3.2-3B-Instruct,0.345
acceptance,base,Llama-3.1-8B-Instruct,Qwen2.5-14B-Instruct,0.373
acceptance,base,Llama-3.1-8B-Instruct,Qwen2.5-72B-Instruct,0.371
acceptance,base,Llama-3.1-8B-Instruct,Qwen2.5-7B-Instruct,0.305
acceptance,base,Llama-3.2-1B-Instruct,Llama-3.2-3B-Instruct,0.489
acceptance,base,Llama-3.2-1B-Instruct,Qwen2.5-14B-Instruct,0.481
acceptance,base,Llama-3.2-1B-Instruct,Qwen2.5-72B-Instruct,0.344
acceptance,base,Llama-3.2-1B-Instruct,Qwen2.5-7B-Instruct,0.432
acceptance,base,Llama-3.2-3B-Instruct,Qwen2.5-14B-Instruct,0.44
acceptance,base,Llama-3.2-3B-Instruct,Qwen2.5-72B-Instruct,0.329
acceptance,base,Llama-3.2-3B-Instruct,Qwen2.5-7B-Instruct,0.359
acceptance,base,Qwen2.5-14B-Instruct,Qwen2.5-72B-Instruct,0.416
acceptance,base,Qwen2.5-14B-Instruct,Qwen2.5-7B-Instruct,0.281
acceptance,base,Qwen2.5-72B-Instruct,Qwen2.5-7B-Instruct,0.312
acceptance,care,Apertus-8B-Instruct-2509,Llama-3.1-70B-Instruct,0.321
acceptance,care,Apertus-8B-Instruct-2509,Llama-3.1-8B-Instruct,0.319
acceptance,care,Apertus-8B-Instruct-2509,Llama-3.2-1B-Instruct,0.338
acceptance,care,Apertus-8B-Instruct-2509,Llama-3.2-3B-Instruct,0.464
acceptance,care,Apertus-8B-Instruct-2509,Qwen2.5-14B-Instruct,0.33
acceptance,care,Apertus-8B-Instruct-2509,Qwen2.5-72B-Instruct,0.386
acceptance,care,Apertus-8B-Instruct-2509,Qwen2.5-7B-Instruct,0.381
acceptance,care,Llama-3.1-70B-Instruct,Llama-3.1-8B-Instruct,0.308
acceptance,care,Llama-3.1-70B-Instruct,Llama-3.2-1B-Instruct,0.383
acceptance,care,Llama-3.1-70B-Instruct,Llama-3.2-3B-Instruct,0.431
acceptance,care,Llama-3.1-70B-Instruct,Qwen2.5-14B-Instruct,0.337
acceptance,care,Llama-3.1-70B-Instruct,Qwen2.5-72B-Instruct,0.399
acceptance,care,Llama-3.1-70B-Instruct,Qwen2.5-7B-Instruct,0.357
acceptance,care,Llama-3.1-8B-Instruct,Llama-3.2-1B-Instruct,0.337
acceptance,care,Llama-3.1-8B-Instruct,Llama-3.2-3B-Instruct,0.456
acceptance,care,Llama-3.1-8B-Instruct,Qwen2.5-14B-Instruct,0.34
acceptance,care,Llama-3.1-8B-Instruct,Qwen2.5-72B-Instruct,0.396
acceptance,care,Llama-3.1-8B-Instruct,Qwen2.5-7B-Instruct,0.38
acceptance,care,Llama-3.2-1B-Instruct,Llama-3.2-3B-Instruct,0.343
acceptance,care,Llama-3.2-1B-Instruct,Qwen2.5-14B-Instruct,0.424
acceptance,care,Llama-3.2-1B-Instruct,Qwen2.5-72B-Instruct,0.442
acceptance,care,Llama-3.2-1B-Instruct,Qwen2.5-7B-Instruct,0.472
acceptance,care,Llama-3.2-3B-Instruct,Qwen2.5-14B-Instruct,0.439
acceptance,care,Llama-3.2-3B-Instruct,Qwen2.5-72B-Instruct,0.402
acceptance,care,Llama-3.2-3B-Instruct,Qwen2.5-7B-Instruct,0.384
acceptance,care,Qwen2.5-14B-Instruct,Qwen2.5-72B-Instruct,0.359
acceptance,care,Qwen2.5-14B-Instruct,Qwen2.5-7B-Instruct,0.383
acceptance,care,Qwen2.5-72B-Instruct,Qwen2.5-7B-Instruct,0.38
acceptance,equality,Apertus-8B-Instruct-2509,Llama-3.1-70B-Instruct,0.419
acceptance,equality,Apertus-8B-Instruct-2509,Llama-3.1-8B-Instruct,0.461
acceptance,equality,Apertus-8B-Instruct-2509,Llama-3.2-1B-Instruct,0.404
acceptance,equality,Apertus-8B-Instruct-2509,Llama-3.2-3B-Instruct,0.298
acceptance,equality,Apertus-8B-Instruct-2509,Qwen2.5-14B-Instruct,0.552
acceptance,equality,Apertus-8B-Instruct-2509,Qwen2.5-72B-Instruct,0.409
acceptance,equality,Apertus-8B-Instruct-2509,Qwen2.5-7B-Instruct,0.341
acceptance,equality,Llama-3.1-70B-Instruct,Llama-3.1-8B-Instruct,0.39
acceptance,equality,Llama-3.1-70B-Instruct,Llama-3.2-1B-Instruct,0.459
acceptance,equality,Llama-3.1-70B-Instruct,Llama-3.2-3B-Instruct,0.363
acceptance,equality,Llama-3.1-70B-Instruct,Qwen2.5-14B-Instruct,0.501
acceptance,equality,Llama-3.1-70B-Instruct,Qwen2.5-72B-Instruct,0.327
acceptance,equality,Llama-3.1-70B-Instruct,Qwen2.5-7B-Instruct,0.468
acceptance,equality,Llama-3.1-8B-Instruct,Llama-3.2-1B-Instruct,0.359
acceptance,equality,Llama-3.1-8B-Instruct,Llama-3.2-3B-Instruct,0.41
acceptance,equality,Llama-3.1-8B-Instruct,Qwen2.5-14B-Instruct,0.56
acceptance,equality,Llama-3.1-8B-Instruct,Qwen2.5-72B-Instruct,0.389
acceptance,equality,Llama-3.1-8B-Instruct,Qwen2.5-7B-Instruct,0.505
acceptance,equality,Llama-3.2-1B-Instruct,Llama-3.2-3B-Instruct,0.353
acceptance,equality,Llama-3.2-1B-Instruct,Qwen2.5-14B-Instruct,0.613
acceptance,equality,Llama-3.2-1B-Instruct,Qwen2.5-72B-Instruct,0.408
acceptance,equality,Llama-3.2-1B-Instruct,Qwen2.5-7B-Instruct,0.487
acceptance,equality,Llama-3.2-3B-Instruct,Qwen2.5-14B-Instruct,0.52
acceptance,equality,Llama-3.2-3B-Instruct,Qwen2.5-72B-Instruct,0.372
acceptance,equality,Llama-3.2-3B-Instruct,Qwen2.5-7B-Instruct,0.417
acceptance,equality,Qwen2.5-14B-Instruct,Qwen2.5-72B-Instruct,0.423
acceptance,equality,Qwen2.5-14B-Instruct,Qwen2.5-7B-Instruct,0.504
acceptance,equality,Qwen2.5-72B-Instruct,Qwen2.5-7B-Instruct,0.38
acceptance,loyalty,Apertus-8B-Instruct-2509,Llama-3.1-70B-Instruct,0.46
acceptance,loyalty,Apertus-8B-Instruct-2509,Llama-3.1-8B-Instruct,0.4
acceptance,loyalty,Apertus-8B-Instruct-2509,Llama-3.2-1B-Instruct,0.341
acceptance,loyalty,Apertus-8B-Instruct-2509,Llama-3.2-3B-Instruct,0.446
acceptance,loyalty,Apertus-8B-Instruct-2509,Qwen2.5-14B-Instruct,0.537
acceptance,loyalty,Apertus-8B-Instruct-2509,Qwen2.5-72B-Instruct,0.426
acceptance,loyalty,Apertus-8B-Instruct-2509,Qwen2.5-7B-Instruct,0.367
acceptance,loyalty,Llama-3.1-70B-Instruct,Llama-3.1-8B-Instruct,0.424
acceptance,loyalty,Llama-3.1-70B-Instruct,Llama-3.2-1B-Instruct,0.472
acceptance,loyalty,Llama-3.1-70B-Instruct,Llama-3.2-3B-Instruct,0.365
acceptance,loyalty,Llama-3.1-70B-Instruct,Qwen2.5-14B-Instruct,0.471
acceptance,loyalty,Llama-3.1-70B-Instruct,Qwen2.5-72B-Instruct,0.357
acceptance,loyalty,Llama-3.1-70B-Instruct,Qwen2.5-7B-Instruct,0.496
acceptance,loyalty,Llama-3.1-8B-Instruct,Llama-3.2-1B-Instruct,0.333
acceptance,loyalty,Llama-3.1-8B-Instruct,Llama-3.2-3B-Instruct,0.367
acceptance,loyalty,Llama-3.1-8B-Instruct,Qwen2.5-14B-Instruct,0.455
acceptance,loyalty,Llama-3.1-8B-Instruct,Qwen2.5-72B-Instruct,0.414
acceptance,loyalty,Llama-3.1-8B-Instruct,Qwen2.5-7B-Instruct,0.406
acceptance,loyalty,Llama-3.2-1B-Instruct,Llama-3.2-3B-Instruct,0.412
acceptance,loyalty,Llama-3.2-1B-Instruct,Qwen2.5-14B-Instruct,0.508
acceptance,loyalty,Llama-3.2-1B-Instruct,Qwen2.5-72B-Instruct,0.386
acceptance,loyalty,Llama-3.2-1B-Instruct,Qwen2.5-7B-Instruct,0.392
acceptance,loyalty,Llama-3.2-3B-Instruct,Qwen2.5-14B-Instruct,0.513
acceptance,loyalty,Llama-3.2-3B-Instruct,Qwen2.5-72B-Instruct,0.384
acceptance,loyalty,Llama-3.2-3B-Instruct,Qwen2.5-7B-Instruct,0.425
acceptance,loyalty,Qwen2.5-14B-Instruct,Qwen2.5-72B-Instruct,0.384
acceptance,loyalty,Qwen2.5-14B-Instruct,Qwen2.5-7B-Instruct,0.491
acceptance,loyalty,Qwen2.5-72B-Instruct,Qwen2.5-7B-Instruct,0.387
acceptance,proportionality,Apertus-8B-Instruct-2509,Llama-3.1-70B-Instruct,0.407
acceptance,proportionality,Apertus-8B-Instruct-2509,Llama-3.1-8B-Instruct,0.502
acceptance,proportionality,Apertus-8B-Instruct-2509,Llama-3.2-1B-Instruct,0.327
acceptance,proportionality,Apertus-8B-Instruct-2509,Llama-3.2-3B-Instruct,0.353
acceptance,proportionality,Apertus-8B-Instruct-2509,Qwen2.5-14B-Instruct,0.411
acceptance,proportionality,Apertus-8B-Instruct-2509,Qwen2.5-72B-Instruct,0.377
acceptance,proportionality,Apertus-8B-Instruct-2509,Qwen2.5-7B-Instruct,0.352
acceptance,proportionality,Llama-3.1-70B-Instruct,Llama-3.1-8B-Instruct,0.359
acceptance,proportionality,Llama-3.1-70B-Instruct,Llama-3.2-1B-Instruct,0.415
acceptance,proportionality,Llama-3.1-70B-Instruct,Llama-3.2-3B-Instruct,0.457
acceptance,proportionality,Llama-3.1-70B-Instruct,Qwen2.5-14B-Instruct,0.371
acceptance,proportionality,Llama-3.1-70B-Instruct,Qwen2.5-72B-Instruct,0.33
acceptance,proportionality,Llama-3.1-70B-Instruct,Qwen2.5-7B-Instruct,0.431
acceptance,proportionality,Llama-3.1-8B-Instruct,Llama-3.2-1B-Instruct,0.499
acceptance,proportionality,Llama-3.1-8B-Instruct,Llama-3.2-3B-Instruct,0.496
acceptance,proportionality,Llama-3.1-8B-Instruct,Qwen2.5-14B-Instruct,0.452
acceptance,proportionality,Llama-3.1-8B-Instruct,Qwen2.5-72B-Instruct,0.439
acceptance,proportionality,Llama-3.1-8B-Instruct,Qwen2.5-7B-Instruct,0.52
acceptance,proportionality,Llama-3.2-1B-Instruct,Llama-3.2-3B-Instruct,0.328
acceptance,proportionality,Llama-3.2-1B-Instruct,Qwen2.5-14B-Instruct,0.416
acceptance,proportionality,Llama-3.2-1B-Instruct,Qwen2.5-72B-Instruct,0.402
acceptance,proportionality,Llama-3.2-1B-Instruct,Qwen2.5-7B-Instruct,0.33
acceptance,proportionality,Llama-3.2-3B-Instruct,Qwen2.5-14B-Instruct,0.434
acceptance,proportionality,Llama-3.2-3B-Instruct,Qwen2.5-72B-Instruct,0.428
acceptance,proportionality,Llama-3.2-3B-Instruct,Qwen2.5-7B-Instruct,0.427
acceptance,proportionality,Qwen2.5-14B-Instruct,Qwen2.5-72B-Instruct,0.371
acceptance,proportionality,Qwen2.5-14B-Instruct,Qwen2.5-7B-Instruct,0.416
acceptance,proportionality,Qwen2.5-72B-Instruct,Qwen2.5-7B-Instruct,0.388
acceptance,purity,Apertus-8B-Instruct-2509,Llama-3.1-70B-Instruct,0.474
acceptance,purity,Apertus-8B-Instruct-2509,Llama-3.1-8B-Instruct,0.428
acceptance,purity,Apertus-8B-Instruct-2509,Llama-3.2-1B-Instruct,0.473
acceptance,purity,Apertus-8B-Instruct-2509,Llama-3.2-3B-Instruct,0.422
acceptance,purity,Apertus-8B-Instruct-2509,Qwen2.5-14B-Instruct,0.48
acceptance,purity,Apertus-8B-Instruct-2509,Qwen2.5-72B-Instruct,0.444
acceptance,purity,Apertus-8B-Instruct-2509,Qwen2.5-7B-Instruct,0.445
acceptance,purity,Llama-3.1-70B-Instruct,Llama-3.1-8B-Instruct,0.388
acceptance,purity,Llama-3.1-70B-Instruct,Llama-3.2-1B-Instruct,0.46
acceptance,purity,Llama-3.1-70B-Instruct,Llama-3.2-3B-Instruct,0.406
acceptance,purity,Llama-3.1-70B-Instruct,Qwen2.5-14B-Instruct,0.39
acceptance,purity,Llama-3.1-70B-Instruct,Qwen2.5-72B-Instruct,0.469
acceptance,purity,Llama-3.1-70B-Instruct,Qwen2.5-7B-Instruct,0.479
acceptance,purity,Llama-3.1-8B-Instruct,Llama-3.2-1B-Instruct,0.436
acceptance,purity,Llama-3.1-8B-Instruct,Llama-3.2-3B-Instruct,0.388
acceptance,purity,Llama-3.1-8B-Instruct,Qwen2.5-14B-Instruct,0.434
acceptance,purity,Llama-3.1-8B-Instruct,Qwen2.5-72B-Instruct,0.489
acceptance,purity,Llama-3.1-8B-Instruct,Qwen2.5-7B-Instruct,0.477
acceptance,purity,Llama-3.2-1B-Instruct,Llama-3.2-3B-Instruct,0.449
acceptance,purity,Llama-3.2-1B-Instruct,Qwen2.5-14B-Instruct,0.532
acceptance,purity,Llama-3.2-1B-Instruct,Qwen2.5-72B-Instruct,0.555
acceptance,purity,Llama-3.2-1B-Instruct,Qwen2.5-7B-Instruct,0.547
acceptance,purity,Llama-3.2-3B-Instruct,Qwen2.5-14B-Instruct,0.435
acceptance,purity,Llama-3.2-3B-Instruct,Qwen2.5-72B-Instruct,0.438
acceptance,purity,Llama-3.2-3B-Instruct,Qwen2.5-7B-Instruct,0.442
acceptance,purity,Qwen2.5-14B-Instruct,Qwen2.5-72B-Instruct,0.504
acceptance,purity,Qwen2.5-14B-Instruct,Qwen2.5-7B-Instruct,0.424
acceptance,purity,Qwen2.5-72B-Instruct,Qwen2.5-7B-Instruct,0.42
affirmative-action,authority,Apertus-8B-Instruct-2509,Llama-3.1-70B-Instruct,0.434
affirmative-action,authority,Apertus-8B-Instruct-2509,Llama-3.1-8B-Instruct,0.393
affirmative-action,authority,Apertus-8B-Instruct-2509,Llama-3.2-1B-Instruct,0.53
affirmative-action,authority,Apertus-8B-Instruct-2509,Llama-3.2-3B-Instruct,0.382
affirmative-action,authority,Apertus-8B-Instruct-2509,Qwen2.5-14B-Instruct,0.461
affirmative-action,authority,Apertus-8B-Instruct-2509,Qwen2.5-72B-Instruct,0.407
affirmative-action,authority,Apertus-8B-Instruct-2509,Qwen2.5-7B-Instruct,0.415
affirmative-action,authority,Llama-3.1-70B-Instruct,Llama-3.1-8B-Instruct,0.402
affirmative-action,authority,Llama-3.1-70B-Instruct,Llama-3.2-1B-Instruct,0.532
affirmative-action,authority,Llama-3.1-70B-Instruct,Llama-3.2-3B-Instruct,0.35
affirmative-action,authority,Llama-3.1-70B-Instruct,Qwen2.5-14B-Instruct,0.483
affirmative-action,authority,Llama-3.1-70B-Instruct,Qwen2.5-72B-Instruct,0.41
affirmative-action,authority,Llama-3.1-70B-Instruct,Qwen2.5-7B-Instruct,0.455
affirmative-action,authority,Llama-3.1-8B-Instruct,Llama-3.2-1B-Instruct,0.47
affirmative-action,authority,Llama-3.1-8B-Instruct,Llama-3.2-3B-Instruct,0.375
affirmative-action,authority,Llama-3.1-8B-Instruct,Qwen2.5-14B-Instruct,0.434
affirmative-action,authority,Llama-3.1-8B-Instruct,Qwen2.5-72B-Instruct,0.461
affirmative-action,authority,Llama-3.1-8B-Instruct,Qwen2.5-7B-Instruct,0.456
affirmative-action,authority,Llama-3.2-1B-Instruct,Llama-3.2-3B-Instruct,0.529
affirmative-action,authority,Llama-3.2-1B-Instruct,Qwen2.5-14B-Instruct,0.579
affirmative-action,authority,Llama-3.2-1B-Instruct,Qwen2.5-72B-Instruct,0.518
affirmative-action,authority,Llama-3.2-1B-Instruct,Qwen2.5-7B-Instruct,0.458
affirmative-action,authority,Llama-3.2-3B-Instruct,Qwen2.5-14B-Instruct,0.479
affirmative-action,authority,Llama-3.2-3B-Instruct,Qwen2.5-72B-Instruct,0.412
affirmative-action,authority,Llama-3.2-3B-Instruct,Qwen2.5-7B-Instruct,0.438
affirmative-action,authority,Qwen2.5-14B-Instruct,Qwen2.5-72B-Instruct,0.425
affirmative-action,authority,Qwen2.5-14B-Instruct,Qwen2.5-7B-Instruct,0.401
affirmative-action,authority,Qwen2.5-72B-Instruct,Qwen2.5-7B-Instruct,0.417
affirmative-action,base,Apertus-8B-Instruct-2509,Llama-3.1-70B-Instruct,0.379
affirmative-action,base,Apertus-8B-Instruct-2509,Llama-3.1-8B-Instruct,0.43
affirmative-action,base,Apertus-8B-Instruct-2509,Llama-3.2-1B-Instruct,0.396
affirmative-action,base,Apertus-8B-Instruct-2509,Llama-3.2-3B-Instruct,0.443
affirmative-action,base,Apertus-8B-Instruct-2509,Qwen2.5-14B-Instruct,0.488
affirmative-action,base,Apertus-8B-Instruct-2509,Qwen2.5-72B-Instruct,0.39
affirmative-action,base,Apertus-8B-Instruct-2509,Qwen2.5-7B-Instruct,0.422
affirmative-action,base,Llama-3.1-70B-Instruct,Llama-3.1-8B-Instruct,0.33
affirmative-action,base,Llama-3.1-70B-Instruct,Llama-3.2-1B-Instruct,0.336
affirmative-action,base,Llama-3.1-70B-Instruct,Llama-3.2-3B-Instruct,0.299
affirmative-action,base,Llama-3.1-70B-Instruct,Qwen2.5-14B-Instruct,0.424
affirmative-action,base,Llama-3.1-70B-Instruct,Qwen2.5-72B-Instruct,0.375
affirmative-action,base,Llama-3.1-70B-Instruct,Qwen2.5-7B-Instruct,0.399
affirmative-action,base,Llama-3.1-8B-Instruct,Llama-3.2-1B-Instruct,0.404
affirmative-action,base,Llama-3.1-8B-Instruct,Llama-3.2-3B-Instruct,0.409
affirmative-action,base,Llama-3.1-8B-Instruct,Qwen2.5-14B-Instruct,0.392
affirmative-action,base,Llama-3.1-8B-Instruct,Qwen2.5-72B-Instruct,0.396
affirmative-action,base,Llama-3.1-8B-Instruct,Qwen2.5-7B-Instruct,0.429
affirmative-action,base,Llama-3.2-1B-Instruct,Llama-3.2-3B-Instruct,0.38
affirmative-action,base,Llama-3.2-1B-Instruct,Qwen2.5-14B-Instruct,0.457
affirmative-action,base,Llama-3.2-1B-Instruct,Qwen2.5-72B-Instruct,0.441
affirmative-action,base,Llama-3.2-1B-Instruct,Qwen2.5-7B-Instruct,0.463
affirmative-action,base,Llama-3.2-3B-Instruct,Qwen2.5-14B-Instruct,0.494
affirmative-action,base,Llama-3.2-3B-Instruct,Qwen2.5-72B-Instruct,0.442
affirmative-action,base,Llama-3.2-3B-Instruct,Qwen2.5-7B-Instruct,0.459
affirmative-action,base,Qwen2.5-14B-Instruct,Qwen2.5-72B-Instruct,0.403
affirmative-action,base,Qwen2.5-14B-Instruct,Qwen2.5-7B-Instruct,0.461
affirmative-action,base,Qwen2.5-72B-Instruct,Qwen2.5-7B-Instruct,0.336
affirmative-action,care,Apertus-8B-Instruct-2509,Llama-3.1-70B-Instruct,0.466
affirmative-action,care,Apertus-8B-Instruct-2509,Llama-3.1-8B-Instruct,0.437
affirmative-action,care,Apertus-8B-Instruct-2509,Llama-3.2-1B-Instruct,0.36
affirmative-action,care,Apertus-8B-Instruct-2509,Llama-3.2-3B-Instruct,0.444
affirmative-action,care,Apertus-8B-Instruct-2509,Qwen2.5-14B-Instruct,0.375
affirmative-action,care,Apertus-8B-Instruct-2509,Qwen2.5-72B-Instruct,0.416
affirmative-action,care,Apertus-8B-Instruct-2509,Qwen2.5-7B-Instruct,0.391
affirmative-action,care,Llama-3.1-70B-Instruct,Llama-3.1-8B-Instruct,0.381
affirmative-action,care,Llama-3.1-70B-Instruct,Llama-3.2-1B-Instruct,0.462
affirmative-action,care,Llama-3.1-70B-Instruct,Llama-3.2-3B-Instruct,0.401
affirmative-action,care,Llama-3.1-70B-Instruct,Qwen2.5-14B-Instruct,0.496
affirmative-action,care,Llama-3.1-70B-Instruct,Qwen2.5-72B-Instruct,0.436
affirmative-action,care,Llama-3.1-70B-Instruct,Qwen2.5-7B-Instruct,0.306
affirmative-action,care,Llama-3.1-8B-Instruct,Llama-3.2-1B-Instruct,0.437
affirmative-action,care,Llama-3.1-8B-Instruct,Llama-3.2-3B-Instruct,0.423
affirmative-action,care,Llama-3.1-8B-Instruct,Qwen2.5-14B-Instruct,0.473
affirmative-action,care,Llama-3.1-8B-Instruct,Qwen2.5-72B-Instruct,0.433
affirmative-action,care,Llama-3.1-8B-Instruct,Qwen2.5-7B-Instruct,0.404
affirmative-action,care,Llama-3.2-1B-Instruct,Llama-3.2-3B-Instruct,0.415
affirmative-action,care,Llama-3.2-1B-Instruct,Qwen2.5-14B-Instruct,0.45
affirmative-action,care,Llama-3.2-1B-Instruct,Qwen2.5-72B-Instruct,0.406
affirmative-action,care,Llama-3.2-1B-Instruct,Qwen2.5-7B-Instruct,0.39
affirmative-action,care,Llama-3.2-3B-Instruct,Qwen2.5-14B-Instruct,0.473
affirmative-action,care,Llama-3.2-3B-Instruct,Qwen2.5-72B-Instruct,0.417
affirmative-action,care,Llama-3.2-3B-Instruct,Qwen2.5-7B-Instruct,0.391
affirmative-action,care,Qwen2.5-14B-Instruct,Qwen2.5-72B-Instruct,0.329
affirmative-action,care,Qwen2.5-14B-Instruct,Qwen2.5-7B-Instruct,0.333
affirmative-action,care,Qwen2.5-72B-Instruct,Qwen2.5-7B-Instruct,0.419
affirmative-action,equality,Apertus-8B-Instruct-2509,Llama-3.1-70B-Instruct,0.518
affirmative-action,equality,Apertus-8B-Instruct-2509,Llama-3.1-8B-Instruct,0.61
affirmative-action,equality,Apertus-8B-Instruct-2509,Llama-3.2-1B-Instruct,0.466
affirmative-action,equality,Apertus-8B-Instruct-2509,Llama-3.2-3B-Instruct,0.483
affirmative-action,equality,Apertus-8B-Instruct-2509,Qwen2.5-14B-Instruct,0.578
affirmative-action,equality,Apertus-8B-Instruct-2509,Qwen2.5-72B-Instruct,0.51
affirmative-action,equality,Apertus-8B-Instruct-2509,Qwen2.5-7B-Instruct,0.418
affirmative-action,equality,Llama-3.1-70B-Instruct,Llama-3.1-8B-Instruct,0.459
affirmative-action,equality,Llama-3.1-70B-Instruct,Llama-3.2-1B-Instruct,0.516
affirmative-action,equality,Llama-3.1-70B-Instruct,Llama-3.2-3B-Instruct,0.339
affirmative-action,equality,Llama-3.1-70B-Instruct,Qwen2.5-14B-Instruct,0.433
affirmative-action,equality,Llama-3.1-70B-Instruct,Qwen2.5-72B-Instruct,0.438
affirmative-action,equality,Llama-3.1-70B-Instruct,Qwen2.5-7B-Instruct,0.517
affirmative-action,equality,Llama-3.1-8B-Instruct,Llama-3.2-1B-Instruct,0.576
affirmative-action,equality,Llama-3.1-8B-Instruct,Llama-3.2-3B-Instruct,0.51
affirmative-action,equality,Llama-3.1-8B-Instruct,Qwen2.5-14B-Instruct,0.535
affirmative-action,equality,Llama-3.1-8B-Instruct,Qwen2.5-72B-Instruct,0.518
affirmative-action,equality,Llama-3.1-8B-Instruct,Qwen2.5-7B-Instruct,0.586
affirmative-action,equality,Llama-3.2-1B-Instruct,Llama-3.2-3B-Instruct,0.401
affirmative-action,equality,Llama-3.2-1B-Instruct,Qwen2.5-14B-Instruct,0.557
affirmative-action,equality,Llama-3.2-1B-Instruct,Qwen2.5-72B-Instruct,0.461
affirmative-action,equality,Llama-3.2-1B-Instruct,Qwen2.5-7B-Instruct,0.4
affirmative-action,equality,Llama-3.2-3B-Instruct,Qwen2.5-14B-Instruct,0.476
affirmative-action,equality,Llama-3.2-3B-Instruct,Qwen2.5-72B-Instruct,0.403
affirmative-action,equality,Llama-3.2-3B-Instruct,Qwen2.5-7B-Instruct,0.455
affirmative-action,equality,Qwen2.5-14B-Instruct,Qwen2.5-72B-Instruct,0.44
affirmative-action,equality,Qwen2.5-14B-Instruct,Qwen2.5-7B-Instruct,0.554
affirmative-action,equality,Qwen2.5-72B-Instruct,Qwen2.5-7B-Instruct,0.514
affirmative-action,loyalty,Apertus-8B-Instruct-2509,Llama-3.1-70B-Instruct,0.463
affirmative-action,loyalty,Apertus-8B-Instruct-2509,Llama-3.1-8B-Instruct,0.542
affirmative-action,loyalty,Apertus-8B-Instruct-2509,Llama-3.2-1B-Instruct,0.484
affirmative-action,loyalty,Apertus-8B-Instruct-2509,Llama-3.2-3B-Instruct,0.463
affirmative-action,loyalty,Apertus-8B-Instruct-2509,Qwen2.5-14B-Instruct,0.485
affirmative-action,loyalty,Apertus-8B-Instruct-2509,Qwen2.5-72B-Instruct,0.453
affirmative-action,loyalty,Apertus-8B-Instruct-2509,Qwen2.5-7B-Instruct,0.48
affirmative-action,loyalty,Llama-3.1-70B-Instruct,Llama-3.1-8B-Instruct,0.382
affirmative-action,loyalty,Llama-3.1-70B-Instruct,Llama-3.2-1B-Instruct,0.518
affirmative-action,loyalty,Llama-3.1-70B-Instruct,Llama-3.2-3B-Instruct,0.375
affirmative-action,loyalty,Llama-3.1-70B-Instruct,Qwen2.5-14B-Instruct,0.436
affirmative-action,loyalty,Llama-3.1-70B-Instruct,Qwen2.5-72B-Instruct,0.391
affirmative-action,loyalty,Llama-3.1-70B-Instruct,Qwen2.5-7B-Instruct,0.536
affirmative-action,loyalty,Llama-3.1-8B-Instruct,Llama-3.2-1B-Instruct,0.57
affirmative-action,loyalty,Llama-3.1-8B-Instruct,Llama-3.2-3B-Instruct,0.349
affirmative-action,loyalty,Llama-3.1-8B-Instruct,Qwen2.5-14B-Instruct,0.474
affirmative-action,loyalty,Llama-3.1-8B-Instruct,Qwen2.5-72B-Instruct,0.465
affirmative-action,loyalty,Llama-3.1-8B-Instruct,Qwen2.5-7B-Instruct,0.591
affirmative-action,loyalty,Llama-3.2-1B-Instruct,Llama-3.2-3B-Instruct,0.533
affirmative-action,loyalty,Llama-3.2-1B-Instruct,Qwen2.5-14B-Instruct,0.546
affirmative-action,loyalty,Llama-3.2-1B-Instruct,Qwen2.5-72B-Instruct,0.501
affirmative-action,loyalty,Llama-3.2-1B-Instruct,Qwen2.5-7B-Instruct,0.483
affirmative-action,loyalty,Llama-3.2-3B-Instruct,Qwen2.5-14B-Instruct,0.405
affirmative-action,loyalty,Llama-3.2-3B-Instruct,Qwen2.5-72B-Instruct,0.397
affirmative-action,loyalty,Llama-3.2-3B-Instruct,Qwen2.5-7B-Instruct,0.505
affirmative-action,loyalty,Qwen2.5-14B-Instruct,Qwen2.5-72B-Instruct,0.451
affirmative-action,loyalty,Qwen2.5-14B-Instruct,Qwen2.5-7B-Instruct,0.555
affirmative-action,loyalty,Qwen2.5-72B-Instruct,Qwen2.5-7B-Instruct,0.464
affirmative-action,proportionality,Apertus-8B-Instruct-2509,Llama-3.1-70B-Instruct,0.51
affirmative-action,proportionality,Apertus-8B-Instruct-2509,Llama-3.1-8B-Instruct,0.516
affirmative-action,proportionality,Apertus-8B-Instruct-2509,Llama-3.2-1B-Instruct,0.41
affirmative-action,proportionality,Apertus-8B-Instruct-2509,Llama-3.2-3B-Instruct,0.416
affirmative-action,proportionality,Apertus-8B-Instruct-2509,Qwen2.5-14B-Instruct,0.522
affirmative-action,proportionality,Apertus-8B-Instruct-2509,Qwen2.5-72B-Instruct,0.693
affirmative-action,proportionality,Apertus-8B-Instruct-2509,Qwen2.5-7B-Instruct,0.416
affirmative-action,proportionality,Llama-3.1-70B-Instruct,Llama-3.1-8B-Instruct,0.443
affirmative-action,proportionality,Llama-3.1-70B-Instruct,Llama-3.2-1B-Instruct,0.549
affirmative-action,proportionality,Llama-3.1-70B-Instruct,Llama-3.2-3B-Instruct,0.457
affirmative-action,proportionality,Llama-3.1-70B-Instruct,Qwen2.5-14B-Instruct,0.415
affirmative-action,proportionality,Llama-3.1-70B-Instruct,Qwen2.5-72B-Instruct,0.693
affirmative-action,proportionality,Llama-3.1-70B-Instruct,Qwen2.5-7B-Instruct,0.483
affirmative-action,proportionality,Llama-3.1-8B-Instruct,Llama-3.2-1B-Instruct,0.535
affirmative-action,proportionality,Llama-3.1-8B-Instruct,Llama-3.2-3B-Instruct,0.446
affirmative-action,proportionality,Llama-3.1-8B-Instruct,Qwen2.5-14B-Instruct,0.435
affirmative-action,proportionality,Llama-3.1-8B-Instruct,Qwen2.5-72B-Instruct,0.693
affirmative-action,proportionality,Llama-3.1-8B-Instruct,Qwen2.5-7B-Instruct,0.524
affirmative-action,proportionality,Llama-3.2-1B-Instruct,Llama-3.2-3B-Instruct,0.484
affirmative-action,proportionality,Llama-3.2-1B-Instruct,Qwen2.5-14B-Instruct,0.61
affirmative-action,proportionality,Llama-3.2-1B-Instruct,Qwen2.5-72B-Instruct,0.693
affirmative-action,proportionality,Llama-3.2-1B-Instruct,Qwen2.5-7B-Instruct,0.445
affirmative-action,proportionality,Llama-3.2-3B-Instruct,Qwen2.5-14B-Instruct,0.47
affirmative-action,proportionality,Llama-3.2-3B-Instruct,Qwen2.5-72B-Instruct,0.693
affirmative-action,proportionality,Llama-3.2-3B-Instruct,Qwen2.5-7B-Instruct,0.424
affirmative-action,proportionality,Qwen2.5-14B-Instruct,Qwen2.5-72B-Instruct,0.693
affirmative-action,proportionality,Qwen2.5-14B-Instruct,Qwen2.5-7B-Instruct,0.466
affirmative-action,proportionality,Qwen2.5-72B-Instruct,Qwen2.5-7B-Instruct,0.693
affirmative-action,purity,Apertus-8B-Instruct-2509,Llama-3.1-70B-Instruct,0.483
affirmative-action,purity,Apertus-8B-Instruct-2509,Llama-3.1-8B-Instruct,0.501
affirmative-action,purity,Apertus-8B-Instruct-2509,Llama-3.2-1B-Instruct,0.554
affirmative-action,purity,Apertus-8B-Instruct-2509,Llama-3.2-3B-Instruct,0.516
affirmative-action,purity,Apertus-8B-Instruct-2509,Qwen2.5-14B-Instruct,0.473
affirmative-action,purity,Apertus-8B-Instruct-2509,Qwen2.5-72B-Instruct,0.52
affirmative-action,purity,Apertus-8B-Instruct-2509,Qwen2.5-7B-Instruct,0.451
affirmative-action,purity,Llama-3.1-70B-Instruct,Llama-3.1-8B-Instruct,0.356
affirmative-action,purity,Llama-3.1-70B-Instruct,Llama-3.2-1B-Instruct,0.584
affirmative-action,purity,Llama-3.1-70B-Instruct,Llama-3.2-3B-Instruct,0.486
affirmative-action,purity,Llama-3.1-70B-Instruct,Qwen2.5-14B-Instruct,0.439
affirmative-action,purity,Llama-3.1-70B-Instruct,Qwen2.5-72B-Instruct,0.493
affirmative-action,purity,Llama-3.1-70B-Instruct,Qwen2.5-7B-Instruct,0.429
affirmative-action,purity,Llama-3.1-8B-Instruct,Llama-3.2-1B-Instruct,0.514
affirmative-action,purity,Llama-3.1-8B-Instruct,Llama-3.2-3B-Instruct,0.529
affirmative-action,purity,Llama-3.1-8B-Instruct,Qwen2.5-14B-Instruct,0.489
affirmative-action,purity,Llama-3.1-8B-Instruct,Qwen2.5-72B-Instruct,0.513
affirmative-action,purity,Llama-3.1-8B-Instruct,Qwen2.5-7B-Instruct,0.484
affirmative-action,purity,Llama-3.2-1B-Instruct,Llama-3.2-3B-Instruct,0.538
affirmative-action,purity,Llama-3.2-1B-Instruct,Qwen2.5-14B-Instruct,0.582
affirmative-action,purity,Llama-3.2-1B-Instruct,Qwen2.5-72B-Instruct,0.56
affirmative-action,purity,Llama-3.2-1B-Instruct,Qwen2.5-7B-Instruct,0.542
affirmative-action,purity,Llama-3.2-3B-Instruct,Qwen2.5-14B-Instruct,0.481
affirmative-action,purity,Llama-3.2-3B-Instruct,Qwen2.5-72B-Instruct,0.548
affirmative-action,purity,Llama-3.2-3B-Instruct,Qwen2.5-7B-Instruct,0.487
affirmative-action,purity,Qwen2.5-14B-Instruct,Qwen2.5-72B-Instruct,0.497
affirmative-action,purity,Qwen2.5-14B-Instruct,Qwen2.5-7B-Instruct,0.459
affirmative-action,purity,Qwen2.5-72B-Instruct,Qwen2.5-7B-Instruct,0.503
american-israeli-relationship,authority,Apertus-8B-Instruct-2509,Llama-3.1-70B-Instruct,0.435
american-israeli-relationship,authority,Apertus-8B-Instruct-2509,Llama-3.1-8B-Instruct,0.392
american-israeli-relationship,authority,Apertus-8B-Instruct-2509,Llama-3.2-1B-Instruct,0.46
american-israeli-relationship,authority,Apertus-8B-Instruct-2509,Llama-3.2-3B-Instruct,0.396
american-israeli-relationship,authority,Apertus-8B-Instruct-2509,Qwen2.5-14B-Instruct,0.661
american-israeli-relationship,authority,Apertus-8B-Instruct-2509,Qwen2.5-72B-Instruct,0.412
american-israeli-relationship,authority,Apertus-8B-Instruct-2509,Qwen2.5-7B-Instruct,0.396
american-israeli-relationship,authority,Llama-3.1-70B-Instruct,Llama-3.1-8B-Instruct,0.354
american-israeli-relationship,authority,Llama-3.1-70B-Instruct,Llama-3.2-1B-Instruct,0.419
american-israeli-relationship,authority,Llama-3.1-70B-Instruct,Llama-3.2-3B-Instruct,0.388
american-israeli-relationship,authority,Llama-3.1-70B-Instruct,Qwen2.5-14B-Instruct,0.664
american-israeli-relationship,authority,Llama-3.1-70B-Instruct,Qwen2.5-72B-Instruct,0.433
american-israeli-relationship,authority,Llama-3.1-70B-Instruct,Qwen2.5-7B-Instruct,0.416
american-israeli-relationship,authority,Llama-3.1-8B-Instruct,Llama-3.2-1B-Instruct,0.396
american-israeli-relationship,authority,Llama-3.1-8B-Instruct,Llama-3.2-3B-Instruct,0.359
american-israeli-relationship,authority,Llama-3.1-8B-Instruct,Qwen2.5-14B-Instruct,0.656
american-israeli-relationship,authority,Llama-3.1-8B-Instruct,Qwen2.5-72B-Instruct,0.457
american-israeli-relationship,authority,Llama-3.1-8B-Instruct,Qwen2.5-7B-Instruct,0.376
american-israeli-relationship,authority,Llama-3.2-1B-Instruct,Llama-3.2-3B-Instruct,0.462
american-israeli-relationship,authority,Llama-3.2-1B-Instruct,Qwen2.5-14B-Instruct,0.673
american-israeli-relationship,authority,Llama-3.2-1B-Instruct,Qwen2.5-72B-Instruct,0.467
american-israeli-relationship,authority,Llama-3.2-1B-Instruct,Qwen2.5-7B-Instruct,0.457
american-israeli-relationship,authority,Llama-3.2-3B-Instruct,Qwen2.5-14B-Instruct,0.66
american-israeli-relationship,authority,Llama-3.2-3B-Instruct,Qwen2.5-72B-Instruct,0.462
american-israeli-relationship,authority,Llama-3.2-3B-Instruct,Qwen2.5-7B-Instruct,0.426
american-israeli-relationship,authority,Qwen2.5-14B-Instruct,Qwen2.5-72B-Instruct,0.67
american-israeli-relationship,authority,Qwen2.5-14B-Instruct,Qwen2.5-7B-Instruct,0.669
american-israeli-relationship,authority,Qwen2.5-72B-Instruct,Qwen2.5-7B-Instruct,0.401
american-israeli-relationship,base,Apertus-8B-Instruct-2509,Llama-3.1-70B-Instruct,0.413
american-israeli-relationship,base,Apertus-8B-Instruct-2509,Llama-3.1-8B-Instruct,0.458
american-israeli-relationship,base,Apertus-8B-Instruct-2509,Llama-3.2-1B-Instruct,0.452
american-israeli-relationship,base,Apertus-8B-Instruct-2509,Llama-3.2-3B-Instruct,0.453
american-israeli-relationship,base,Apertus-8B-Instruct-2509,Qwen2.5-14B-Instruct,0.44
american-israeli-relationship,base,Apertus-8B-Instruct-2509,Qwen2.5-72B-Instruct,0.462
american-israeli-relationship,base,Apertus-8B-Instruct-2509,Qwen2.5-7B-Instruct,0.427
american-israeli-relationship,base,Llama-3.1-70B-Instruct,Llama-3.1-8B-Instruct,0.285
american-israeli-relationship,base,Llama-3.1-70B-Instruct,Llama-3.2-1B-Instruct,0.4
american-israeli-relationship,base,Llama-3.1-70B-Instruct,Llama-3.2-3B-Instruct,0.304
american-israeli-relationship,base,Llama-3.1-70B-Instruct,Qwen2.5-14B-Instruct,0.425
american-israeli-relationship,base,Llama-3.1-70B-Instruct,Qwen2.5-72B-Instruct,0.448
american-israeli-relationship,base,Llama-3.1-70B-Instruct,Qwen2.5-7B-Instruct,0.41
american-israeli-relationship,base,Llama-3.1-8B-Instruct,Llama-3.2-1B-Instruct,0.422
american-israeli-relationship,base,Llama-3.1-8B-Instruct,Llama-3.2-3B-Instruct,0.292
american-israeli-relationship,base,Llama-3.1-8B-Instruct,Qwen2.5-14B-Instruct,0.428
american-israeli-relationship,base,Llama-3.1-8B-Instruct,Qwen2.5-72B-Instruct,0.44
american-israeli-relationship,base,Llama-3.1-8B-Instruct,Qwen2.5-7B-Instruct,0.414
american-israeli-relationship,base,Llama-3.2-1B-Instruct,Llama-3.2-3B-Instruct,0.431
american-israeli-relationship,base,Llama-3.2-1B-Instruct,Qwen2.5-14B-Instruct,0.469
american-israeli-relationship,base,Llama-3.2-1B-Instruct,Qwen2.5-72B-Instruct,0.52
american-israeli-relationship,base,Llama-3.2-1B-Instruct,Qwen2.5-7B-Instruct,0.493
american-israeli-relationship,base,Llama-3.2-3B-Instruct,Qwen2.5-14B-Instruct,0.5
american-israeli-relationship,base,Llama-3.2-3B-Instruct,Qwen2.5-72B-Instruct,0.456
american-israeli-relationship,base,Llama-3.2-3B-Instruct,Qwen2.5-7B-Instruct,0.394
american-israeli-relationship,base,Qwen2.5-14B-Instruct,Qwen2.5-72B-Instruct,0.38
american-israeli-relationship,base,Qwen2.5-14B-Instruct,Qwen2.5-7B-Instruct,0.412
american-israeli-relationship,base,Qwen2.5-72B-Instruct,Qwen2.5-7B-Instruct,0.43
american-israeli-relationship,care,Apertus-8B-Instruct-2509,Llama-3.1-70B-Instruct,0.38
american-israeli-relationship,care,Apertus-8B-Instruct-2509,Llama-3.1-8B-Instruct,0.332
american-israeli-relationship,care,Apertus-8B-Instruct-2509,Llama-3.2-1B-Instruct,0.469
american-israeli-relationship,care,Apertus-8B-Instruct-2509,Llama-3.2-3B-Instruct,0.401
american-israeli-relationship,care,Apertus-8B-Instruct-2509,Qwen2.5-14B-Instruct,0.421
american-israeli-relationship,care,Apertus-8B-Instruct-2509,Qwen2.5-72B-Instruct,0.439
american-israeli-relationship,care,Apertus-8B-Instruct-2509,Qwen2.5-7B-Instruct,0.47
american-israeli-relationship,care,Llama-3.1-70B-Instruct,Llama-3.1-8B-Instruct,0.361
american-israeli-relationship,care,Llama-3.1-70B-Instruct,Llama-3.2-1B-Instruct,0.398
american-israeli-relationship,care,Llama-3.1-70B-Instruct,Llama-3.2-3B-Instruct,0.4
american-israeli-relationship,care,Llama-3.1-70B-Instruct,Qwen2.5-14B-Instruct,0.378
american-israeli-relationship,care,Llama-3.1-70B-Instruct,Qwen2.5-72B-Instruct,0.415
american-israeli-relationship,care,Llama-3.1-70B-Instruct,Qwen2.5-7B-Instruct,0.465
american-israeli-relationship,care,Llama-3.1-8B-Instruct,Llama-3.2-1B-Instruct,0.36
american-israeli-relationship,care,Llama-3.1-8B-Instruct,Llama-3.2-3B-Instruct,0.383
american-israeli-relationship,care,Llama-3.1-8B-Instruct,Qwen2.5-14B-Instruct,0.474
american-israeli-relationship,care,Llama-3.1-8B-Instruct,Qwen2.5-72B-Instruct,0.505
american-israeli-relationship,care,Llama-3.1-8B-Instruct,Qwen2.5-7B-Instruct,0.515
american-israeli-relationship,care,Llama-3.2-1B-Instruct,Llama-3.2-3B-Instruct,0.403
american-israeli-relationship,care,Llama-3.2-1B-Instruct,Qwen2.5-14B-Instruct,0.499
american-israeli-relationship,care,Llama-3.2-1B-Instruct,Qwen2.5-72B-Instruct,0.504
american-israeli-relationship,care,Llama-3.2-1B-Instruct,Qwen2.5-7B-Instruct,0.516
american-israeli-relationship,care,Llama-3.2-3B-Instruct,Qwen2.5-14B-Instruct,0.473
american-israeli-relationship,care,Llama-3.2-3B-Instruct,Qwen2.5-72B-Instruct,0.413
american-israeli-relationship,care,Llama-3.2-3B-Instruct,Qwen2.5-7B-Instruct,0.495
american-israeli-relationship,care,Qwen2.5-14B-Instruct,Qwen2.5-72B-Instruct,0.406
american-israeli-relationship,care,Qwen2.5-14B-Instruct,Qwen2.5-7B-Instruct,0.483
american-israeli-relationship,care,Qwen2.5-72B-Instruct,Qwen2.5-7B-Instruct,0.431
american-israeli-relationship,equality,Apertus-8B-Instruct-2509,Llama-3.1-70B-Instruct,0.397
american-israeli-relationship,equality,Apertus-8B-Instruct-2509,Llama-3.1-8B-Instruct,0.406
american-israeli-relationship,equality,Apertus-8B-Instruct-2509,Llama-3.2-1B-Instruct,0.43
american-israeli-relationship,equality,Apertus-8B-Instruct-2509,Llama-3.2-3B-Instruct,0.466
american-israeli-relationship,equality,Apertus-8B-Instruct-2509,Qwen2.5-14B-Instruct,0.407
american-israeli-relationship,equality,Apertus-8B-Instruct-2509,Qwen2.5-72B-Instruct,0.693
american-israeli-relationship,equality,Apertus-8B-Instruct-2509,Qwen2.5-7B-Instruct,0.366
american-israeli-relationship,equality,Llama-3.1-70B-Instruct,Llama-3.1-8B-Instruct,0.364
american-israeli-relationship,equality,Llama-3.1-70B-Instruct,Llama-3.2-1B-Instruct,0.444
american-israeli-relationship,equality,Llama-3.1-70B-Instruct,Llama-3.2-3B-Instruct,0.37
american-israeli-relationship,equality,Llama-3.1-70B-Instruct,Qwen2.5-14B-Instruct,0.381
american-israeli-relationship,equality,Llama-3.1-70B-Instruct,Qwen2.5-72B-Instruct,0.693
american-israeli-relationship,equality,Llama-3.1-70B-Instruct,Qwen2.5-7B-Instruct,0.397
american-israeli-relationship,equality,Llama-3.1-8B-Instruct,Llama-3.2-1B-Instruct,0.367
american-israeli-relationship,equality,Llama-3.1-8B-Instruct,Llama-3.2-3B-Instruct,0.455
american-israeli-relationship,equality,Llama-3.1-8B-Instruct,Qwen2.5-14B-Instruct,0.421
american-israeli-relationship,equality,Llama-3.1-8B-Instruct,Qwen2.5-72B-Instruct,0.693
american-israeli-relationship,equality,Llama-3.1-8B-Instruct,Qwen2.5-7B-Instruct,0.455
american-israeli-relationship,equality,Llama-3.2-1B-Instruct,Llama-3.2-3B-Instruct,0.518
american-israeli-relationship,equality,Llama-3.2-1B-Instruct,Qwen2.5-14B-Instruct,0.461
american-israeli-relationship,equality,Llama-3.2-1B-Instruct,Qwen2.5-72B-Instruct,0.693
american-israeli-relationship,equality,Llama-3.2-1B-Instruct,Qwen2.5-7B-Instruct,0.486
american-israeli-relationship,equality,Llama-3.2-3B-Instruct,Qwen2.5-14B-Instruct,0.446
american-israeli-relationship,equality,Llama-3.2-3B-Instruct,Qwen2.5-72B-Instruct,0.693
american-israeli-relationship,equality,Llama-3.2-3B-Instruct,Qwen2.5-7B-Instruct,0.492
american-israeli-relationship,equality,Qwen2.5-14B-Instruct,Qwen2.5-72B-Instruct,0.693
american-israeli-relationship,equality,Qwen2.5-14B-Instruct,Qwen2.5-7B-Instruct,0.338
american-israeli-relationship,equality,Qwen2.5-72B-Instruct,Qwen2.5-7B-Instruct,0.693
american-israeli-relationship,loyalty,Apertus-8B-Instruct-2509,Llama-3.1-70B-Instruct,0.368
american-israeli-relationship,loyalty,Apertus-8B-Instruct-2509,Llama-3.1-8B-Instruct,0.363
american-israeli-relationship,loyalty,Apertus-8B-Instruct-2509,Llama-3.2-1B-Instruct,0.464
american-israeli-relationship,loyalty,Apertus-8B-Instruct-2509,Llama-3.2-3B-Instruct,0.384
american-israeli-relationship,loyalty,Apertus-8B-Instruct-2509,Qwen2.5-14B-Instruct,0.428
american-israeli-relationship,loyalty,Apertus-8B-Instruct-2509,Qwen2.5-72B-Instruct,0.423
american-israeli-relationship,loyalty,Apertus-8B-Instruct-2509,Qwen2.5-7B-Instruct,0.388
american-israeli-relationship,loyalty,Llama-3.1-70B-Instruct,Llama-3.1-8B-Instruct,0.29
american-israeli-relationship,loyalty,Llama-3.1-70B-Instruct,Llama-3.2-1B-Instruct,0.427
american-israeli-relationship,loyalty,Llama-3.1-70B-Instruct,Llama-3.2-3B-Instruct,0.369
american-israeli-relationship,loyalty,Llama-3.1-70B-Instruct,Qwen2.5-14B-Instruct,0.432
american-israeli-relationship,loyalty,Llama-3.1-70B-Instruct,Qwen2.5-72B-Instruct,0.402
american-israeli-relationship,loyalty,Llama-3.1-70B-Instruct,Qwen2.5-7B-Instruct,0.462
american-israeli-relationship,loyalty,Llama-3.1-8B-Instruct,Llama-3.2-1B-Instruct,0.375
american-israeli-relationship,loyalty,Llama-3.1-8B-Instruct,Llama-3.2-3B-Instruct,0.393
american-israeli-relationship,loyalty,Llama-3.1-8B-Instruct,Qwen2.5-14B-Instruct,0.457
american-israeli-relationship,loyalty,Llama-3.1-8B-Instruct,Qwen2.5-72B-Instruct,0.42
american-israeli-relationship,loyalty,Llama-3.1-8B-Instruct,Qwen2.5-7B-Instruct,0.411
american-israeli-relationship,loyalty,Llama-3.2-1B-Instruct,Llama-3.2-3B-Instruct,0.465
american-israeli-relationship,loyalty,Llama-3.2-1B-Instruct,Qwen2.5-14B-Instruct,0.476
american-israeli-relationship,loyalty,Llama-3.2-1B-Instruct,Qwen2.5-72B-Instruct,0.455
american-israeli-relationship,loyalty,Llama-3.2-1B-Instruct,Qwen2.5-7B-Instruct,0.427
american-israeli-relationship,loyalty,Llama-3.2-3B-Instruct,Qwen2.5-14B-Instruct,0.416
american-israeli-relationship,loyalty,Llama-3.2-3B-Instruct,Qwen2.5-72B-Instruct,0.446
american-israeli-relationship,loyalty,Llama-3.2-3B-Instruct,Qwen2.5-7B-Instruct,0.452
american-israeli-relationship,loyalty,Qwen2.5-14B-Instruct,Qwen2.5-72B-Instruct,0.344
american-israeli-relationship,loyalty,Qwen2.5-14B-Instruct,Qwen2.5-7B-Instruct,0.389
american-israeli-relationship,loyalty,Qwen2.5-72B-Instruct,Qwen2.5-7B-Instruct,0.384
american-israeli-relationship,proportionality,Apertus-8B-Instruct-2509,Llama-3.1-70B-Instruct,0.392
american-israeli-relationship,proportionality,Apertus-8B-Instruct-2509,Llama-3.1-8B-Instruct,0.468
american-israeli-relationship,proportionality,Apertus-8B-Instruct-2509,Llama-3.2-1B-Instruct,0.434
american-israeli-relationship,proportionality,Apertus-8B-Instruct-2509,Llama-3.2-3B-Instruct,0.424
american-israeli-relationship,proportionality,Apertus-8B-Instruct-2509,Qwen2.5-14B-Instruct,0.485
american-israeli-relationship,proportionality,Apertus-8B-Instruct-2509,Qwen2.5-72B-Instruct,0.693
american-israeli-relationship,proportionality,Apertus-8B-Instruct-2509,Qwen2.5-7B-Instruct,0.425
american-israeli-relationship,proportionality,Llama-3.1-70B-Instruct,Llama-3.1-8B-Instruct,0.37
american-israeli-relationship,proportionality,Llama-3.1-70B-Instruct,Llama-3.2-1B-Instruct,0.476
american-israeli-relationship,proportionality,Llama-3.1-70B-Instruct,Llama-3.2-3B-Instruct,0.344
american-israeli-relationship,proportionality,Llama-3.1-70B-Instruct,Qwen2.5-14B-Instruct,0.466
american-israeli-relationship,proportionality,Llama-3.1-70B-Instruct,Qwen2.5-72B-Instruct,0.693
american-israeli-relationship,proportionality,Llama-3.1-70B-Instruct,Qwen2.5-7B-Instruct,0.394
american-israeli-relationship,proportionality,Llama-3.1-8B-Instruct,Llama-3.2-1B-Instruct,0.495
american-israeli-relationship,proportionality,Llama-3.1-8B-Instruct,Llama-3.2-3B-Instruct,0.421
american-israeli-relationship,proportionality,Llama-3.1-8B-Instruct,Qwen2.5-14B-Instruct,0.503
american-israeli-relationship,proportionality,Llama-3.1-8B-Instruct,Qwen2.5-72B-Instruct,0.693
american-israeli-relationship,proportionality,Llama-3.1-8B-Instruct,Qwen2.5-7B-Instruct,0.433
american-israeli-relationship,proportionality,Llama-3.2-1B-Instruct,Llama-3.2-3B-Instruct,0.373
american-israeli-relationship,proportionality,Llama-3.2-1B-Instruct,Qwen2.5-14B-Instruct,0.51
american-israeli-relationship,proportionality,Llama-3.2-1B-Instruct,Qwen2.5-72B-Instruct,0.693
american-israeli-relationship,proportionality,Llama-3.2-1B-Instruct,Qwen2.5-7B-Instruct,0.467
american-israeli-relationship,proportionality,Llama-3.2-3B-Instruct,Qwen2.5-14B-Instruct,0.524
american-israeli-relationship,proportionality,Llama-3.2-3B-Instruct,Qwen2.5-72B-Instruct,0.693
american-israeli-relationship,proportionality,Llama-3.2-3B-Instruct,Qwen2.5-7B-Instruct,0.449
american-israeli-relationship,proportionality,Qwen2.5-14B-Instruct,Qwen2.5-72B-Instruct,0.693
american-israeli-relationship,proportionality,Qwen2.5-14B-Instruct,Qwen2.5-7B-Instruct,0.466
american-israeli-relationship,proportionality,Qwen2.5-72B-Instruct,Qwen2.5-7B-Instruct,0.693
american-israeli-relationship,purity,Apertus-8B-Instruct-2509,Llama-3.1-70B-Instruct,0.434
american-israeli-relationship,purity,Apertus-8B-Instruct-2509,Llama-3.1-8B-Instruct,0.4
american-israeli-relationship,purity,Apertus-8B-Instruct-2509,Llama-3.2-1B-Instruct,0.57
american-israeli-relationship,purity,Apertus-8B-Instruct-2509,Llama-3.2-3B-Instruct,0.409
american-israeli-relationship,purity,Apertus-8B-Instruct-2509,Qwen2.5-14B-Instruct,0.433
american-israeli-relationship,purity,Apertus-8B-Instruct-2509,Qwen2.5-72B-Instruct,0.422
american-israeli-relationship,purity,Apertus-8B-Instruct-2509,Qwen2.5-7B-Instruct,0.372
american-israeli-relationship,purity,Llama-3.1-70B-Instruct,Llama-3.1-8B-Instruct,0.374
american-israeli-relationship,purity,Llama-3.1-70B-Instruct,Llama-3.2-1B-Instruct,0.508
american-israeli-relationship,purity,Llama-3.1-70B-Instruct,Llama-3.2-3B-Instruct,0.371
american-israeli-relationship,purity,Llama-3.1-70B-Instruct,Qwen2.5-14B-Instruct,0.445
american-israeli-relationship,purity,Llama-3.1-70B-Instruct,Qwen2.5-72B-Instruct,0.437
american-israeli-relationship,purity,Llama-3.1-70B-Instruct,Qwen2.5-7B-Instruct,0.39
american-israeli-relationship,purity,Llama-3.1-8B-Instruct,Llama-3.2-1B-Instruct,0.567
american-israeli-relationship,purity,Llama-3.1-8B-Instruct,Llama-3.2-3B-Instruct,0.417
american-israeli-relationship,purity,Llama-3.1-8B-Instruct,Qwen2.5-14B-Instruct,0.439
american-israeli-relationship,purity,Llama-3.1-8B-Instruct,Qwen2.5-72B-Instruct,0.466
american-israeli-relationship,purity,Llama-3.1-8B-Instruct,Qwen2.5-7B-Instruct,0.466
american-israeli-relationship,purity,Llama-3.2-1B-Instruct,Llama-3.2-3B-Instruct,0.532
american-israeli-relationship,purity,Llama-3.2-1B-Instruct,Qwen2.5-14B-Instruct,0.594
american-israeli-relationship,purity,Llama-3.2-1B-Instruct,Qwen2.5-72B-Instruct,0.551
american-israeli-relationship,purity,Llama-3.2-1B-Instruct,Qwen2.5-7B-Instruct,0.552
american-israeli-relationship,purity,Llama-3.2-3B-Instruct,Qwen2.5-14B-Instruct,0.5
american-israeli-relationship,purity,Llama-3.2-3B-Instruct,Qwen2.5-72B-Instruct,0.444
american-israeli-relationship,purity,Llama-3.2-3B-Instruct,Qwen2.5-7B-Instruct,0.382
american-israeli-relationship,purity,Qwen2.5-14B-Instruct,Qwen2.5-72B-Instruct,0.448
american-israeli-relationship,purity,Qwen2.5-14B-Instruct,Qwen2.5-7B-Instruct,0.408
american-israeli-relationship,purity,Qwen2.5-72B-Instruct,Qwen2.5-7B-Instruct,0.361
anti-gay,authority,Apertus-8B-Instruct-2509,Llama-3.1-70B-Instruct,0.501
anti-gay,authority,Apertus-8B-Instruct-2509,Llama-3.1-8B-Instruct,0.516
anti-gay,authority,Apertus-8B-Instruct-2509,Llama-3.2-1B-Instruct,0.582
anti-gay,authority,Apertus-8B-Instruct-2509,Llama-3.2-3B-Instruct,0.538
anti-gay,authority,Apertus-8B-Instruct-2509,Qwen2.5-14B-Instruct,0.491
anti-gay,authority,Apertus-8B-Instruct-2509,Qwen2.5-72B-Instruct,0.693
anti-gay,authority,Apertus-8B-Instruct-2509,Qwen2.5-7B-Instruct,0.525
anti-gay,authority,Llama-3.1-70B-Instruct,Llama-3.1-8B-Instruct,0.308
anti-gay,authority,Llama-3.1-70B-Instruct,Llama-3.2-1B-Instruct,0.506
anti-gay,authority,Llama-3.1-70B-Instruct,Llama-3.2-3B-Instruct,0.378
anti-gay,authority,Llama-3.1-70B-Instruct,Qwen2.5-14B-Instruct,0.424
anti-gay,authority,Llama-3.1-70B-Instruct,Qwen2.5-72B-Instruct,0.693
anti-gay,authority,Llama-3.1-70B-Instruct,Qwen2.5-7B-Instruct,0.577
anti-gay,authority,Llama-3.1-8B-Instruct,Llama-3.2-1B-Instruct,0.483
anti-gay,authority,Llama-3.1-8B-Instruct,Llama-3.2-3B-Instruct,0.376
anti-gay,authority,Llama-3.1-8B-Instruct,Qwen2.5-14B-Instruct,0.44
anti-gay,authority,Llama-3.1-8B-Instruct,Qwen2.5-72B-Instruct,0.693
anti-gay,authority,Llama-3.1-8B-Instruct,Qwen2.5-7B-Instruct,0.583
anti-gay,authority,Llama-3.2-1B-Instruct,Llama-3.2-3B-Instruct,0.507
anti-gay,authority,Llama-3.2-1B-Instruct,Qwen2.5-14B-Instruct,0.522
anti-gay,authority,Llama-3.2-1B-Instruct,Qwen2.5-72B-Instruct,0.693
anti-gay,authority,Llama-3.2-1B-Instruct,Qwen2.5-7B-Instruct,0.556
anti-gay,authority,Llama-3.2-3B-Instruct,Qwen2.5-14B-Instruct,0.438
anti-gay,authority,Llama-3.2-3B-Instruct,Qwen2.5-72B-Instruct,0.693
anti-gay,authority,Llama-3.2-3B-Instruct,Qwen2.5-7B-Instruct,0.564
anti-gay,authority,Qwen2.5-14B-Instruct,Qwen2.5-72B-Instruct,0.693
anti-gay,authority,Qwen2.5-14B-Instruct,Qwen2.5-7B-Instruct,0.587
anti-gay,authority,Qwen2.5-72B-Instruct,Qwen2.5-7B-Instruct,0.693
anti-gay,base,Apertus-8B-Instruct-2509,Llama-3.1-70B-Instruct,0.436
anti-gay,base,Apertus-8B-Instruct-2509,Llama-3.1-8B-Instruct,0.383
anti-gay,base,Apertus-8B-Instruct-2509,Llama-3.2-1B-Instruct,0.527
anti-gay,base,Apertus-8B-Instruct-2509,Llama-3.2-3B-Instruct,0.478
anti-gay,base,Apertus-8B-Instruct-2509,Qwen2.5-14B-Instruct,0.377
anti-gay,base,Apertus-8B-Instruct-2509,Qwen2.5-72B-Instruct,0.366
anti-gay,base,Apertus-8B-Instruct-2509,Qwen2.5-7B-Instruct,0.693
anti-gay,base,Llama-3.1-70B-Instruct,Llama-3.1-8B-Instruct,0.406
anti-gay,base,Llama-3.1-70B-Instruct,Llama-3.2-1B-Instruct,0.498
anti-gay,base,Llama-3.1-70B-Instruct,Llama-3.2-3B-Instruct,0.415
anti-gay,base,Llama-3.1-70B-Instruct,Qwen2.5-14B-Instruct,0.421
anti-gay,base,Llama-3.1-70B-Instruct,Qwen2.5-72B-Instruct,0.436
anti-gay,base,Llama-3.1-70B-Instruct,Qwen2.5-7B-Instruct,0.678
anti-gay,base,Llama-3.1-8B-Instruct,Llama-3.2-1B-Instruct,0.419
anti-gay,base,Llama-3.1-8B-Instruct,Llama-3.2-3B-Instruct,0.403
anti-gay,base,Llama-3.1-8B-Instruct,Qwen2.5-14B-Instruct,0.402
anti-gay,base,Llama-3.1-8B-Instruct,Qwen2.5-72B-Instruct,0.472
anti-gay,base,Llama-3.1-8B-Instruct,Qwen2.5-7B-Instruct,0.678
anti-gay,base,Llama-3.2-1B-Instruct,Llama-3.2-3B-Instruct,0.47
anti-gay,base,Llama-3.2-1B-Instruct,Qwen2.5-14B-Instruct,0.533
anti-gay,base,Llama-3.2-1B-Instruct,Qwen2.5-72B-Instruct,0.561
anti-gay,base,Llama-3.2-1B-Instruct,Qwen2.5-7B-Instruct,0.678
anti-gay,base,Llama-3.2-3B-Instruct,Qwen2.5-14B-Instruct,0.401
anti-gay,base,Llama-3.2-3B-Instruct,Qwen2.5-72B-Instruct,0.473
anti-gay,base,Llama-3.2-3B-Instruct,Qwen2.5-7B-Instruct,0.693
anti-gay,base,Qwen2.5-14B-Instruct,Qwen2.5-72B-Instruct,0.353
anti-gay,base,Qwen2.5-14B-Instruct,Qwen2.5-7B-Instruct,0.675
anti-gay,base,Qwen2.5-72B-Instruct,Qwen2.5-7B-Instruct,0.656
anti-gay,care,Apertus-8B-Instruct-2509,Llama-3.1-70B-Instruct,0.49
anti-gay,care,Apertus-8B-Instruct-2509,Llama-3.1-8B-Instruct,0.53
anti-gay,care,Apertus-8B-Instruct-2509,Llama-3.2-1B-Instruct,0.522
anti-gay,care,Apertus-8B-Instruct-2509,Llama-3.2-3B-Instruct,0.477
anti-gay,care,Apertus-8B-Instruct-2509,Qwen2.5-14B-Instruct,0.457
anti-gay,care,Apertus-8B-Instruct-2509,Qwen2.5-72B-Instruct,0.441
anti-gay,care,Apertus-8B-Instruct-2509,Qwen2.5-7B-Instruct,0.693
anti-gay,care,Llama-3.1-70B-Instruct,Llama-3.1-8B-Instruct,0.344
anti-gay,care,Llama-3.1-70B-Instruct,Llama-3.2-1B-Instruct,0.49
anti-gay,care,Llama-3.1-70B-Instruct,Llama-3.2-3B-Instruct,0.348
anti-gay,care,Llama-3.1-70B-Instruct,Qwen2.5-14B-Instruct,0.495
anti-gay,care,Llama-3.1-70B-Instruct,Qwen2.5-72B-Instruct,0.471
anti-gay,care,Llama-3.1-70B-Instruct,Qwen2.5-7B-Instruct,0.693
anti-gay,care,Llama-3.1-8B-Instruct,Llama-3.2-1B-Instruct,0.474
anti-gay,care,Llama-3.1-8B-Instruct,Llama-3.2-3B-Instruct,0.264
anti-gay,care,Llama-3.1-8B-Instruct,Qwen2.5-14B-Instruct,0.53
anti-gay,care,Llama-3.1-8B-Instruct,Qwen2.5-72B-Instruct,0.529
anti-gay,care,Llama-3.1-8B-Instruct,Qwen2.5-7B-Instruct,0.693
anti-gay,care,Llama-3.2-1B-Instruct,Llama-3.2-3B-Instruct,0.491
anti-gay,care,Llama-3.2-1B-Instruct,Qwen2.5-14B-Instruct,0.566
anti-gay,care,Llama-3.2-1B-Instruct,Qwen2.5-72B-Instruct,0.552
anti-gay,care,Llama-3.2-1B-Instruct,Qwen2.5-7B-Instruct,0.693
anti-gay,care,Llama-3.2-3B-Instruct,Qwen2.5-14B-Instruct,0.485
anti-gay,care,Llama-3.2-3B-Instruct,Qwen2.5-72B-Instruct,0.478
anti-gay,care,Llama-3.2-3B-Instruct,Qwen2.5-7B-Instruct,0.693
anti-gay,care,Qwen2.5-14B-Instruct,Qwen2.5-72B-Instruct,0.389
anti-gay,care,Qwen2.5-14B-Instruct,Qwen2.5-7B-Instruct,0.693
anti-gay,care,Qwen2.5-72B-Instruct,Qwen2.5-7B-Instruct,0.693
anti-gay,equality,Apertus-8B-Instruct-2509,Llama-3.1-70B-Instruct,0.516
anti-gay,equality,Apertus-8B-Instruct-2509,Llama-3.1-8B-Instruct,0.602
anti-gay,equality,Apertus-8B-Instruct-2509,Llama-3.2-1B-Instruct,0.525
anti-gay,equality,Apertus-8B-Instruct-2509,Llama-3.2-3B-Instruct,0.586
anti-gay,equality,Apertus-8B-Instruct-2509,Qwen2.5-14B-Instruct,0.559
anti-gay,equality,Apertus-8B-Instruct-2509,Qwen2.5-72B-Instruct,0.556
anti-gay,equality,Apertus-8B-Instruct-2509,Qwen2.5-7B-Instruct,0.49
anti-gay,equality,Llama-3.1-70B-Instruct,Llama-3.1-8B-Instruct,0.409
anti-gay,equality,Llama-3.1-70B-Instruct,Llama-3.2-1B-Instruct,0.539
anti-gay,equality,Llama-3.1-70B-Instruct,Llama-3.2-3B-Instruct,0.466
anti-gay,equality,Llama-3.1-70B-Instruct,Qwen2.5-14B-Instruct,0.421
anti-gay,equality,Llama-3.1-70B-Instruct,Qwen2.5-72B-Instruct,0.493
anti-gay,equality,Llama-3.1-70B-Instruct,Qwen2.5-7B-Instruct,0.425
anti-gay,equality,Llama-3.1-8B-Instruct,Llama-3.2-1B-Instruct,0.573
anti-gay,equality,Llama-3.1-8B-Instruct,Llama-3.2-3B-Instruct,0.413
anti-gay,equality,Llama-3.1-8B-Instruct,Qwen2.5-14B-Instruct,0.438
anti-gay,equality,Llama-3.1-8B-Instruct,Qwen2.5-72B-Instruct,0.463
anti-gay,equality,Llama-3.1-8B-Instruct,Qwen2.5-7B-Instruct,0.479
anti-gay,equality,Llama-3.2-1B-Instruct,Llama-3.2-3B-Instruct,0.457
anti-gay,equality,Llama-3.2-1B-Instruct,Qwen2.5-14B-Instruct,0.505
anti-gay,equality,Llama-3.2-1B-Instruct,Qwen2.5-72B-Instruct,0.539
anti-gay,equality,Llama-3.2-1B-Instruct,Qwen2.5-7B-Instruct,0.499
anti-gay,equality,Llama-3.2-3B-Instruct,Qwen2.5-14B-Instruct,0.403
anti-gay,equality,Llama-3.2-3B-Instruct,Qwen2.5-72B-Instruct,0.487
anti-gay,equality,Llama-3.2-3B-Instruct,Qwen2.5-7B-Instruct,0.429
anti-gay,equality,Qwen2.5-14B-Instruct,Qwen2.5-72B-Instruct,0.45
anti-gay,equality,Qwen2.5-14B-Instruct,Qwen2.5-7B-Instruct,0.359
anti-gay,equality,Qwen2.5-72B-Instruct,Qwen2.5-7B-Instruct,0.465
anti-gay,loyalty,Apertus-8B-Instruct-2509,Llama-3.1-70B-Instruct,0.388
anti-gay,loyalty,Apertus-8B-Instruct-2509,Llama-3.1-8B-Instruct,0.48
anti-gay,loyalty,Apertus-8B-Instruct-2509,Llama-3.2-1B-Instruct,0.424
anti-gay,loyalty,Apertus-8B-Instruct-2509,Llama-3.2-3B-Instruct,0.479
anti-gay,loyalty,Apertus-8B-Instruct-2509,Qwen2.5-14B-Instruct,0.375
anti-gay,loyalty,Apertus-8B-Instruct-2509,Qwen2.5-72B-Instruct,0.693
anti-gay,loyalty,Apertus-8B-Instruct-2509,Qwen2.5-7B-Instruct,0.491
anti-gay,loyalty,Llama-3.1-70B-Instruct,Llama-3.1-8B-Instruct,0.33
anti-gay,loyalty,Llama-3.1-70B-Instruct,Llama-3.2-1B-Instruct,0.47
anti-gay,loyalty,Llama-3.1-70B-Instruct,Llama-3.2-3B-Instruct,0.405
anti-gay,loyalty,Llama-3.1-70B-Instruct,Qwen2.5-14B-Instruct,0.382
anti-gay,loyalty,Llama-3.1-70B-Instruct,Qwen2.5-72B-Instruct,0.693
anti-gay,loyalty,Llama-3.1-70B-Instruct,Qwen2.5-7B-Instruct,0.459
anti-gay,loyalty,Llama-3.1-8B-Instruct,Llama-3.2-1B-Instruct,0.532
anti-gay,loyalty,Llama-3.1-8B-Instruct,Llama-3.2-3B-Instruct,0.442
anti-gay,loyalty,Llama-3.1-8B-Instruct,Qwen2.5-14B-Instruct,0.455
anti-gay,loyalty,Llama-3.1-8B-Instruct,Qwen2.5-72B-Instruct,0.693
anti-gay,loyalty,Llama-3.1-8B-Instruct,Qwen2.5-7B-Instruct,0.485
anti-gay,loyalty,Llama-3.2-1B-Instruct,Llama-3.2-3B-Instruct,0.498
anti-gay,loyalty,Llama-3.2-1B-Instruct,Qwen2.5-14B-Instruct,0.498
anti-gay,loyalty,Llama-3.2-1B-Instruct,Qwen2.5-72B-Instruct,0.693
anti-gay,loyalty,Llama-3.2-1B-Instruct,Qwen2.5-7B-Instruct,0.516
anti-gay,loyalty,Llama-3.2-3B-Instruct,Qwen2.5-14B-Instruct,0.496
anti-gay,loyalty,Llama-3.2-3B-Instruct,Qwen2.5-72B-Instruct,0.693
anti-gay,loyalty,Llama-3.2-3B-Instruct,Qwen2.5-7B-Instruct,0.503
anti-gay,loyalty,Qwen2.5-14B-Instruct,Qwen2.5-72B-Instruct,0.693
anti-gay,loyalty,Qwen2.5-14B-Instruct,Qwen2.5-7B-Instruct,0.348
anti-gay,loyalty,Qwen2.5-72B-Instruct,Qwen2.5-7B-Instruct,0.693
anti-gay,proportionality,Apertus-8B-Instruct-2509,Llama-3.1-70B-Instruct,0.586
anti-gay,proportionality,Apertus-8B-Instruct-2509,Llama-3.1-8B-Instruct,0.605
anti-gay,proportionality,Apertus-8B-Instruct-2509,Llama-3.2-1B-Instruct,0.483
anti-gay,proportionality,Apertus-8B-Instruct-2509,Llama-3.2-3B-Instruct,0.547
anti-gay,proportionality,Apertus-8B-Instruct-2509,Qwen2.5-14B-Instruct,0.495
anti-gay,proportionality,Apertus-8B-Instruct-2509,Qwen2.5-72B-Instruct,0.491
anti-gay,proportionality,Apertus-8B-Instruct-2509,Qwen2.5-7B-Instruct,0.531
anti-gay,proportionality,Llama-3.1-70B-Instruct,Llama-3.1-8B-Instruct,0.351
anti-gay,proportionality,Llama-3.1-70B-Instruct,Llama-3.2-1B-Instruct,0.528
anti-gay,proportionality,Llama-3.1-70B-Instruct,Llama-3.2-3B-Instruct,0.37
anti-gay,proportionality,Llama-3.1-70B-Instruct,Qwen2.5-14B-Instruct,0.412
anti-gay,proportionality,Llama-3.1-70B-Instruct,Qwen2.5-72B-Instruct,0.447
anti-gay,proportionality,Llama-3.1-70B-Instruct,Qwen2.5-7B-Instruct,0.445
anti-gay,proportionality,Llama-3.1-8B-Instruct,Llama-3.2-1B-Instruct,0.545
anti-gay,proportionality,Llama-3.1-8B-Instruct,Llama-3.2-3B-Instruct,0.405
anti-gay,proportionality,Llama-3.1-8B-Instruct,Qwen2.5-14B-Instruct,0.488
anti-gay,proportionality,Llama-3.1-8B-Instruct,Qwen2.5-72B-Instruct,0.5
anti-gay,proportionality,Llama-3.1-8B-Instruct,Qwen2.5-7B-Instruct,0.512
anti-gay,proportionality,Llama-3.2-1B-Instruct,Llama-3.2-3B-Instruct,0.474
anti-gay,proportionality,Llama-3.2-1B-Instruct,Qwen2.5-14B-Instruct,0.46
anti-gay,proportionality,Llama-3.2-1B-Instruct,Qwen2.5-72B-Instruct,0.458
anti-gay,proportionality,Llama-3.2-1B-Instruct,Qwen2.5-7B-Instruct,0.513
anti-gay,proportionality,Llama-3.2-3B-Instruct,Qwen2.5-14B-Instruct,0.447
anti-gay,proportionality,Llama-3.2-3B-Instruct,Qwen2.5-72B-Instruct,0.443
anti-gay,proportionality,Llama-3.2-3B-Instruct,Qwen2.5-7B-Instruct,0.463
anti-gay,proportionality,Qwen2.5-14B-Instruct,Qwen2.5-72B-Instruct,0.415
anti-gay,proportionality,Qwen2.5-14B-Instruct,Qwen2.5-7B-Instruct,0.41
anti-gay,proportionality,Qwen2.5-72B-Instruct,Qwen2.5-7B-Instruct,0.492
anti-gay,purity,Apertus-8B-Instruct-2509,Llama-3.1-70B-Instruct,0.512
anti-gay,purity,Apertus-8B-Instruct-2509,Llama-3.1-8B-Instruct,0.558
anti-gay,purity,Apertus-8B-Instruct-2509,Llama-3.2-1B-Instruct,0.542
anti-gay,purity,Apertus-8B-Instruct-2509,Llama-3.2-3B-Instruct,0.508
anti-gay,purity,Apertus-8B-Instruct-2509,Qwen2.5-14B-Instruct,0.48
anti-gay,purity,Apertus-8B-Instruct-2509,Qwen2.5-72B-Instruct,0.393
anti-gay,purity,Apertus-8B-Instruct-2509,Qwen2.5-7B-Instruct,0.672
anti-gay,purity,Llama-3.1-70B-Instruct,Llama-3.1-8B-Instruct,0.44
anti-gay,purity,Llama-3.1-70B-Instruct,Llama-3.2-1B-Instruct,0.525
anti-gay,purity,Llama-3.1-70B-Instruct,Llama-3.2-3B-Instruct,0.441
anti-gay,purity,Llama-3.1-70B-Instruct,Qwen2.5-14B-Instruct,0.477
anti-gay,purity,Llama-3.1-70B-Instruct,Qwen2.5-72B-Instruct,0.496
anti-gay,purity,Llama-3.1-70B-Instruct,Qwen2.5-7B-Instruct,0.693
anti-gay,purity,Llama-3.1-8B-Instruct,Llama-3.2-1B-Instruct,0.516
anti-gay,purity,Llama-3.1-8B-Instruct,Llama-3.2-3B-Instruct,0.518
anti-gay,purity,Llama-3.1-8B-Instruct,Qwen2.5-14B-Instruct,0.496
anti-gay,purity,Llama-3.1-8B-Instruct,Qwen2.5-72B-Instruct,0.537
anti-gay,purity,Llama-3.1-8B-Instruct,Qwen2.5-7B-Instruct,0.677
anti-gay,purity,Llama-3.2-1B-Instruct,Llama-3.2-3B-Instruct,0.492
anti-gay,purity,Llama-3.2-1B-Instruct,Qwen2.5-14B-Instruct,0.537
anti-gay,purity,Llama-3.2-1B-Instruct,Qwen2.5-72B-Instruct,0.516
anti-gay,purity,Llama-3.2-1B-Instruct,Qwen2.5-7B-Instruct,0.693
anti-gay,purity,Llama-3.2-3B-Instruct,Qwen2.5-14B-Instruct,0.57
anti-gay,purity,Llama-3.2-3B-Instruct,Qwen2.5-72B-Instruct,0.468
anti-gay,purity,Llama-3.2-3B-Instruct,Qwen2.5-7B-Instruct,0.693
anti-gay,purity,Qwen2.5-14B-Instruct,Qwen2.5-72B-Instruct,0.488
anti-gay,purity,Qwen2.5-14B-Instruct,Qwen2.5-7B-Instruct,0.693
anti-gay,purity,Qwen2.5-72B-Instruct,Qwen2.5-7B-Instruct,0.659
anti-science,authority,Apertus-8B-Instruct-2509,Llama-3.1-70B-Instruct,0.551
anti-science,authority,Apertus-8B-Instruct-2509,Llama-3.1-8B-Instruct,0.486
anti-science,authority,Apertus-8B-Instruct-2509,Llama-3.2-1B-Instruct,0.559
anti-science,authority,Apertus-8B-Instruct-2509,Llama-3.2-3B-Instruct,0.532
anti-science,authority,Apertus-8B-Instruct-2509,Qwen2.5-14B-Instruct,0.481
anti-science,authority,Apertus-8B-Instruct-2509,Qwen2.5-72B-Instruct,0.476
anti-science,authority,Apertus-8B-Instruct-2509,Qwen2.5-7B-Instruct,0.392
anti-science,authority,Llama-3.1-70B-Instruct,Llama-3.1-8B-Instruct,0.501
anti-science,authority,Llama-3.1-70B-Instruct,Llama-3.2-1B-Instruct,0.509
anti-science,authority,Llama-3.1-70B-Instruct,Llama-3.2-3B-Instruct,0.49
anti-science,authority,Llama-3.1-70B-Instruct,Qwen2.5-14B-Instruct,0.528
anti-science,authority,Llama-3.1-70B-Instruct,Qwen2.5-72B-Instruct,0.518
anti-science,authority,Llama-3.1-70B-Instruct,Qwen2.5-7B-Instruct,0.55
anti-science,authority,Llama-3.1-8B-Instruct,Llama-3.2-1B-Instruct,0.492
anti-science,authority,Llama-3.1-8B-Instruct,Llama-3.2-3B-Instruct,0.509
anti-science,authority,Llama-3.1-8B-Instruct,Qwen2.5-14B-Instruct,0.418
anti-science,authority,Llama-3.1-8B-Instruct,Qwen2.5-72B-Instruct,0.48
anti-science,authority,Llama-3.1-8B-Instruct,Qwen2.5-7B-Instruct,0.439
anti-science,authority,Llama-3.2-1B-Instruct,Llama-3.2-3B-Instruct,0.463
anti-science,authority,Llama-3.2-1B-Instruct,Qwen2.5-14B-Instruct,0.521
anti-science,authority,Llama-3.2-1B-Instruct,Qwen2.5-72B-Instruct,0.52
anti-science,authority,Llama-3.2-1B-Instruct,Qwen2.5-7B-Instruct,0.537
anti-science,authority,Llama-3.2-3B-Instruct,Qwen2.5-14B-Instruct,0.498
anti-science,authority,Llama-3.2-3B-Instruct,Qwen2.5-72B-Instruct,0.516
anti-science,authority,Llama-3.2-3B-Instruct,Qwen2.5-7B-Instruct,0.555
anti-science,authority,Qwen2.5-14B-Instruct,Qwen2.5-72B-Instruct,0.359
anti-science,authority,Qwen2.5-14B-Instruct,Qwen2.5-7B-Instruct,0.433
anti-science,authority,Qwen2.5-72B-Instruct,Qwen2.5-7B-Instruct,0.496
anti-science,base,Apertus-8B-Instruct-2509,Llama-3.1-70B-Instruct,0.4
anti-science,base,Apertus-8B-Instruct-2509,Llama-3.1-8B-Instruct,0.354
anti-science,base,Apertus-8B-Instruct-2509,Llama-3.2-1B-Instruct,0.465
anti-science,base,Apertus-8B-Instruct-2509,Llama-3.2-3B-Instruct,0.433
anti-science,base,Apertus-8B-Instruct-2509,Qwen2.5-14B-Instruct,0.365
anti-science,base,Apertus-8B-Instruct-2509,Qwen2.5-72B-Instruct,0.324
anti-science,base,Apertus-8B-Instruct-2509,Qwen2.5-7B-Instruct,0.451
anti-science,base,Llama-3.1-70B-Instruct,Llama-3.1-8B-Instruct,0.359
anti-science,base,Llama-3.1-70B-Instruct,Llama-3.2-1B-Instruct,0.416
anti-science,base,Llama-3.1-70B-Instruct,Llama-3.2-3B-Instruct,0.308
anti-science,base,Llama-3.1-70B-Instruct,Qwen2.5-14B-Instruct,0.416
anti-science,base,Llama-3.1-70B-Instruct,Qwen2.5-72B-Instruct,0.366
anti-science,base,Llama-3.1-70B-Instruct,Qwen2.5-7B-Instruct,0.447
anti-science,base,Llama-3.1-8B-Instruct,Llama-3.2-1B-Instruct,0.434
anti-science,base,Llama-3.1-8B-Instruct,Llama-3.2-3B-Instruct,0.358
anti-science,base,Llama-3.1-8B-Instruct,Qwen2.5-14B-Instruct,0.389
anti-science,base,Llama-3.1-8B-Instruct,Qwen2.5-72B-Instruct,0.378
anti-science,base,Llama-3.1-8B-Instruct,Qwen2.5-7B-Instruct,0.488
anti-science,base,Llama-3.2-1B-Instruct,Llama-3.2-3B-Instruct,0.443
anti-science,base,Llama-3.2-1B-Instruct,Qwen2.5-14B-Instruct,0.453
anti-science,base,Llama-3.2-1B-Instruct,Qwen2.5-72B-Instruct,0.437
anti-science,base,Llama-3.2-1B-Instruct,Qwen2.5-7B-Instruct,0.431
anti-science,base,Llama-3.2-3B-Instruct,Qwen2.5-14B-Instruct,0.424
anti-science,base,Llama-3.2-3B-Instruct,Qwen2.5-72B-Instruct,0.443
anti-science,base,Llama-3.2-3B-Instruct,Qwen2.5-7B-Instruct,0.471
anti-science,base,Qwen2.5-14B-Instruct,Qwen2.5-72B-Instruct,0.393
anti-science,base,Qwen2.5-14B-Instruct,Qwen2.5-7B-Instruct,0.463
anti-science,base,Qwen2.5-72B-Instruct,Qwen2.5-7B-Instruct,0.411
anti-science,care,Apertus-8B-Instruct-2509,Llama-3.1-70B-Instruct,0.503
anti-science,care,Apertus-8B-Instruct-2509,Llama-3.1-8B-Instruct,0.49
anti-science,care,Apertus-8B-Instruct-2509,Llama-3.2-1B-Instruct,0.531
anti-science,care,Apertus-8B-Instruct-2509,Llama-3.2-3B-Instruct,0.496
anti-science,care,Apertus-8B-Instruct-2509,Qwen2.5-14B-Instruct,0.561
anti-science,care,Apertus-8B-Instruct-2509,Qwen2.5-72B-Instruct,0.446
anti-science,care,Apertus-8B-Instruct-2509,Qwen2.5-7B-Instruct,0.389
anti-science,care,Llama-3.1-70B-Instruct,Llama-3.1-8B-Instruct,0.358
anti-science,care,Llama-3.1-70B-Instruct,Llama-3.2-1B-Instruct,0.56
anti-science,care,Llama-3.1-70B-Instruct,Llama-3.2-3B-Instruct,0.47
anti-science,care,Llama-3.1-70B-Instruct,Qwen2.5-14B-Instruct,0.558
anti-science,care,Llama-3.1-70B-Instruct,Qwen2.5-72B-Instruct,0.435
anti-science,care,Llama-3.1-70B-Instruct,Qwen2.5-7B-Instruct,0.486
anti-science,care,Llama-3.1-8B-Instruct,Llama-3.2-1B-Instruct,0.56
anti-science,care,Llama-3.1-8B-Instruct,Llama-3.2-3B-Instruct,0.389
anti-science,care,Llama-3.1-8B-Instruct,Qwen2.5-14B-Instruct,0.531
anti-science,care,Llama-3.1-8B-Instruct,Qwen2.5-72B-Instruct,0.499
anti-science,care,Llama-3.1-8B-Instruct,Qwen2.5-7B-Instruct,0.523
anti-science,care,Llama-3.2-1B-Instruct,Llama-3.2-3B-Instruct,0.541
anti-science,care,Llama-3.2-1B-Instruct,Qwen2.5-14B-Instruct,0.573
anti-science,care,Llama-3.2-1B-Instruct,Qwen2.5-72B-Instruct,0.556
anti-science,care,Llama-3.2-1B-Instruct,Qwen2.5-7B-Instruct,0.565
anti-science,care,Llama-3.2-3B-Instruct,Qwen2.5-14B-Instruct,0.543
anti-science,care,Llama-3.2-3B-Instruct,Qwen2.5-72B-Instruct,0.53
anti-science,care,Llama-3.2-3B-Instruct,Qwen2.5-7B-Instruct,0.551
anti-science,care,Qwen2.5-14B-Instruct,Qwen2.5-72B-Instruct,0.574
anti-science,care,Qwen2.5-14B-Instruct,Qwen2.5-7B-Instruct,0.601
anti-science,care,Qwen2.5-72B-Instruct,Qwen2.5-7B-Instruct,0.441
anti-science,equality,Apertus-8B-Instruct-2509,Llama-3.1-70B-Instruct,0.588
anti-science,equality,Apertus-8B-Instruct-2509,Llama-3.1-8B-Instruct,0.621
anti-science,equality,Apertus-8B-Instruct-2509,Llama-3.2-1B-Instruct,0.579
anti-science,equality,Apertus-8B-Instruct-2509,Llama-3.2-3B-Instruct,0.542
anti-science,equality,Apertus-8B-Instruct-2509,Qwen2.5-14B-Instruct,0.565
anti-science,equality,Apertus-8B-Instruct-2509,Qwen2.5-72B-Instruct,0.508
anti-science,equality,Apertus-8B-Instruct-2509,Qwen2.5-7B-Instruct,0.432
anti-science,equality,Llama-3.1-70B-Instruct,Llama-3.1-8B-Instruct,0.505
anti-science,equality,Llama-3.1-70B-Instruct,Llama-3.2-1B-Instruct,0.597
anti-science,equality,Llama-3.1-70B-Instruct,Llama-3.2-3B-Instruct,0.487
anti-science,equality,Llama-3.1-70B-Instruct,Qwen2.5-14B-Instruct,0.548
anti-science,equality,Llama-3.1-70B-Instruct,Qwen2.5-72B-Instruct,0.552
anti-science,equality,Llama-3.1-70B-Instruct,Qwen2.5-7B-Instruct,0.58
anti-science,equality,Llama-3.1-8B-Instruct,Llama-3.2-1B-Instruct,0.574
anti-science,equality,Llama-3.1-8B-Instruct,Llama-3.2-3B-Instruct,0.512
anti-science,equality,Llama-3.1-8B-Instruct,Qwen2.5-14B-Instruct,0.565
anti-science,equality,Llama-3.1-8B-Instruct,Qwen2.5-72B-Instruct,0.555
anti-science,equality,Llama-3.1-8B-Instruct,Qwen2.5-7B-Instruct,0.605
anti-science,equality,Llama-3.2-1B-Instruct,Llama-3.2-3B-Instruct,0.573
anti-science,equality,Llama-3.2-1B-Instruct,Qwen2.5-14B-Instruct,0.631
anti-science,equality,Llama-3.2-1B-Instruct,Qwen2.5-72B-Instruct,0.578
anti-science,equality,Llama-3.2-1B-Instruct,Qwen2.5-7B-Instruct,0.518
anti-science,equality,Llama-3.2-3B-Instruct,Qwen2.5-14B-Instruct,0.593
anti-science,equality,Llama-3.2-3B-Instruct,Qwen2.5-72B-Instruct,0.47
anti-science,equality,Llama-3.2-3B-Instruct,Qwen2.5-7B-Instruct,0.519
anti-science,equality,Qwen2.5-14B-Instruct,Qwen2.5-72B-Instruct,0.56
anti-science,equality,Qwen2.5-14B-Instruct,Qwen2.5-7B-Instruct,0.628
anti-science,equality,Qwen2.5-72B-Instruct,Qwen2.5-7B-Instruct,0.418
anti-science,loyalty,Apertus-8B-Instruct-2509,Llama-3.1-70B-Instruct,0.605
anti-science,loyalty,Apertus-8B-Instruct-2509,Llama-3.1-8B-Instruct,0.55
anti-science,loyalty,Apertus-8B-Instruct-2509,Llama-3.2-1B-Instruct,0.536
anti-science,loyalty,Apertus-8B-Instruct-2509,Llama-3.2-3B-Instruct,0.543
anti-science,loyalty,Apertus-8B-Instruct-2509,Qwen2.5-14B-Instruct,0.558
anti-science,loyalty,Apertus-8B-Instruct-2509,Qwen2.5-72B-Instruct,0.473
anti-science,loyalty,Apertus-8B-Instruct-2509,Qwen2.5-7B-Instruct,0.457
anti-science,loyalty,Llama-3.1-70B-Instruct,Llama-3.1-8B-Instruct,0.423
anti-science,loyalty,Llama-3.1-70B-Instruct,Llama-3.2-1B-Instruct,0.59
anti-science,loyalty,Llama-3.1-70B-Instruct,Llama-3.2-3B-Instruct,0.484
anti-science,loyalty,Llama-3.1-70B-Instruct,Qwen2.5-14B-Instruct,0.438
anti-science,loyalty,Llama-3.1-70B-Instruct,Qwen2.5-72B-Instruct,0.493
anti-science,loyalty,Llama-3.1-70B-Instruct,Qwen2.5-7B-Instruct,0.578
anti-science,loyalty,Llama-3.1-8B-Instruct,Llama-3.2-1B-Instruct,0.557
anti-science,loyalty,Llama-3.1-8B-Instruct,Llama-3.2-3B-Instruct,0.415
anti-science,loyalty,Llama-3.1-8B-Instruct,Qwen2.5-14B-Instruct,0.467
anti-science,loyalty,Llama-3.1-8B-Instruct,Qwen2.5-72B-Instruct,0.471
anti-science,loyalty,Llama-3.1-8B-Instruct,Qwen2.5-7B-Instruct,0.508
anti-science,loyalty,Llama-3.2-1B-Instruct,Llama-3.2-3B-Instruct,0.503
anti-science,loyalty,Llama-3.2-1B-Instruct,Qwen2.5-14B-Instruct,0.573
anti-science,loyalty,Llama-3.2-1B-Instruct,Qwen2.5-72B-Instruct,0.493
anti-science,loyalty,Llama-3.2-1B-Instruct,Qwen2.5-7B-Instruct,0.526
anti-science,loyalty,Llama-3.2-3B-Instruct,Qwen2.5-14B-Instruct,0.435
anti-science,loyalty,Llama-3.2-3B-Instruct,Qwen2.5-72B-Instruct,0.465
anti-science,loyalty,Llama-3.2-3B-Instruct,Qwen2.5-7B-Instruct,0.465
anti-science,loyalty,Qwen2.5-14B-Instruct,Qwen2.5-72B-Instruct,0.495
anti-science,loyalty,Qwen2.5-14B-Instruct,Qwen2.5-7B-Instruct,0.501
anti-science,loyalty,Qwen2.5-72B-Instruct,Qwen2.5-7B-Instruct,0.511
anti-science,proportionality,Apertus-8B-Instruct-2509,Llama-3.1-70B-Instruct,0.565
anti-science,proportionality,Apertus-8B-Instruct-2509,Llama-3.1-8B-Instruct,0.388
anti-science,proportionality,Apertus-8B-Instruct-2509,Llama-3.2-1B-Instruct,0.555
anti-science,proportionality,Apertus-8B-Instruct-2509,Llama-3.2-3B-Instruct,0.543
anti-science,proportionality,Apertus-8B-Instruct-2509,Qwen2.5-14B-Instruct,0.478
anti-science,proportionality,Apertus-8B-Instruct-2509,Qwen2.5-72B-Instruct,0.461
anti-science,proportionality,Apertus-8B-Instruct-2509,Qwen2.5-7B-Instruct,0.439
anti-science,proportionality,Llama-3.1-70B-Instruct,Llama-3.1-8B-Instruct,0.543
anti-science,proportionality,Llama-3.1-70B-Instruct,Llama-3.2-1B-Instruct,0.567
anti-science,proportionality,Llama-3.1-70B-Instruct,Llama-3.2-3B-Instruct,0.538
anti-science,proportionality,Llama-3.1-70B-Instruct,Qwen2.5-14B-Instruct,0.532
anti-science,proportionality,Llama-3.1-70B-Instruct,Qwen2.5-72B-Instruct,0.526
anti-science,proportionality,Llama-3.1-70B-Instruct,Qwen2.5-7B-Instruct,0.531
anti-science,proportionality,Llama-3.1-8B-Instruct,Llama-3.2-1B-Instruct,0.448
anti-science,proportionality,Llama-3.1-8B-Instruct,Llama-3.2-3B-Instruct,0.496
anti-science,proportionality,Llama-3.1-8B-Instruct,Qwen2.5-14B-Instruct,0.46
anti-science,proportionality,Llama-3.1-8B-Instruct,Qwen2.5-72B-Instruct,0.422
anti-science,proportionality,Llama-3.1-8B-Instruct,Qwen2.5-7B-Instruct,0.441
anti-science,proportionality,Llama-3.2-1B-Instruct,Llama-3.2-3B-Instruct,0.451
anti-science,proportionality,Llama-3.2-1B-Instruct,Qwen2.5-14B-Instruct,0.533
anti-science,proportionality,Llama-3.2-1B-Instruct,Qwen2.5-72B-Instruct,0.539
anti-science,proportionality,Llama-3.2-1B-Instruct,Qwen2.5-7B-Instruct,0.547
anti-science,proportionality,Llama-3.2-3B-Instruct,Qwen2.5-14B-Instruct,0.539
anti-science,proportionality,Llama-3.2-3B-Instruct,Qwen2.5-72B-Instruct,0.508
anti-science,proportionality,Llama-3.2-3B-Instruct,Qwen2.5-7B-Instruct,0.541
anti-science,proportionality,Qwen2.5-14B-Instruct,Qwen2.5-72B-Instruct,0.302
anti-science,proportionality,Qwen2.5-14B-Instruct,Qwen2.5-7B-Instruct,0.425
anti-science,proportionality,Qwen2.5-72B-Instruct,Qwen2.5-7B-Instruct,0.425
anti-science,purity,Apertus-8B-Instruct-2509,Llama-3.1-70B-Instruct,0.527
anti-science,purity,Apertus-8B-Instruct-2509,Llama-3.1-8B-Instruct,0.555
anti-science,purity,Apertus-8B-Instruct-2509,Llama-3.2-1B-Instruct,0.437
anti-science,purity,Apertus-8B-Instruct-2509,Llama-3.2-3B-Instruct,0.496
anti-science,purity,Apertus-8B-Instruct-2509,Qwen2.5-14B-Instruct,0.415
anti-science,purity,Apertus-8B-Instruct-2509,Qwen2.5-72B-Instruct,0.508
anti-science,purity,Apertus-8B-Instruct-2509,Qwen2.5-7B-Instruct,0.459
anti-science,purity,Llama-3.1-70B-Instruct,Llama-3.1-8B-Instruct,0.471
anti-science,purity,Llama-3.1-70B-Instruct,Llama-3.2-1B-Instruct,0.531
anti-science,purity,Llama-3.1-70B-Instruct,Llama-3.2-3B-Instruct,0.491
anti-science,purity,Llama-3.1-70B-Instruct,Qwen2.5-14B-Instruct,0.527
anti-science,purity,Llama-3.1-70B-Instruct,Qwen2.5-72B-Instruct,0.516
anti-science,purity,Llama-3.1-70B-Instruct,Qwen2.5-7B-Instruct,0.535
anti-science,purity,Llama-3.1-8B-Instruct,Llama-3.2-1B-Instruct,0.565
anti-science,purity,Llama-3.1-8B-Instruct,Llama-3.2-3B-Instruct,0.541
anti-science,purity,Llama-3.1-8B-Instruct,Qwen2.5-14B-Instruct,0.587
anti-science,purity,Llama-3.1-8B-Instruct,Qwen2.5-72B-Instruct,0.573
anti-science,purity,Llama-3.1-8B-Instruct,Qwen2.5-7B-Instruct,0.59
anti-science,purity,Llama-3.2-1B-Instruct,Llama-3.2-3B-Instruct,0.507
anti-science,purity,Llama-3.2-1B-Instruct,Qwen2.5-14B-Instruct,0.512
anti-science,purity,Llama-3.2-1B-Instruct,Qwen2.5-72B-Instruct,0.561
anti-science,purity,Llama-3.2-1B-Instruct,Qwen2.5-7B-Instruct,0.502
anti-science,purity,Llama-3.2-3B-Instruct,Qwen2.5-14B-Instruct,0.538
anti-science,purity,Llama-3.2-3B-Instruct,Qwen2.5-72B-Instruct,0.546
anti-science,purity,Llama-3.2-3B-Instruct,Qwen2.5-7B-Instruct,0.487
anti-science,purity,Qwen2.5-14B-Instruct,Qwen2.5-72B-Instruct,0.438
anti-science,purity,Qwen2.5-14B-Instruct,Qwen2.5-7B-Instruct,0.4
anti-science,purity,Qwen2.5-72B-Instruct,Qwen2.5-7B-Instruct,0.489
atheism-atheist,authority,Apertus-8B-Instruct-2509,Llama-3.1-70B-Instruct,0.354
atheism-atheist,authority,Apertus-8B-Instruct-2509,Llama-3.1-8B-Instruct,0.39
atheism-atheist,authority,Apertus-8B-Instruct-2509,Llama-3.2-1B-Instruct,0.511
atheism-atheist,authority,Apertus-8B-Instruct-2509,Llama-3.2-3B-Instruct,0.365
atheism-atheist,authority,Apertus-8B-Instruct-2509,Qwen2.5-14B-Instruct,0.469
atheism-atheist,authority,Apertus-8B-Instruct-2509,Qwen2.5-72B-Instruct,0.509
atheism-atheist,authority,Apertus-8B-Instruct-2509,Qwen2.5-7B-Instruct,0.418
atheism-atheist,authority,Llama-3.1-70B-Instruct,Llama-3.1-8B-Instruct,0.356
atheism-atheist,authority,Llama-3.1-70B-Instruct,Llama-3.2-1B-Instruct,0.517
atheism-atheist,authority,Llama-3.1-70B-Instruct,Llama-3.2-3B-Instruct,0.355
atheism-atheist,authority,Llama-3.1-70B-Instruct,Qwen2.5-14B-Instruct,0.38
atheism-atheist,authority,Llama-3.1-70B-Instruct,Qwen2.5-72B-Instruct,0.377
atheism-atheist,authority,Llama-3.1-70B-Instruct,Qwen2.5-7B-Instruct,0.408
atheism-atheist,authority,Llama-3.1-8B-Instruct,Llama-3.2-1B-Instruct,0.544
atheism-atheist,authority,Llama-3.1-8B-Instruct,Llama-3.2-3B-Instruct,0.4
atheism-atheist,authority,Llama-3.1-8B-Instruct,Qwen2.5-14B-Instruct,0.547
atheism-atheist,authority,Llama-3.1-8B-Instruct,Qwen2.5-72B-Instruct,0.504
atheism-atheist,authority,Llama-3.1-8B-Instruct,Qwen2.5-7B-Instruct,0.523
atheism-atheist,authority,Llama-3.2-1B-Instruct,Llama-3.2-3B-Instruct,0.513
atheism-atheist,authority,Llama-3.2-1B-Instruct,Qwen2.5-14B-Instruct,0.529
atheism-atheist,authority,Llama-3.2-1B-Instruct,Qwen2.5-72B-Instruct,0.557
atheism-atheist,authority,Llama-3.2-1B-Instruct,Qwen2.5-7B-Instruct,0.526
atheism-atheist,authority,Llama-3.2-3B-Instruct,Qwen2.5-14B-Instruct,0.476
atheism-atheist,authority,Llama-3.2-3B-Instruct,Qwen2.5-72B-Instruct,0.444
atheism-atheist,authority,Llama-3.2-3B-Instruct,Qwen2.5-7B-Instruct,0.476
atheism-atheist,authority,Qwen2.5-14B-Instruct,Qwen2.5-72B-Instruct,0.409
atheism-atheist,authority,Qwen2.5-14B-Instruct,Qwen2.5-7B-Instruct,0.361
atheism-atheist,authority,Qwen2.5-72B-Instruct,Qwen2.5-7B-Instruct,0.426
atheism-atheist,base,Apertus-8B-Instruct-2509,Llama-3.1-70B-Instruct,0.508
atheism-atheist,base,Apertus-8B-Instruct-2509,Llama-3.1-8B-Instruct,0.513
atheism-atheist,base,Apertus-8B-Instruct-2509,Llama-3.2-1B-Instruct,0.501
atheism-atheist,base,Apertus-8B-Instruct-2509,Llama-3.2-3B-Instruct,0.444
atheism-atheist,base,Apertus-8B-Instruct-2509,Qwen2.5-14B-Instruct,0.527
atheism-atheist,base,Apertus-8B-Instruct-2509,Qwen2.5-72B-Instruct,0.487
atheism-atheist,base,Apertus-8B-Instruct-2509,Qwen2.5-7B-Instruct,0.416
atheism-atheist,base,Llama-3.1-70B-Instruct,Llama-3.1-8B-Instruct,0.482
atheism-atheist,base,Llama-3.1-70B-Instruct,Llama-3.2-1B-Instruct,0.509
atheism-atheist,base,Llama-3.1-70B-Instruct,Llama-3.2-3B-Instruct,0.51
atheism-atheist,base,Llama-3.1-70B-Instruct,Qwen2.5-14B-Instruct,0.465
atheism-atheist,base,Llama-3.1-70B-Instruct,Qwen2.5-72B-Instruct,0.315
atheism-atheist,base,Llama-3.1-70B-Instruct,Qwen2.5-7B-Instruct,0.437
atheism-atheist,base,Llama-3.1-8B-Instruct,Llama-3.2-1B-Instruct,0.423
atheism-atheist,base,Llama-3.1-8B-Instruct,Llama-3.2-3B-Instruct,0.416
atheism-atheist,base,Llama-3.1-8B-Instruct,Qwen2.5-14B-Instruct,0.516
atheism-atheist,base,Llama-3.1-8B-Instruct,Qwen2.5-72B-Instruct,0.423
atheism-atheist,base,Llama-3.1-8B-Instruct,Qwen2.5-7B-Instruct,0.511
atheism-atheist,base,Llama-3.2-1B-Instruct,Llama-3.2-3B-Instruct,0.433
atheism-atheist,base,Llama-3.2-1B-Instruct,Qwen2.5-14B-Instruct,0.501
atheism-atheist,base,Llama-3.2-1B-Instruct,Qwen2.5-72B-Instruct,0.397
atheism-atheist,base,Llama-3.2-1B-Instruct,Qwen2.5-7B-Instruct,0.492
atheism-atheist,base,Llama-3.2-3B-Instruct,Qwen2.5-14B-Instruct,0.49
atheism-atheist,base,Llama-3.2-3B-Instruct,Qwen2.5-72B-Instruct,0.397
atheism-atheist,base,Llama-3.2-3B-Instruct,Qwen2.5-7B-Instruct,0.509
atheism-atheist,base,Qwen2.5-14B-Instruct,Qwen2.5-72B-Instruct,0.424
atheism-atheist,base,Qwen2.5-14B-Instruct,Qwen2.5-7B-Instruct,0.426
atheism-atheist,base,Qwen2.5-72B-Instruct,Qwen2.5-7B-Instruct,0.386
atheism-atheist,care,Apertus-8B-Instruct-2509,Llama-3.1-70B-Instruct,0.398
atheism-atheist,care,Apertus-8B-Instruct-2509,Llama-3.1-8B-Instruct,0.474
atheism-atheist,care,Apertus-8B-Instruct-2509,Llama-3.2-1B-Instruct,0.414
atheism-atheist,care,Apertus-8B-Instruct-2509,Llama-3.2-3B-Instruct,0.467
atheism-atheist,care,Apertus-8B-Instruct-2509,Qwen2.5-14B-Instruct,0.433
atheism-atheist,care,Apertus-8B-Instruct-2509,Qwen2.5-72B-Instruct,0.437
atheism-atheist,care,Apertus-8B-Instruct-2509,Qwen2.5-7B-Instruct,0.4
atheism-atheist,care,Llama-3.1-70B-Instruct,Llama-3.1-8B-Instruct,0.396
atheism-atheist,care,Llama-3.1-70B-Instruct,Llama-3.2-1B-Instruct,0.465
atheism-atheist,care,Llama-3.1-70B-Instruct,Llama-3.2-3B-Instruct,0.419
atheism-atheist,care,Llama-3.1-70B-Instruct,Qwen2.5-14B-Instruct,0.468
atheism-atheist,care,Llama-3.1-70B-Instruct,Qwen2.5-72B-Instruct,0.46
atheism-atheist,care,Llama-3.1-70B-Instruct,Qwen2.5-7B-Instruct,0.409
atheism-atheist,care,Llama-3.1-8B-Instruct,Llama-3.2-1B-Instruct,0.518
atheism-atheist,care,Llama-3.1-8B-Instruct,Llama-3.2-3B-Instruct,0.498
atheism-atheist,care,Llama-3.1-8B-Instruct,Qwen2.5-14B-Instruct,0.492
atheism-atheist,care,Llama-3.1-8B-Instruct,Qwen2.5-72B-Instruct,0.476
atheism-atheist,care,Llama-3.1-8B-Instruct,Qwen2.5-7B-Instruct,0.516
atheism-atheist,care,Llama-3.2-1B-Instruct,Llama-3.2-3B-Instruct,0.386
atheism-atheist,care,Llama-3.2-1B-Instruct,Qwen2.5-14B-Instruct,0.505
atheism-atheist,care,Llama-3.2-1B-Instruct,Qwen2.5-72B-Instruct,0.537
atheism-atheist,care,Llama-3.2-1B-Instruct,Qwen2.5-7B-Instruct,0.478
atheism-atheist,care,Llama-3.2-3B-Instruct,Qwen2.5-14B-Instruct,0.504
atheism-atheist,care,Llama-3.2-3B-Instruct,Qwen2.5-72B-Instruct,0.511
atheism-atheist,care,Llama-3.2-3B-Instruct,Qwen2.5-7B-Instruct,0.514
atheism-atheist,care,Qwen2.5-14B-Instruct,Qwen2.5-72B-Instruct,0.459
atheism-atheist,care,Qwen2.5-14B-Instruct,Qwen2.5-7B-Instruct,0.444
atheism-atheist,care,Qwen2.5-72B-Instruct,Qwen2.5-7B-Instruct,0.459
atheism-atheist,equality,Apertus-8B-Instruct-2509,Llama-3.1-70B-Instruct,0.569
atheism-atheist,equality,Apertus-8B-Instruct-2509,Llama-3.1-8B-Instruct,0.597
atheism-atheist,equality,Apertus-8B-Instruct-2509,Llama-3.2-1B-Instruct,0.598
atheism-atheist,equality,Apertus-8B-Instruct-2509,Llama-3.2-3B-Instruct,0.603
atheism-atheist,equality,Apertus-8B-Instruct-2509,Qwen2.5-14B-Instruct,0.546
atheism-atheist,equality,Apertus-8B-Instruct-2509,Qwen2.5-72B-Instruct,0.517
atheism-atheist,equality,Apertus-8B-Instruct-2509,Qwen2.5-7B-Instruct,0.528
atheism-atheist,equality,Llama-3.1-70B-Instruct,Llama-3.1-8B-Instruct,0.428
atheism-atheist,equality,Llama-3.1-70B-Instruct,Llama-3.2-1B-Instruct,0.564
atheism-atheist,equality,Llama-3.1-70B-Instruct,Llama-3.2-3B-Instruct,0.445
atheism-atheist,equality,Llama-3.1-70B-Instruct,Qwen2.5-14B-Instruct,0.477
atheism-atheist,equality,Llama-3.1-70B-Instruct,Qwen2.5-72B-Instruct,0.461
atheism-atheist,equality,Llama-3.1-70B-Instruct,Qwen2.5-7B-Instruct,0.506
atheism-atheist,equality,Llama-3.1-8B-Instruct,Llama-3.2-1B-Instruct,0.588
atheism-atheist,equality,Llama-3.1-8B-Instruct,Llama-3.2-3B-Instruct,0.534
atheism-atheist,equality,Llama-3.1-8B-Instruct,Qwen2.5-14B-Instruct,0.52
atheism-atheist,equality,Llama-3.1-8B-Instruct,Qwen2.5-72B-Instruct,0.491
atheism-atheist,equality,Llama-3.1-8B-Instruct,Qwen2.5-7B-Instruct,0.552
atheism-atheist,equality,Llama-3.2-1B-Instruct,Llama-3.2-3B-Instruct,0.465
atheism-atheist,equality,Llama-3.2-1B-Instruct,Qwen2.5-14B-Instruct,0.562
atheism-atheist,equality,Llama-3.2-1B-Instruct,Qwen2.5-72B-Instruct,0.533
atheism-atheist,equality,Llama-3.2-1B-Instruct,Qwen2.5-7B-Instruct,0.554
atheism-atheist,equality,Llama-3.2-3B-Instruct,Qwen2.5-14B-Instruct,0.504
atheism-atheist,equality,Llama-3.2-3B-Instruct,Qwen2.5-72B-Instruct,0.478
atheism-atheist,equality,Llama-3.2-3B-Instruct,Qwen2.5-7B-Instruct,0.479
atheism-atheist,equality,Qwen2.5-14B-Instruct,Qwen2.5-72B-Instruct,0.42
atheism-atheist,equality,Qwen2.5-14B-Instruct,Qwen2.5-7B-Instruct,0.474
atheism-atheist,equality,Qwen2.5-72B-Instruct,Qwen2.5-7B-Instruct,0.457
atheism-atheist,loyalty,Apertus-8B-Instruct-2509,Llama-3.1-70B-Instruct,0.405
atheism-atheist,loyalty,Apertus-8B-Instruct-2509,Llama-3.1-8B-Instruct,0.463
atheism-atheist,loyalty,Apertus-8B-Instruct-2509,Llama-3.2-1B-Instruct,0.505
atheism-atheist,loyalty,Apertus-8B-Instruct-2509,Llama-3.2-3B-Instruct,0.444
atheism-atheist,loyalty,Apertus-8B-Instruct-2509,Qwen2.5-14B-Instruct,0.43
atheism-atheist,loyalty,Apertus-8B-Instruct-2509,Qwen2.5-72B-Instruct,0.484
atheism-atheist,loyalty,Apertus-8B-Instruct-2509,Qwen2.5-7B-Instruct,0.451
atheism-atheist,loyalty,Llama-3.1-70B-Instruct,Llama-3.1-8B-Instruct,0.316
atheism-atheist,loyalty,Llama-3.1-70B-Instruct,Llama-3.2-1B-Instruct,0.484
atheism-atheist,loyalty,Llama-3.1-70B-Instruct,Llama-3.2-3B-Instruct,0.451
atheism-atheist,loyalty,Llama-3.1-70B-Instruct,Qwen2.5-14B-Instruct,0.406
atheism-atheist,loyalty,Llama-3.1-70B-Instruct,Qwen2.5-72B-Instruct,0.468
atheism-atheist,loyalty,Llama-3.1-70B-Instruct,Qwen2.5-7B-Instruct,0.423
atheism-atheist,loyalty,Llama-3.1-8B-Instruct,Llama-3.2-1B-Instruct,0.506
atheism-atheist,loyalty,Llama-3.1-8B-Instruct,Llama-3.2-3B-Instruct,0.462
atheism-atheist,loyalty,Llama-3.1-8B-Instruct,Qwen2.5-14B-Instruct,0.445
atheism-atheist,loyalty,Llama-3.1-8B-Instruct,Qwen2.5-72B-Instruct,0.518
atheism-atheist,loyalty,Llama-3.1-8B-Instruct,Qwen2.5-7B-Instruct,0.42
atheism-atheist,loyalty,Llama-3.2-1B-Instruct,Llama-3.2-3B-Instruct,0.494
atheism-atheist,loyalty,Llama-3.2-1B-Instruct,Qwen2.5-14B-Instruct,0.525
atheism-atheist,loyalty,Llama-3.2-1B-Instruct,Qwen2.5-72B-Instruct,0.462
atheism-atheist,loyalty,Llama-3.2-1B-Instruct,Qwen2.5-7B-Instruct,0.526
atheism-atheist,loyalty,Llama-3.2-3B-Instruct,Qwen2.5-14B-Instruct,0.519
atheism-atheist,loyalty,Llama-3.2-3B-Instruct,Qwen2.5-72B-Instruct,0.513
atheism-atheist,loyalty,Llama-3.2-3B-Instruct,Qwen2.5-7B-Instruct,0.552
atheism-atheist,loyalty,Qwen2.5-14B-Instruct,Qwen2.5-72B-Instruct,0.36
atheism-atheist,loyalty,Qwen2.5-14B-Instruct,Qwen2.5-7B-Instruct,0.37
atheism-atheist,loyalty,Qwen2.5-72B-Instruct,Qwen2.5-7B-Instruct,0.421
atheism-atheist,proportionality,Apertus-8B-Instruct-2509,Llama-3.1-70B-Instruct,0.527
atheism-atheist,proportionality,Apertus-8B-Instruct-2509,Llama-3.1-8B-Instruct,0.529
atheism-atheist,proportionality,Apertus-8B-Instruct-2509,Llama-3.2-1B-Instruct,0.507
atheism-atheist,proportionality,Apertus-8B-Instruct-2509,Llama-3.2-3B-Instruct,0.519
atheism-atheist,proportionality,Apertus-8B-Instruct-2509,Qwen2.5-14B-Instruct,0.467
atheism-atheist,proportionality,Apertus-8B-Instruct-2509,Qwen2.5-72B-Instruct,0.434
atheism-atheist,proportionality,Apertus-8B-Instruct-2509,Qwen2.5-7B-Instruct,0.478
atheism-atheist,proportionality,Llama-3.1-70B-Instruct,Llama-3.1-8B-Instruct,0.39
atheism-atheist,proportionality,Llama-3.1-70B-Instruct,Llama-3.2-1B-Instruct,0.507
atheism-atheist,proportionality,Llama-3.1-70B-Instruct,Llama-3.2-3B-Instruct,0.375
atheism-atheist,proportionality,Llama-3.1-70B-Instruct,Qwen2.5-14B-Instruct,0.462
atheism-atheist,proportionality,Llama-3.1-70B-Instruct,Qwen2.5-72B-Instruct,0.381
atheism-atheist,proportionality,Llama-3.1-70B-Instruct,Qwen2.5-7B-Instruct,0.479
atheism-atheist,proportionality,Llama-3.1-8B-Instruct,Llama-3.2-1B-Instruct,0.506
atheism-atheist,proportionality,Llama-3.1-8B-Instruct,Llama-3.2-3B-Instruct,0.362
atheism-atheist,proportionality,Llama-3.1-8B-Instruct,Qwen2.5-14B-Instruct,0.489
atheism-atheist,proportionality,Llama-3.1-8B-Instruct,Qwen2.5-72B-Instruct,0.431
atheism-atheist,proportionality,Llama-3.1-8B-Instruct,Qwen2.5-7B-Instruct,0.517
atheism-atheist,proportionality,Llama-3.2-1B-Instruct,Llama-3.2-3B-Instruct,0.528
atheism-atheist,proportionality,Llama-3.2-1B-Instruct,Qwen2.5-14B-Instruct,0.523
atheism-atheist,proportionality,Llama-3.2-1B-Instruct,Qwen2.5-72B-Instruct,0.521
atheism-atheist,proportionality,Llama-3.2-1B-Instruct,Qwen2.5-7B-Instruct,0.499
atheism-atheist,proportionality,Llama-3.2-3B-Instruct,Qwen2.5-14B-Instruct,0.467
atheism-atheist,proportionality,Llama-3.2-3B-Instruct,Qwen2.5-72B-Instruct,0.337
atheism-atheist,proportionality,Llama-3.2-3B-Instruct,Qwen2.5-7B-Instruct,0.527
atheism-atheist,proportionality,Qwen2.5-14B-Instruct,Qwen2.5-72B-Instruct,0.371
atheism-atheist,proportionality,Qwen2.5-14B-Instruct,Qwen2.5-7B-Instruct,0.416
atheism-atheist,proportionality,Qwen2.5-72B-Instruct,Qwen2.5-7B-Instruct,0.457
atheism-atheist,purity,Apertus-8B-Instruct-2509,Llama-3.1-70B-Instruct,0.447
atheism-atheist,purity,Apertus-8B-Instruct-2509,Llama-3.1-8B-Instruct,0.488
atheism-atheist,purity,Apertus-8B-Instruct-2509,Llama-3.2-1B-Instruct,0.548
atheism-atheist,purity,Apertus-8B-Instruct-2509,Llama-3.2-3B-Instruct,0.527
atheism-atheist,purity,Apertus-8B-Instruct-2509,Qwen2.5-14B-Instruct,0.465
atheism-atheist,purity,Apertus-8B-Instruct-2509,Qwen2.5-72B-Instruct,0.514
atheism-atheist,purity,Apertus-8B-Instruct-2509,Qwen2.5-7B-Instruct,0.472
atheism-atheist,purity,Llama-3.1-70B-Instruct,Llama-3.1-8B-Instruct,0.334
atheism-atheist,purity,Llama-3.1-70B-Instruct,Llama-3.2-1B-Instruct,0.509
atheism-atheist,purity,Llama-3.1-70B-Instruct,Llama-3.2-3B-Instruct,0.435
atheism-atheist,purity,Llama-3.1-70B-Instruct,Qwen2.5-14B-Instruct,0.475
atheism-atheist,purity,Llama-3.1-70B-Instruct,Qwen2.5-72B-Instruct,0.463
atheism-atheist,purity,Llama-3.1-70B-Instruct,Qwen2.5-7B-Instruct,0.409
atheism-atheist,purity,Llama-3.1-8B-Instruct,Llama-3.2-1B-Instruct,0.55
atheism-atheist,purity,Llama-3.1-8B-Instruct,Llama-3.2-3B-Instruct,0.465
atheism-atheist,purity,Llama-3.1-8B-Instruct,Qwen2.5-14B-Instruct,0.464
atheism-atheist,purity,Llama-3.1-8B-Instruct,Qwen2.5-72B-Instruct,0.52
atheism-atheist,purity,Llama-3.1-8B-Instruct,Qwen2.5-7B-Instruct,0.469
atheism-atheist,purity,Llama-3.2-1B-Instruct,Llama-3.2-3B-Instruct,0.536
atheism-atheist,purity,Llama-3.2-1B-Instruct,Qwen2.5-14B-Instruct,0.561
atheism-atheist,purity,Llama-3.2-1B-Instruct,Qwen2.5-72B-Instruct,0.565
atheism-atheist,purity,Llama-3.2-1B-Instruct,Qwen2.5-7B-Instruct,0.553
atheism-atheist,purity,Llama-3.2-3B-Instruct,Qwen2.5-14B-Instruct,0.479
atheism-atheist,purity,Llama-3.2-3B-Instruct,Qwen2.5-72B-Instruct,0.401
atheism-atheist,purity,Llama-3.2-3B-Instruct,Qwen2.5-7B-Instruct,0.444
atheism-atheist,purity,Qwen2.5-14B-Instruct,Qwen2.5-72B-Instruct,0.39
atheism-atheist,purity,Qwen2.5-14B-Instruct,Qwen2.5-7B-Instruct,0.381
atheism-atheist,purity,Qwen2.5-72B-Instruct,Qwen2.5-7B-Instruct,0.398
biblical,authority,Apertus-8B-Instruct-2509,Llama-3.1-70B-Instruct,0.473
biblical,authority,Apertus-8B-Instruct-2509,Llama-3.1-8B-Instruct,0.406
biblical,authority,Apertus-8B-Instruct-2509,Llama-3.2-1B-Instruct,0.461
biblical,authority,Apertus-8B-Instruct-2509,Llama-3.2-3B-Instruct,0.42
biblical,authority,Apertus-8B-Instruct-2509,Qwen2.5-14B-Instruct,0.455
biblical,authority,Apertus-8B-Instruct-2509,Qwen2.5-72B-Instruct,0.517
biblical,authority,Apertus-8B-Instruct-2509,Qwen2.5-7B-Instruct,0.488
biblical,authority,Llama-3.1-70B-Instruct,Llama-3.1-8B-Instruct,0.404
biblical,authority,Llama-3.1-70B-Instruct,Llama-3.2-1B-Instruct,0.493
biblical,authority,Llama-3.1-70B-Instruct,Llama-3.2-3B-Instruct,0.425
biblical,authority,Llama-3.1-70B-Instruct,Qwen2.5-14B-Instruct,0.46
biblical,authority,Llama-3.1-70B-Instruct,Qwen2.5-72B-Instruct,0.477
biblical,authority,Llama-3.1-70B-Instruct,Qwen2.5-7B-Instruct,0.502
biblical,authority,Llama-3.1-8B-Instruct,Llama-3.2-1B-Instruct,0.519
biblical,authority,Llama-3.1-8B-Instruct,Llama-3.2-3B-Instruct,0.35
biblical,authority,Llama-3.1-8B-Instruct,Qwen2.5-14B-Instruct,0.414
biblical,authority,Llama-3.1-8B-Instruct,Qwen2.5-72B-Instruct,0.462
biblical,authority,Llama-3.1-8B-Instruct,Qwen2.5-7B-Instruct,0.44
biblical,authority,Llama-3.2-1B-Instruct,Llama-3.2-3B-Instruct,0.531
biblical,authority,Llama-3.2-1B-Instruct,Qwen2.5-14B-Instruct,0.479
biblical,authority,Llama-3.2-1B-Instruct,Qwen2.5-72B-Instruct,0.53
biblical,authority,Llama-3.2-1B-Instruct,Qwen2.5-7B-Instruct,0.53
biblical,authority,Llama-3.2-3B-Instruct,Qwen2.5-14B-Instruct,0.433
biblical,authority,Llama-3.2-3B-Instruct,Qwen2.5-72B-Instruct,0.483
biblical,authority,Llama-3.2-3B-Instruct,Qwen2.5-7B-Instruct,0.418
biblical,authority,Qwen2.5-14B-Instruct,Qwen2.5-72B-Instruct,0.371
biblical,authority,Qwen2.5-14B-Instruct,Qwen2.5-7B-Instruct,0.411
biblical,authority,Qwen2.5-72B-Instruct,Qwen2.5-7B-Instruct,0.429
biblical,base,Apertus-8B-Instruct-2509,Llama-3.1-70B-Instruct,0.46
biblical,base,Apertus-8B-Instruct-2509,Llama-3.1-8B-Instruct,0.444
biblical,base,Apertus-8B-Instruct-2509,Llama-3.2-1B-Instruct,0.551
biblical,base,Apertus-8B-Instruct-2509,Llama-3.2-3B-Instruct,0.522
biblical,base,Apertus-8B-Instruct-2509,Qwen2.5-14B-Instruct,0.445
biblical,base,Apertus-8B-Instruct-2509,Qwen2.5-72B-Instruct,0.405
biblical,base,Apertus-8B-Instruct-2509,Qwen2.5-7B-Instruct,0.46
biblical,base,Llama-3.1-70B-Instruct,Llama-3.1-8B-Instruct,0.364
biblical,base,Llama-3.1-70B-Instruct,Llama-3.2-1B-Instruct,0.436
biblical,base,Llama-3.1-70B-Instruct,Llama-3.2-3B-Instruct,0.406
biblical,base,Llama-3.1-70B-Instruct,Qwen2.5-14B-Instruct,0.439
biblical,base,Llama-3.1-70B-Instruct,Qwen2.5-72B-Instruct,0.396
biblical,base,Llama-3.1-70B-Instruct,Qwen2.5-7B-Instruct,0.435
biblical,base,Llama-3.1-8B-Instruct,Llama-3.2-1B-Instruct,0.45
biblical,base,Llama-3.1-8B-Instruct,Llama-3.2-3B-Instruct,0.42
biblical,base,Llama-3.1-8B-Instruct,Qwen2.5-14B-Instruct,0.521
biblical,base,Llama-3.1-8B-Instruct,Qwen2.5-72B-Instruct,0.441
biblical,base,Llama-3.1-8B-Instruct,Qwen2.5-7B-Instruct,0.495
biblical,base,Llama-3.2-1B-Instruct,Llama-3.2-3B-Instruct,0.523
biblical,base,Llama-3.2-1B-Instruct,Qwen2.5-14B-Instruct,0.532
biblical,base,Llama-3.2-1B-Instruct,Qwen2.5-72B-Instruct,0.504
biblical,base,Llama-3.2-1B-Instruct,Qwen2.5-7B-Instruct,0.525
biblical,base,Llama-3.2-3B-Instruct,Qwen2.5-14B-Instruct,0.475
biblical,base,Llama-3.2-3B-Instruct,Qwen2.5-72B-Instruct,0.429
biblical,base,Llama-3.2-3B-Instruct,Qwen2.5-7B-Instruct,0.48
biblical,base,Qwen2.5-14B-Instruct,Qwen2.5-72B-Instruct,0.389
biblical,base,Qwen2.5-14B-Instruct,Qwen2.5-7B-Instruct,0.291
biblical,base,Qwen2.5-72B-Instruct,Qwen2.5-7B-Instruct,0.406
biblical,care,Apertus-8B-Instruct-2509,Llama-3.1-70B-Instruct,0.33
biblical,care,Apertus-8B-Instruct-2509,Llama-3.1-8B-Instruct,0.487
biblical,care,Apertus-8B-Instruct-2509,Llama-3.2-1B-Instruct,0.466
biblical,care,Apertus-8B-Instruct-2509,Llama-3.2-3B-Instruct,0.378
biblical,care,Apertus-8B-Instruct-2509,Qwen2.5-14B-Instruct,0.401
biblical,care,Apertus-8B-Instruct-2509,Qwen2.5-72B-Instruct,0.444
biblical,care,Apertus-8B-Instruct-2509,Qwen2.5-7B-Instruct,0.43
biblical,care,Llama-3.1-70B-Instruct,Llama-3.1-8B-Instruct,0.387
biblical,care,Llama-3.1-70B-Instruct,Llama-3.2-1B-Instruct,0.389
biblical,care,Llama-3.1-70B-Instruct,Llama-3.2-3B-Instruct,0.334
biblical,care,Llama-3.1-70B-Instruct,Qwen2.5-14B-Instruct,0.345
biblical,care,Llama-3.1-70B-Instruct,Qwen2.5-72B-Instruct,0.464
biblical,care,Llama-3.1-70B-Instruct,Qwen2.5-7B-Instruct,0.426
biblical,care,Llama-3.1-8B-Instruct,Llama-3.2-1B-Instruct,0.421
biblical,care,Llama-3.1-8B-Instruct,Llama-3.2-3B-Instruct,0.458
biblical,care,Llama-3.1-8B-Instruct,Qwen2.5-14B-Instruct,0.523
biblical,care,Llama-3.1-8B-Instruct,Qwen2.5-72B-Instruct,0.532
biblical,care,Llama-3.1-8B-Instruct,Qwen2.5-7B-Instruct,0.504
biblical,care,Llama-3.2-1B-Instruct,Llama-3.2-3B-Instruct,0.466
biblical,care,Llama-3.2-1B-Instruct,Qwen2.5-14B-Instruct,0.464
biblical,care,Llama-3.2-1B-Instruct,Qwen2.5-72B-Instruct,0.496
biblical,care,Llama-3.2-1B-Instruct,Qwen2.5-7B-Instruct,0.416
biblical,care,Llama-3.2-3B-Instruct,Qwen2.5-14B-Instruct,0.417
biblical,care,Llama-3.2-3B-Instruct,Qwen2.5-72B-Instruct,0.472
biblical,care,Llama-3.2-3B-Instruct,Qwen2.5-7B-Instruct,0.442
biblical,care,Qwen2.5-14B-Instruct,Qwen2.5-72B-Instruct,0.386
biblical,care,Qwen2.5-14B-Instruct,Qwen2.5-7B-Instruct,0.423
biblical,care,Qwen2.5-72B-Instruct,Qwen2.5-7B-Instruct,0.448
biblical,equality,Apertus-8B-Instruct-2509,Llama-3.1-70B-Instruct,0.466
biblical,equality,Apertus-8B-Instruct-2509,Llama-3.1-8B-Instruct,0.548
biblical,equality,Apertus-8B-Instruct-2509,Llama-3.2-1B-Instruct,0.544
biblical,equality,Apertus-8B-Instruct-2509,Llama-3.2-3B-Instruct,0.501
biblical,equality,Apertus-8B-Instruct-2509,Qwen2.5-14B-Instruct,0.45
biblical,equality,Apertus-8B-Instruct-2509,Qwen2.5-72B-Instruct,0.498
biblical,equality,Apertus-8B-Instruct-2509,Qwen2.5-7B-Instruct,0.508
biblical,equality,Llama-3.1-70B-Instruct,Llama-3.1-8B-Instruct,0.426
biblical,equality,Llama-3.1-70B-Instruct,Llama-3.2-1B-Instruct,0.492
biblical,equality,Llama-3.1-70B-Instruct,Llama-3.2-3B-Instruct,0.455
biblical,equality,Llama-3.1-70B-Instruct,Qwen2.5-14B-Instruct,0.501
biblical,equality,Llama-3.1-70B-Instruct,Qwen2.5-72B-Instruct,0.48
biblical,equality,Llama-3.1-70B-Instruct,Qwen2.5-7B-Instruct,0.506
biblical,equality,Llama-3.1-8B-Instruct,Llama-3.2-1B-Instruct,0.573
biblical,equality,Llama-3.1-8B-Instruct,Llama-3.2-3B-Instruct,0.496
biblical,equality,Llama-3.1-8B-Instruct,Qwen2.5-14B-Instruct,0.543
biblical,equality,Llama-3.1-8B-Instruct,Qwen2.5-72B-Instruct,0.525
biblical,equality,Llama-3.1-8B-Instruct,Qwen2.5-7B-Instruct,0.474
biblical,equality,Llama-3.2-1B-Instruct,Llama-3.2-3B-Instruct,0.471
biblical,equality,Llama-3.2-1B-Instruct,Qwen2.5-14B-Instruct,0.539
biblical,equality,Llama-3.2-1B-Instruct,Qwen2.5-72B-Instruct,0.498
biblical,equality,Llama-3.2-1B-Instruct,Qwen2.5-7B-Instruct,0.534
biblical,equality,Llama-3.2-3B-Instruct,Qwen2.5-14B-Instruct,0.547
biblical,equality,Llama-3.2-3B-Instruct,Qwen2.5-72B-Instruct,0.447
biblical,equality,Llama-3.2-3B-Instruct,Qwen2.5-7B-Instruct,0.476
biblical,equality,Qwen2.5-14B-Instruct,Qwen2.5-72B-Instruct,0.467
biblical,equality,Qwen2.5-14B-Instruct,Qwen2.5-7B-Instruct,0.47
biblical,equality,Qwen2.5-72B-Instruct,Qwen2.5-7B-Instruct,0.454
biblical,loyalty,Apertus-8B-Instruct-2509,Llama-3.1-70B-Instruct,0.454
biblical,loyalty,Apertus-8B-Instruct-2509,Llama-3.1-8B-Instruct,0.438
biblical,loyalty,Apertus-8B-Instruct-2509,Llama-3.2-1B-Instruct,0.523
biblical,loyalty,Apertus-8B-Instruct-2509,Llama-3.2-3B-Instruct,0.446
biblical,loyalty,Apertus-8B-Instruct-2509,Qwen2.5-14B-Instruct,0.472
biblical,loyalty,Apertus-8B-Instruct-2509,Qwen2.5-72B-Instruct,0.437
biblical,loyalty,Apertus-8B-Instruct-2509,Qwen2.5-7B-Instruct,0.528
biblical,loyalty,Llama-3.1-70B-Instruct,Llama-3.1-8B-Instruct,0.383
biblical,loyalty,Llama-3.1-70B-Instruct,Llama-3.2-1B-Instruct,0.51
biblical,loyalty,Llama-3.1-70B-Instruct,Llama-3.2-3B-Instruct,0.364
biblical,loyalty,Llama-3.1-70B-Instruct,Qwen2.5-14B-Instruct,0.488
biblical,loyalty,Llama-3.1-70B-Instruct,Qwen2.5-72B-Instruct,0.459
biblical,loyalty,Llama-3.1-70B-Instruct,Qwen2.5-7B-Instruct,0.516
biblical,loyalty,Llama-3.1-8B-Instruct,Llama-3.2-1B-Instruct,0.467
biblical,loyalty,Llama-3.1-8B-Instruct,Llama-3.2-3B-Instruct,0.342
biblical,loyalty,Llama-3.1-8B-Instruct,Qwen2.5-14B-Instruct,0.555
biblical,loyalty,Llama-3.1-8B-Instruct,Qwen2.5-72B-Instruct,0.448
biblical,loyalty,Llama-3.1-8B-Instruct,Qwen2.5-7B-Instruct,0.538
biblical,loyalty,Llama-3.2-1B-Instruct,Llama-3.2-3B-Instruct,0.458
biblical,loyalty,Llama-3.2-1B-Instruct,Qwen2.5-14B-Instruct,0.583
biblical,loyalty,Llama-3.2-1B-Instruct,Qwen2.5-72B-Instruct,0.553
biblical,loyalty,Llama-3.2-1B-Instruct,Qwen2.5-7B-Instruct,0.617
biblical,loyalty,Llama-3.2-3B-Instruct,Qwen2.5-14B-Instruct,0.548
biblical,loyalty,Llama-3.2-3B-Instruct,Qwen2.5-72B-Instruct,0.481
biblical,loyalty,Llama-3.2-3B-Instruct,Qwen2.5-7B-Instruct,0.559
biblical,loyalty,Qwen2.5-14B-Instruct,Qwen2.5-72B-Instruct,0.406
biblical,loyalty,Qwen2.5-14B-Instruct,Qwen2.5-7B-Instruct,0.468
biblical,loyalty,Qwen2.5-72B-Instruct,Qwen2.5-7B-Instruct,0.445
biblical,proportionality,Apertus-8B-Instruct-2509,Llama-3.1-70B-Instruct,0.426
biblical,proportionality,Apertus-8B-Instruct-2509,Llama-3.1-8B-Instruct,0.412
biblical,proportionality,Apertus-8B-Instruct-2509,Llama-3.2-1B-Instruct,0.525
biblical,proportionality,Apertus-8B-Instruct-2509,Llama-3.2-3B-Instruct,0.476
biblical,proportionality,Apertus-8B-Instruct-2509,Qwen2.5-14B-Instruct,0.399
biblical,proportionality,Apertus-8B-Instruct-2509,Qwen2.5-72B-Instruct,0.437
biblical,proportionality,Apertus-8B-Instruct-2509,Qwen2.5-7B-Instruct,0.457
biblical,proportionality,Llama-3.1-70B-Instruct,Llama-3.1-8B-Instruct,0.336
biblical,proportionality,Llama-3.1-70B-Instruct,Llama-3.2-1B-Instruct,0.498
biblical,proportionality,Llama-3.1-70B-Instruct,Llama-3.2-3B-Instruct,0.315
biblical,proportionality,Llama-3.1-70B-Instruct,Qwen2.5-14B-Instruct,0.526
biblical,proportionality,Llama-3.1-70B-Instruct,Qwen2.5-72B-Instruct,0.467
biblical,proportionality,Llama-3.1-70B-Instruct,Qwen2.5-7B-Instruct,0.435
biblical,proportionality,Llama-3.1-8B-Instruct,Llama-3.2-1B-Instruct,0.514
biblical,proportionality,Llama-3.1-8B-Instruct,Llama-3.2-3B-Instruct,0.383
biblical,proportionality,Llama-3.1-8B-Instruct,Qwen2.5-14B-Instruct,0.517
biblical,proportionality,Llama-3.1-8B-Instruct,Qwen2.5-72B-Instruct,0.485
biblical,proportionality,Llama-3.1-8B-Instruct,Qwen2.5-7B-Instruct,0.49
biblical,proportionality,Llama-3.2-1B-Instruct,Llama-3.2-3B-Instruct,0.459
biblical,proportionality,Llama-3.2-1B-Instruct,Qwen2.5-14B-Instruct,0.539
biblical,proportionality,Llama-3.2-1B-Instruct,Qwen2.5-72B-Instruct,0.533
biblical,proportionality,Llama-3.2-1B-Instruct,Qwen2.5-7B-Instruct,0.495
biblical,proportionality,Llama-3.2-3B-Instruct,Qwen2.5-14B-Instruct,0.497
biblical,proportionality,Llama-3.2-3B-Instruct,Qwen2.5-72B-Instruct,0.456
biblical,proportionality,Llama-3.2-3B-Instruct,Qwen2.5-7B-Instruct,0.421
biblical,proportionality,Qwen2.5-14B-Instruct,Qwen2.5-72B-Instruct,0.459
biblical,proportionality,Qwen2.5-14B-Instruct,Qwen2.5-7B-Instruct,0.473
biblical,proportionality,Qwen2.5-72B-Instruct,Qwen2.5-7B-Instruct,0.413
biblical,purity,Apertus-8B-Instruct-2509,Llama-3.1-70B-Instruct,0.53
biblical,purity,Apertus-8B-Instruct-2509,Llama-3.1-8B-Instruct,0.467
biblical,purity,Apertus-8B-Instruct-2509,Llama-3.2-1B-Instruct,0.458
biblical,purity,Apertus-8B-Instruct-2509,Llama-3.2-3B-Instruct,0.422
biblical,purity,Apertus-8B-Instruct-2509,Qwen2.5-14B-Instruct,0.525
biblical,purity,Apertus-8B-Instruct-2509,Qwen2.5-72B-Instruct,0.532
biblical,purity,Apertus-8B-Instruct-2509,Qwen2.5-7B-Instruct,0.495
biblical,purity,Llama-3.1-70B-Instruct,Llama-3.1-8B-Instruct,0.433
biblical,purity,Llama-3.1-70B-Instruct,Llama-3.2-1B-Instruct,0.516
biblical,purity,Llama-3.1-70B-Instruct,Llama-3.2-3B-Instruct,0.421
biblical,purity,Llama-3.1-70B-Instruct,Qwen2.5-14B-Instruct,0.512
biblical,purity,Llama-3.1-70B-Instruct,Qwen2.5-72B-Instruct,0.504
biblical,purity,Llama-3.1-70B-Instruct,Qwen2.5-7B-Instruct,0.526
biblical,purity,Llama-3.1-8B-Instruct,Llama-3.2-1B-Instruct,0.455
biblical,purity,Llama-3.1-8B-Instruct,Llama-3.2-3B-Instruct,0.446
biblical,purity,Llama-3.1-8B-Instruct,Qwen2.5-14B-Instruct,0.412
biblical,purity,Llama-3.1-8B-Instruct,Qwen2.5-72B-Instruct,0.413
biblical,purity,Llama-3.1-8B-Instruct,Qwen2.5-7B-Instruct,0.416
biblical,purity,Llama-3.2-1B-Instruct,Llama-3.2-3B-Instruct,0.425
biblical,purity,Llama-3.2-1B-Instruct,Qwen2.5-14B-Instruct,0.564
biblical,purity,Llama-3.2-1B-Instruct,Qwen2.5-72B-Instruct,0.564
biblical,purity,Llama-3.2-1B-Instruct,Qwen2.5-7B-Instruct,0.541
biblical,purity,Llama-3.2-3B-Instruct,Qwen2.5-14B-Instruct,0.485
biblical,purity,Llama-3.2-3B-Instruct,Qwen2.5-72B-Instruct,0.431
biblical,purity,Llama-3.2-3B-Instruct,Qwen2.5-7B-Instruct,0.442
biblical,purity,Qwen2.5-14B-Instruct,Qwen2.5-72B-Instruct,0.413
biblical,purity,Qwen2.5-14B-Instruct,Qwen2.5-7B-Instruct,0.414
biblical,purity,Qwen2.5-72B-Instruct,Qwen2.5-7B-Instruct,0.411
big-food,authority,Apertus-8B-Instruct-2509,Llama-3.1-70B-Instruct,0.475
big-food,authority,Apertus-8B-Instruct-2509,Llama-3.1-8B-Instruct,0.486
big-food,authority,Apertus-8B-Instruct-2509,Llama-3.2-1B-Instruct,0.474
big-food,authority,Apertus-8B-Instruct-2509,Llama-3.2-3B-Instruct,0.447
big-food,authority,Apertus-8B-Instruct-2509,Qwen2.5-14B-Instruct,0.693
big-food,authority,Apertus-8B-Instruct-2509,Qwen2.5-72B-Instruct,0.444
big-food,authority,Apertus-8B-Instruct-2509,Qwen2.5-7B-Instruct,0.406
big-food,authority,Llama-3.1-70B-Instruct,Llama-3.1-8B-Instruct,0.287
big-food,authority,Llama-3.1-70B-Instruct,Llama-3.2-1B-Instruct,0.487
big-food,authority,Llama-3.1-70B-Instruct,Llama-3.2-3B-Instruct,0.363
big-food,authority,Llama-3.1-70B-Instruct,Qwen2.5-14B-Instruct,0.693
big-food,authority,Llama-3.1-70B-Instruct,Qwen2.5-72B-Instruct,0.336
big-food,authority,Llama-3.1-70B-Instruct,Qwen2.5-7B-Instruct,0.442
big-food,authority,Llama-3.1-8B-Instruct,Llama-3.2-1B-Instruct,0.491
big-food,authority,Llama-3.1-8B-Instruct,Llama-3.2-3B-Instruct,0.425
big-food,authority,Llama-3.1-8B-Instruct,Qwen2.5-14B-Instruct,0.693
big-food,authority,Llama-3.1-8B-Instruct,Qwen2.5-72B-Instruct,0.403
big-food,authority,Llama-3.1-8B-Instruct,Qwen2.5-7B-Instruct,0.464
big-food,authority,Llama-3.2-1B-Instruct,Llama-3.2-3B-Instruct,0.473
big-food,authority,Llama-3.2-1B-Instruct,Qwen2.5-14B-Instruct,0.693
big-food,authority,Llama-3.2-1B-Instruct,Qwen2.5-72B-Instruct,0.497
big-food,authority,Llama-3.2-1B-Instruct,Qwen2.5-7B-Instruct,0.517
big-food,authority,Llama-3.2-3B-Instruct,Qwen2.5-14B-Instruct,0.693
big-food,authority,Llama-3.2-3B-Instruct,Qwen2.5-72B-Instruct,0.412
big-food,authority,Llama-3.2-3B-Instruct,Qwen2.5-7B-Instruct,0.462
big-food,authority,Qwen2.5-14B-Instruct,Qwen2.5-72B-Instruct,0.693
big-food,authority,Qwen2.5-14B-Instruct,Qwen2.5-7B-Instruct,0.693
big-food,authority,Qwen2.5-72B-Instruct,Qwen2.5-7B-Instruct,0.457
big-food,base,Apertus-8B-Instruct-2509,Llama-3.1-70B-Instruct,0.337
big-food,base,Apertus-8B-Instruct-2509,Llama-3.1-8B-Instruct,0.439
big-food,base,Apertus-8B-Instruct-2509,Llama-3.2-1B-Instruct,0.43
big-food,base,Apertus-8B-Instruct-2509,Llama-3.2-3B-Instruct,0.457
big-food,base,Apertus-8B-Instruct-2509,Qwen2.5-14B-Instruct,0.42
big-food,base,Apertus-8B-Instruct-2509,Qwen2.5-72B-Instruct,0.396
big-food,base,Apertus-8B-Instruct-2509,Qwen2.5-7B-Instruct,0.412
big-food,base,Llama-3.1-70B-Instruct,Llama-3.1-8B-Instruct,0.375
big-food,base,Llama-3.1-70B-Instruct,Llama-3.2-1B-Instruct,0.414
big-food,base,Llama-3.1-70B-Instruct,Llama-3.2-3B-Instruct,0.367
big-food,base,Llama-3.1-70B-Instruct,Qwen2.5-14B-Instruct,0.357
big-food,base,Llama-3.1-70B-Instruct,Qwen2.5-72B-Instruct,0.352
big-food,base,Llama-3.1-70B-Instruct,Qwen2.5-7B-Instruct,0.366
big-food,base,Llama-3.1-8B-Instruct,Llama-3.2-1B-Instruct,0.439
big-food,base,Llama-3.1-8B-Instruct,Llama-3.2-3B-Instruct,0.418
big-food,base,Llama-3.1-8B-Instruct,Qwen2.5-14B-Instruct,0.416
big-food,base,Llama-3.1-8B-Instruct,Qwen2.5-72B-Instruct,0.333
big-food,base,Llama-3.1-8B-Instruct,Qwen2.5-7B-Instruct,0.351
big-food,base,Llama-3.2-1B-Instruct,Llama-3.2-3B-Instruct,0.356
big-food,base,Llama-3.2-1B-Instruct,Qwen2.5-14B-Instruct,0.493
big-food,base,Llama-3.2-1B-Instruct,Qwen2.5-72B-Instruct,0.449
big-food,base,Llama-3.2-1B-Instruct,Qwen2.5-7B-Instruct,0.447
big-food,base,Llama-3.2-3B-Instruct,Qwen2.5-14B-Instruct,0.451
big-food,base,Llama-3.2-3B-Instruct,Qwen2.5-72B-Instruct,0.423
big-food,base,Llama-3.2-3B-Instruct,Qwen2.5-7B-Instruct,0.444
big-food,base,Qwen2.5-14B-Instruct,Qwen2.5-72B-Instruct,0.341
big-food,base,Qwen2.5-14B-Instruct,Qwen2.5-7B-Instruct,0.348
big-food,base,Qwen2.5-72B-Instruct,Qwen2.5-7B-Instruct,0.326
big-food,care,Apertus-8B-Instruct-2509,Llama-3.1-70B-Instruct,0.406
big-food,care,Apertus-8B-Instruct-2509,Llama-3.1-8B-Instruct,0.419
big-food,care,Apertus-8B-Instruct-2509,Llama-3.2-1B-Instruct,0.468
big-food,care,Apertus-8B-Instruct-2509,Llama-3.2-3B-Instruct,0.434
big-food,care,Apertus-8B-Instruct-2509,Qwen2.5-14B-Instruct,0.436
big-food,care,Apertus-8B-Instruct-2509,Qwen2.5-72B-Instruct,0.465
big-food,care,Apertus-8B-Instruct-2509,Qwen2.5-7B-Instruct,0.426
big-food,care,Llama-3.1-70B-Instruct,Llama-3.1-8B-Instruct,0.321
big-food,care,Llama-3.1-70B-Instruct,Llama-3.2-1B-Instruct,0.401
big-food,care,Llama-3.1-70B-Instruct,Llama-3.2-3B-Instruct,0.389
big-food,care,Llama-3.1-70B-Instruct,Qwen2.5-14B-Instruct,0.374
big-food,care,Llama-3.1-70B-Instruct,Qwen2.5-72B-Instruct,0.349
big-food,care,Llama-3.1-70B-Instruct,Qwen2.5-7B-Instruct,0.401
big-food,care,Llama-3.1-8B-Instruct,Llama-3.2-1B-Instruct,0.404
big-food,care,Llama-3.1-8B-Instruct,Llama-3.2-3B-Instruct,0.412
big-food,care,Llama-3.1-8B-Instruct,Qwen2.5-14B-Instruct,0.455
big-food,care,Llama-3.1-8B-Instruct,Qwen2.5-72B-Instruct,0.441
big-food,care,Llama-3.1-8B-Instruct,Qwen2.5-7B-Instruct,0.426
big-food,care,Llama-3.2-1B-Instruct,Llama-3.2-3B-Instruct,0.418
big-food,care,Llama-3.2-1B-Instruct,Qwen2.5-14B-Instruct,0.507
big-food,care,Llama-3.2-1B-Instruct,Qwen2.5-72B-Instruct,0.465
big-food,care,Llama-3.2-1B-Instruct,Qwen2.5-7B-Instruct,0.471
big-food,care,Llama-3.2-3B-Instruct,Qwen2.5-14B-Instruct,0.43
big-food,care,Llama-3.2-3B-Instruct,Qwen2.5-72B-Instruct,0.402
big-food,care,Llama-3.2-3B-Instruct,Qwen2.5-7B-Instruct,0.421
big-food,care,Qwen2.5-14B-Instruct,Qwen2.5-72B-Instruct,0.402
big-food,care,Qwen2.5-14B-Instruct,Qwen2.5-7B-Instruct,0.369
big-food,care,Qwen2.5-72B-Instruct,Qwen2.5-7B-Instruct,0.373
big-food,equality,Apertus-8B-Instruct-2509,Llama-3.1-70B-Instruct,0.36
big-food,equality,Apertus-8B-Instruct-2509,Llama-3.1-8B-Instruct,0.32
big-food,equality,Apertus-8B-Instruct-2509,Llama-3.2-1B-Instruct,0.344
big-food,equality,Apertus-8B-Instruct-2509,Llama-3.2-3B-Instruct,0.474
big-food,equality,Apertus-8B-Instruct-2509,Qwen2.5-14B-Instruct,0.381
big-food,equality,Apertus-8B-Instruct-2509,Qwen2.5-72B-Instruct,0.397
big-food,equality,Apertus-8B-Instruct-2509,Qwen2.5-7B-Instruct,0.467
big-food,equality,Llama-3.1-70B-Instruct,Llama-3.1-8B-Instruct,0.331
big-food,equality,Llama-3.1-70B-Instruct,Llama-3.2-1B-Instruct,0.323
big-food,equality,Llama-3.1-70B-Instruct,Llama-3.2-3B-Instruct,0.412
big-food,equality,Llama-3.1-70B-Instruct,Qwen2.5-14B-Instruct,0.445
big-food,equality,Llama-3.1-70B-Instruct,Qwen2.5-72B-Instruct,0.356
big-food,equality,Llama-3.1-70B-Instruct,Qwen2.5-7B-Instruct,0.397
big-food,equality,Llama-3.1-8B-Instruct,Llama-3.2-1B-Instruct,0.314
big-food,equality,Llama-3.1-8B-Instruct,Llama-3.2-3B-Instruct,0.391
big-food,equality,Llama-3.1-8B-Instruct,Qwen2.5-14B-Instruct,0.438
big-food,equality,Llama-3.1-8B-Instruct,Qwen2.5-72B-Instruct,0.405
big-food,equality,Llama-3.1-8B-Instruct,Qwen2.5-7B-Instruct,0.443
big-food,equality,Llama-3.2-1B-Instruct,Llama-3.2-3B-Instruct,0.361
big-food,equality,Llama-3.2-1B-Instruct,Qwen2.5-14B-Instruct,0.41
big-food,equality,Llama-3.2-1B-Instruct,Qwen2.5-72B-Instruct,0.403
big-food,equality,Llama-3.2-1B-Instruct,Qwen2.5-7B-Instruct,0.444
big-food,equality,Llama-3.2-3B-Instruct,Qwen2.5-14B-Instruct,0.52
big-food,equality,Llama-3.2-3B-Instruct,Qwen2.5-72B-Instruct,0.403
big-food,equality,Llama-3.2-3B-Instruct,Qwen2.5-7B-Instruct,0.516
big-food,equality,Qwen2.5-14B-Instruct,Qwen2.5-72B-Instruct,0.362
big-food,equality,Qwen2.5-14B-Instruct,Qwen2.5-7B-Instruct,0.502
big-food,equality,Qwen2.5-72B-Instruct,Qwen2.5-7B-Instruct,0.385
big-food,loyalty,Apertus-8B-Instruct-2509,Llama-3.1-70B-Instruct,0.299
big-food,loyalty,Apertus-8B-Instruct-2509,Llama-3.1-8B-Instruct,0.37
big-food,loyalty,Apertus-8B-Instruct-2509,Llama-3.2-1B-Instruct,0.419
big-food,loyalty,Apertus-8B-Instruct-2509,Llama-3.2-3B-Instruct,0.396
big-food,loyalty,Apertus-8B-Instruct-2509,Qwen2.5-14B-Instruct,0.349
big-food,loyalty,Apertus-8B-Instruct-2509,Qwen2.5-72B-Instruct,0.383
big-food,loyalty,Apertus-8B-Instruct-2509,Qwen2.5-7B-Instruct,0.442
big-food,loyalty,Llama-3.1-70B-Instruct,Llama-3.1-8B-Instruct,0.248
big-food,loyalty,Llama-3.1-70B-Instruct,Llama-3.2-1B-Instruct,0.37
big-food,loyalty,Llama-3.1-70B-Instruct,Llama-3.2-3B-Instruct,0.313
big-food,loyalty,Llama-3.1-70B-Instruct,Qwen2.5-14B-Instruct,0.285
big-food,loyalty,Llama-3.1-70B-Instruct,Qwen2.5-72B-Instruct,0.314
big-food,loyalty,Llama-3.1-70B-Instruct,Qwen2.5-7B-Instruct,0.382
big-food,loyalty,Llama-3.1-8B-Instruct,Llama-3.2-1B-Instruct,0.398
big-food,loyalty,Llama-3.1-8B-Instruct,Llama-3.2-3B-Instruct,0.343
big-food,loyalty,Llama-3.1-8B-Instruct,Qwen2.5-14B-Instruct,0.406
big-food,loyalty,Llama-3.1-8B-Instruct,Qwen2.5-72B-Instruct,0.409
big-food,loyalty,Llama-3.1-8B-Instruct,Qwen2.5-7B-Instruct,0.465
big-food,loyalty,Llama-3.2-1B-Instruct,Llama-3.2-3B-Instruct,0.371
big-food,loyalty,Llama-3.2-1B-Instruct,Qwen2.5-14B-Instruct,0.393
big-food,loyalty,Llama-3.2-1B-Instruct,Qwen2.5-72B-Instruct,0.413
big-food,loyalty,Llama-3.2-1B-Instruct,Qwen2.5-7B-Instruct,0.412
big-food,loyalty,Llama-3.2-3B-Instruct,Qwen2.5-14B-Instruct,0.398
big-food,loyalty,Llama-3.2-3B-Instruct,Qwen2.5-72B-Instruct,0.397
big-food,loyalty,Llama-3.2-3B-Instruct,Qwen2.5-7B-Instruct,0.418
big-food,loyalty,Qwen2.5-14B-Instruct,Qwen2.5-72B-Instruct,0.316
big-food,loyalty,Qwen2.5-14B-Instruct,Qwen2.5-7B-Instruct,0.335
big-food,loyalty,Qwen2.5-72B-Instruct,Qwen2.5-7B-Instruct,0.391
big-food,proportionality,Apertus-8B-Instruct-2509,Llama-3.1-70B-Instruct,0.384
big-food,proportionality,Apertus-8B-Instruct-2509,Llama-3.1-8B-Instruct,0.407
big-food,proportionality,Apertus-8B-Instruct-2509,Llama-3.2-1B-Instruct,0.439
big-food,proportionality,Apertus-8B-Instruct-2509,Llama-3.2-3B-Instruct,0.424
big-food,proportionality,Apertus-8B-Instruct-2509,Qwen2.5-14B-Instruct,0.374
big-food,proportionality,Apertus-8B-Instruct-2509,Qwen2.5-72B-Instruct,0.395
big-food,proportionality,Apertus-8B-Instruct-2509,Qwen2.5-7B-Instruct,0.603
big-food,proportionality,Llama-3.1-70B-Instruct,Llama-3.1-8B-Instruct,0.268
big-food,proportionality,Llama-3.1-70B-Instruct,Llama-3.2-1B-Instruct,0.352
big-food,proportionality,Llama-3.1-70B-Instruct,Llama-3.2-3B-Instruct,0.294
big-food,proportionality,Llama-3.1-70B-Instruct,Qwen2.5-14B-Instruct,0.343
big-food,proportionality,Llama-3.1-70B-Instruct,Qwen2.5-72B-Instruct,0.275
big-food,proportionality,Llama-3.1-70B-Instruct,Qwen2.5-7B-Instruct,0.571
big-food,proportionality,Llama-3.1-8B-Instruct,Llama-3.2-1B-Instruct,0.367
big-food,proportionality,Llama-3.1-8B-Instruct,Llama-3.2-3B-Instruct,0.345
big-food,proportionality,Llama-3.1-8B-Instruct,Qwen2.5-14B-Instruct,0.41
big-food,proportionality,Llama-3.1-8B-Instruct,Qwen2.5-72B-Instruct,0.371
big-food,proportionality,Llama-3.1-8B-Instruct,Qwen2.5-7B-Instruct,0.59
big-food,proportionality,Llama-3.2-1B-Instruct,Llama-3.2-3B-Instruct,0.342
big-food,proportionality,Llama-3.2-1B-Instruct,Qwen2.5-14B-Instruct,0.378
big-food,proportionality,Llama-3.2-1B-Instruct,Qwen2.5-72B-Instruct,0.42
big-food,proportionality,Llama-3.2-1B-Instruct,Qwen2.5-7B-Instruct,0.582
big-food,proportionality,Llama-3.2-3B-Instruct,Qwen2.5-14B-Instruct,0.352
big-food,proportionality,Llama-3.2-3B-Instruct,Qwen2.5-72B-Instruct,0.33
big-food,proportionality,Llama-3.2-3B-Instruct,Qwen2.5-7B-Instruct,0.609
big-food,proportionality,Qwen2.5-14B-Instruct,Qwen2.5-72B-Instruct,0.346
big-food,proportionality,Qwen2.5-14B-Instruct,Qwen2.5-7B-Instruct,0.579
big-food,proportionality,Qwen2.5-72B-Instruct,Qwen2.5-7B-Instruct,0.589
big-food,purity,Apertus-8B-Instruct-2509,Llama-3.1-70B-Instruct,0.403
big-food,purity,Apertus-8B-Instruct-2509,Llama-3.1-8B-Instruct,0.525
big-food,purity,Apertus-8B-Instruct-2509,Llama-3.2-1B-Instruct,0.457
big-food,purity,Apertus-8B-Instruct-2509,Llama-3.2-3B-Instruct,0.414
big-food,purity,Apertus-8B-Instruct-2509,Qwen2.5-14B-Instruct,0.453
big-food,purity,Apertus-8B-Instruct-2509,Qwen2.5-72B-Instruct,0.458
big-food,purity,Apertus-8B-Instruct-2509,Qwen2.5-7B-Instruct,0.455
big-food,purity,Llama-3.1-70B-Instruct,Llama-3.1-8B-Instruct,0.37
big-food,purity,Llama-3.1-70B-Instruct,Llama-3.2-1B-Instruct,0.434
big-food,purity,Llama-3.1-70B-Instruct,Llama-3.2-3B-Instruct,0.353
big-food,purity,Llama-3.1-70B-Instruct,Qwen2.5-14B-Instruct,0.406
big-food,purity,Llama-3.1-70B-Instruct,Qwen2.5-72B-Instruct,0.403
big-food,purity,Llama-3.1-70B-Instruct,Qwen2.5-7B-Instruct,0.377
big-food,purity,Llama-3.1-8B-Instruct,Llama-3.2-1B-Instruct,0.515
big-food,purity,Llama-3.1-8B-Instruct,Llama-3.2-3B-Instruct,0.428
big-food,purity,Llama-3.1-8B-Instruct,Qwen2.5-14B-Instruct,0.434
big-food,purity,Llama-3.1-8B-Instruct,Qwen2.5-72B-Instruct,0.498
big-food,purity,Llama-3.1-8B-Instruct,Qwen2.5-7B-Instruct,0.475
big-food,purity,Llama-3.2-1B-Instruct,Llama-3.2-3B-Instruct,0.394
big-food,purity,Llama-3.2-1B-Instruct,Qwen2.5-14B-Instruct,0.522
big-food,purity,Llama-3.2-1B-Instruct,Qwen2.5-72B-Instruct,0.52
big-food,purity,Llama-3.2-1B-Instruct,Qwen2.5-7B-Instruct,0.496
big-food,purity,Llama-3.2-3B-Instruct,Qwen2.5-14B-Instruct,0.41
big-food,purity,Llama-3.2-3B-Instruct,Qwen2.5-72B-Instruct,0.469
big-food,purity,Llama-3.2-3B-Instruct,Qwen2.5-7B-Instruct,0.419
big-food,purity,Qwen2.5-14B-Instruct,Qwen2.5-72B-Instruct,0.397
big-food,purity,Qwen2.5-14B-Instruct,Qwen2.5-7B-Instruct,0.424
big-food,purity,Qwen2.5-72B-Instruct,Qwen2.5-7B-Instruct,0.421
big-pharma,authority,Apertus-8B-Instruct-2509,Llama-3.1-70B-Instruct,0.538
big-pharma,authority,Apertus-8B-Instruct-2509,Llama-3.1-8B-Instruct,0.519
big-pharma,authority,Apertus-8B-Instruct-2509,Llama-3.2-1B-Instruct,0.443
big-pharma,authority,Apertus-8B-Instruct-2509,Llama-3.2-3B-Instruct,0.491
big-pharma,authority,Apertus-8B-Instruct-2509,Qwen2.5-14B-Instruct,0.693
big-pharma,authority,Apertus-8B-Instruct-2509,Qwen2.5-72B-Instruct,0.446
big-pharma,authority,Apertus-8B-Instruct-2509,Qwen2.5-7B-Instruct,0.497
big-pharma,authority,Llama-3.1-70B-Instruct,Llama-3.1-8B-Instruct,0.36
big-pharma,authority,Llama-3.1-70B-Instruct,Llama-3.2-1B-Instruct,0.48
big-pharma,authority,Llama-3.1-70B-Instruct,Llama-3.2-3B-Instruct,0.441
big-pharma,authority,Llama-3.1-70B-Instruct,Qwen2.5-14B-Instruct,0.693
big-pharma,authority,Llama-3.1-70B-Instruct,Qwen2.5-72B-Instruct,0.419
big-pharma,authority,Llama-3.1-70B-Instruct,Qwen2.5-7B-Instruct,0.433
big-pharma,authority,Llama-3.1-8B-Instruct,Llama-3.2-1B-Instruct,0.517
big-pharma,authority,Llama-3.1-8B-Instruct,Llama-3.2-3B-Instruct,0.49
big-pharma,authority,Llama-3.1-8B-Instruct,Qwen2.5-14B-Instruct,0.693
big-pharma,authority,Llama-3.1-8B-Instruct,Qwen2.5-72B-Instruct,0.412
big-pharma,authority,Llama-3.1-8B-Instruct,Qwen2.5-7B-Instruct,0.484
big-pharma,authority,Llama-3.2-1B-Instruct,Llama-3.2-3B-Instruct,0.453
big-pharma,authority,Llama-3.2-1B-Instruct,Qwen2.5-14B-Instruct,0.693
big-pharma,authority,Llama-3.2-1B-Instruct,Qwen2.5-72B-Instruct,0.489
big-pharma,authority,Llama-3.2-1B-Instruct,Qwen2.5-7B-Instruct,0.559
big-pharma,authority,Llama-3.2-3B-Instruct,Qwen2.5-14B-Instruct,0.693
big-pharma,authority,Llama-3.2-3B-Instruct,Qwen2.5-72B-Instruct,0.464
big-pharma,authority,Llama-3.2-3B-Instruct,Qwen2.5-7B-Instruct,0.486
big-pharma,authority,Qwen2.5-14B-Instruct,Qwen2.5-72B-Instruct,0.693
big-pharma,authority,Qwen2.5-14B-Instruct,Qwen2.5-7B-Instruct,0.693
big-pharma,authority,Qwen2.5-72B-Instruct,Qwen2.5-7B-Instruct,0.4
big-pharma,base,Apertus-8B-Instruct-2509,Llama-3.1-70B-Instruct,0.451
big-pharma,base,Apertus-8B-Instruct-2509,Llama-3.1-8B-Instruct,0.479
big-pharma,base,Apertus-8B-Instruct-2509,Llama-3.2-1B-Instruct,0.458
big-pharma,base,Apertus-8B-Instruct-2509,Llama-3.2-3B-Instruct,0.473
big-pharma,base,Apertus-8B-Instruct-2509,Qwen2.5-14B-Instruct,0.453
big-pharma,base,Apertus-8B-Instruct-2509,Qwen2.5-72B-Instruct,0.444
big-pharma,base,Apertus-8B-Instruct-2509,Qwen2.5-7B-Instruct,0.424
big-pharma,base,Llama-3.1-70B-Instruct,Llama-3.1-8B-Instruct,0.345
big-pharma,base,Llama-3.1-70B-Instruct,Llama-3.2-1B-Instruct,0.451
big-pharma,base,Llama-3.1-70B-Instruct,Llama-3.2-3B-Instruct,0.411
big-pharma,base,Llama-3.1-70B-Instruct,Qwen2.5-14B-Instruct,0.4
big-pharma,base,Llama-3.1-70B-Instruct,Qwen2.5-72B-Instruct,0.392
big-pharma,base,Llama-3.1-70B-Instruct,Qwen2.5-7B-Instruct,0.442
big-pharma,base,Llama-3.1-8B-Instruct,Llama-3.2-1B-Instruct,0.448
big-pharma,base,Llama-3.1-8B-Instruct,Llama-3.2-3B-Instruct,0.389
big-pharma,base,Llama-3.1-8B-Instruct,Qwen2.5-14B-Instruct,0.438
big-pharma,base,Llama-3.1-8B-Instruct,Qwen2.5-72B-Instruct,0.428
big-pharma,base,Llama-3.1-8B-Instruct,Qwen2.5-7B-Instruct,0.408
big-pharma,base,Llama-3.2-1B-Instruct,Llama-3.2-3B-Instruct,0.459
big-pharma,base,Llama-3.2-1B-Instruct,Qwen2.5-14B-Instruct,0.485
big-pharma,base,Llama-3.2-1B-Instruct,Qwen2.5-72B-Instruct,0.468
big-pharma,base,Llama-3.2-1B-Instruct,Qwen2.5-7B-Instruct,0.466
big-pharma,base,Llama-3.2-3B-Instruct,Qwen2.5-14B-Instruct,0.452
big-pharma,base,Llama-3.2-3B-Instruct,Qwen2.5-72B-Instruct,0.465
big-pharma,base,Llama-3.2-3B-Instruct,Qwen2.5-7B-Instruct,0.405
big-pharma,base,Qwen2.5-14B-Instruct,Qwen2.5-72B-Instruct,0.368
big-pharma,base,Qwen2.5-14B-Instruct,Qwen2.5-7B-Instruct,0.447
big-pharma,base,Qwen2.5-72B-Instruct,Qwen2.5-7B-Instruct,0.446
big-pharma,care,Apertus-8B-Instruct-2509,Llama-3.1-70B-Instruct,0.356
big-pharma,care,Apertus-8B-Instruct-2509,Llama-3.1-8B-Instruct,0.373
big-pharma,care,Apertus-8B-Instruct-2509,Llama-3.2-1B-Instruct,0.372
big-pharma,care,Apertus-8B-Instruct-2509,Llama-3.2-3B-Instruct,0.41
big-pharma,care,Apertus-8B-Instruct-2509,Qwen2.5-14B-Instruct,0.437
big-pharma,care,Apertus-8B-Instruct-2509,Qwen2.5-72B-Instruct,0.4
big-pharma,care,Apertus-8B-Instruct-2509,Qwen2.5-7B-Instruct,0.685
big-pharma,care,Llama-3.1-70B-Instruct,Llama-3.1-8B-Instruct,0.286
big-pharma,care,Llama-3.1-70B-Instruct,Llama-3.2-1B-Instruct,0.408
big-pharma,care,Llama-3.1-70B-Instruct,Llama-3.2-3B-Instruct,0.352
big-pharma,care,Llama-3.1-70B-Instruct,Qwen2.5-14B-Instruct,0.382
big-pharma,care,Llama-3.1-70B-Instruct,Qwen2.5-72B-Instruct,0.331
big-pharma,care,Llama-3.1-70B-Instruct,Qwen2.5-7B-Instruct,0.686
big-pharma,care,Llama-3.1-8B-Instruct,Llama-3.2-1B-Instruct,0.369
big-pharma,care,Llama-3.1-8B-Instruct,Llama-3.2-3B-Instruct,0.36
big-pharma,care,Llama-3.1-8B-Instruct,Qwen2.5-14B-Instruct,0.381
big-pharma,care,Llama-3.1-8B-Instruct,Qwen2.5-72B-Instruct,0.359
big-pharma,care,Llama-3.1-8B-Instruct,Qwen2.5-7B-Instruct,0.686
big-pharma,care,Llama-3.2-1B-Instruct,Llama-3.2-3B-Instruct,0.375
big-pharma,care,Llama-3.2-1B-Instruct,Qwen2.5-14B-Instruct,0.461
big-pharma,care,Llama-3.2-1B-Instruct,Qwen2.5-72B-Instruct,0.447
big-pharma,care,Llama-3.2-1B-Instruct,Qwen2.5-7B-Instruct,0.686
big-pharma,care,Llama-3.2-3B-Instruct,Qwen2.5-14B-Instruct,0.455
big-pharma,care,Llama-3.2-3B-Instruct,Qwen2.5-72B-Instruct,0.434
big-pharma,care,Llama-3.2-3B-Instruct,Qwen2.5-7B-Instruct,0.686
big-pharma,care,Qwen2.5-14B-Instruct,Qwen2.5-72B-Instruct,0.356
big-pharma,care,Qwen2.5-14B-Instruct,Qwen2.5-7B-Instruct,0.686
big-pharma,care,Qwen2.5-72B-Instruct,Qwen2.5-7B-Instruct,0.686
big-pharma,equality,Apertus-8B-Instruct-2509,Llama-3.1-70B-Instruct,0.387
big-pharma,equality,Apertus-8B-Instruct-2509,Llama-3.1-8B-Instruct,0.459
big-pharma,equality,Apertus-8B-Instruct-2509,Llama-3.2-1B-Instruct,0.451
big-pharma,equality,Apertus-8B-Instruct-2509,Llama-3.2-3B-Instruct,0.413
big-pharma,equality,Apertus-8B-Instruct-2509,Qwen2.5-14B-Instruct,0.408
big-pharma,equality,Apertus-8B-Instruct-2509,Qwen2.5-72B-Instruct,0.331
big-pharma,equality,Apertus-8B-Instruct-2509,Qwen2.5-7B-Instruct,0.406
big-pharma,equality,Llama-3.1-70B-Instruct,Llama-3.1-8B-Instruct,0.396
big-pharma,equality,Llama-3.1-70B-Instruct,Llama-3.2-1B-Instruct,0.483
big-pharma,equality,Llama-3.1-70B-Instruct,Llama-3.2-3B-Instruct,0.426
big-pharma,equality,Llama-3.1-70B-Instruct,Qwen2.5-14B-Instruct,0.423
big-pharma,equality,Llama-3.1-70B-Instruct,Qwen2.5-72B-Instruct,0.433
big-pharma,equality,Llama-3.1-70B-Instruct,Qwen2.5-7B-Instruct,0.453
big-pharma,equality,Llama-3.1-8B-Instruct,Llama-3.2-1B-Instruct,0.415
big-pharma,equality,Llama-3.1-8B-Instruct,Llama-3.2-3B-Instruct,0.407
big-pharma,equality,Llama-3.1-8B-Instruct,Qwen2.5-14B-Instruct,0.459
big-pharma,equality,Llama-3.1-8B-Instruct,Qwen2.5-72B-Instruct,0.477
big-pharma,equality,Llama-3.1-8B-Instruct,Qwen2.5-7B-Instruct,0.466
big-pharma,equality,Llama-3.2-1B-Instruct,Llama-3.2-3B-Instruct,0.413
big-pharma,equality,Llama-3.2-1B-Instruct,Qwen2.5-14B-Instruct,0.47
big-pharma,equality,Llama-3.2-1B-Instruct,Qwen2.5-72B-Instruct,0.481
big-pharma,equality,Llama-3.2-1B-Instruct,Qwen2.5-7B-Instruct,0.449
big-pharma,equality,Llama-3.2-3B-Instruct,Qwen2.5-14B-Instruct,0.444
big-pharma,equality,Llama-3.2-3B-Instruct,Qwen2.5-72B-Instruct,0.401
big-pharma,equality,Llama-3.2-3B-Instruct,Qwen2.5-7B-Instruct,0.419
big-pharma,equality,Qwen2.5-14B-Instruct,Qwen2.5-72B-Instruct,0.425
big-pharma,equality,Qwen2.5-14B-Instruct,Qwen2.5-7B-Instruct,0.446
big-pharma,equality,Qwen2.5-72B-Instruct,Qwen2.5-7B-Instruct,0.416
big-pharma,loyalty,Apertus-8B-Instruct-2509,Llama-3.1-70B-Instruct,0.437
big-pharma,loyalty,Apertus-8B-Instruct-2509,Llama-3.1-8B-Instruct,0.462
big-pharma,loyalty,Apertus-8B-Instruct-2509,Llama-3.2-1B-Instruct,0.444
big-pharma,loyalty,Apertus-8B-Instruct-2509,Llama-3.2-3B-Instruct,0.423
big-pharma,loyalty,Apertus-8B-Instruct-2509,Qwen2.5-14B-Instruct,0.515
big-pharma,loyalty,Apertus-8B-Instruct-2509,Qwen2.5-72B-Instruct,0.496
big-pharma,loyalty,Apertus-8B-Instruct-2509,Qwen2.5-7B-Instruct,0.453
big-pharma,loyalty,Llama-3.1-70B-Instruct,Llama-3.1-8B-Instruct,0.317
big-pharma,loyalty,Llama-3.1-70B-Instruct,Llama-3.2-1B-Instruct,0.304
big-pharma,loyalty,Llama-3.1-70B-Instruct,Llama-3.2-3B-Instruct,0.326
big-pharma,loyalty,Llama-3.1-70B-Instruct,Qwen2.5-14B-Instruct,0.473
big-pharma,loyalty,Llama-3.1-70B-Instruct,Qwen2.5-72B-Instruct,0.441
big-pharma,loyalty,Llama-3.1-70B-Instruct,Qwen2.5-7B-Instruct,0.434
big-pharma,loyalty,Llama-3.1-8B-Instruct,Llama-3.2-1B-Instruct,0.357
big-pharma,loyalty,Llama-3.1-8B-Instruct,Llama-3.2-3B-Instruct,0.389
big-pharma,loyalty,Llama-3.1-8B-Instruct,Qwen2.5-14B-Instruct,0.488
big-pharma,loyalty,Llama-3.1-8B-Instruct,Qwen2.5-72B-Instruct,0.491
big-pharma,loyalty,Llama-3.1-8B-Instruct,Qwen2.5-7B-Instruct,0.513
big-pharma,loyalty,Llama-3.2-1B-Instruct,Llama-3.2-3B-Instruct,0.373
big-pharma,loyalty,Llama-3.2-1B-Instruct,Qwen2.5-14B-Instruct,0.479
big-pharma,loyalty,Llama-3.2-1B-Instruct,Qwen2.5-72B-Instruct,0.433
big-pharma,loyalty,Llama-3.2-1B-Instruct,Qwen2.5-7B-Instruct,0.479
big-pharma,loyalty,Llama-3.2-3B-Instruct,Qwen2.5-14B-Instruct,0.488
big-pharma,loyalty,Llama-3.2-3B-Instruct,Qwen2.5-72B-Instruct,0.421
big-pharma,loyalty,Llama-3.2-3B-Instruct,Qwen2.5-7B-Instruct,0.456
big-pharma,loyalty,Qwen2.5-14B-Instruct,Qwen2.5-72B-Instruct,0.491
big-pharma,loyalty,Qwen2.5-14B-Instruct,Qwen2.5-7B-Instruct,0.578
big-pharma,loyalty,Qwen2.5-72B-Instruct,Qwen2.5-7B-Instruct,0.404
big-pharma,proportionality,Apertus-8B-Instruct-2509,Llama-3.1-70B-Instruct,0.358
big-pharma,proportionality,Apertus-8B-Instruct-2509,Llama-3.1-8B-Instruct,0.388
big-pharma,proportionality,Apertus-8B-Instruct-2509,Llama-3.2-1B-Instruct,0.376
big-pharma,proportionality,Apertus-8B-Instruct-2509,Llama-3.2-3B-Instruct,0.339
big-pharma,proportionality,Apertus-8B-Instruct-2509,Qwen2.5-14B-Instruct,0.359
big-pharma,proportionality,Apertus-8B-Instruct-2509,Qwen2.5-72B-Instruct,0.455
big-pharma,proportionality,Apertus-8B-Instruct-2509,Qwen2.5-7B-Instruct,0.608
big-pharma,proportionality,Llama-3.1-70B-Instruct,Llama-3.1-8B-Instruct,0.258
big-pharma,proportionality,Llama-3.1-70B-Instruct,Llama-3.2-1B-Instruct,0.336
big-pharma,proportionality,Llama-3.1-70B-Instruct,Llama-3.2-3B-Instruct,0.289
big-pharma,proportionality,Llama-3.1-70B-Instruct,Qwen2.5-14B-Instruct,0.314
big-pharma,proportionality,Llama-3.1-70B-Instruct,Qwen2.5-72B-Instruct,0.442
big-pharma,proportionality,Llama-3.1-70B-Instruct,Qwen2.5-7B-Instruct,0.559
big-pharma,proportionality,Llama-3.1-8B-Instruct,Llama-3.2-1B-Instruct,0.355
big-pharma,proportionality,Llama-3.1-8B-Instruct,Llama-3.2-3B-Instruct,0.325
big-pharma,proportionality,Llama-3.1-8B-Instruct,Qwen2.5-14B-Instruct,0.338
big-pharma,proportionality,Llama-3.1-8B-Instruct,Qwen2.5-72B-Instruct,0.45
big-pharma,proportionality,Llama-3.1-8B-Instruct,Qwen2.5-7B-Instruct,0.601
big-pharma,proportionality,Llama-3.2-1B-Instruct,Llama-3.2-3B-Instruct,0.365
big-pharma,proportionality,Llama-3.2-1B-Instruct,Qwen2.5-14B-Instruct,0.385
big-pharma,proportionality,Llama-3.2-1B-Instruct,Qwen2.5-72B-Instruct,0.428
big-pharma,proportionality,Llama-3.2-1B-Instruct,Qwen2.5-7B-Instruct,0.572
big-pharma,proportionality,Llama-3.2-3B-Instruct,Qwen2.5-14B-Instruct,0.331
big-pharma,proportionality,Llama-3.2-3B-Instruct,Qwen2.5-72B-Instruct,0.441
big-pharma,proportionality,Llama-3.2-3B-Instruct,Qwen2.5-7B-Instruct,0.552
big-pharma,proportionality,Qwen2.5-14B-Instruct,Qwen2.5-72B-Instruct,0.425
big-pharma,proportionality,Qwen2.5-14B-Instruct,Qwen2.5-7B-Instruct,0.567
big-pharma,proportionality,Qwen2.5-72B-Instruct,Qwen2.5-7B-Instruct,0.575
big-pharma,purity,Apertus-8B-Instruct-2509,Llama-3.1-70B-Instruct,0.366
big-pharma,purity,Apertus-8B-Instruct-2509,Llama-3.1-8B-Instruct,0.409
big-pharma,purity,Apertus-8B-Instruct-2509,Llama-3.2-1B-Instruct,0.403
big-pharma,purity,Apertus-8B-Instruct-2509,Llama-3.2-3B-Instruct,0.317
big-pharma,purity,Apertus-8B-Instruct-2509,Qwen2.5-14B-Instruct,0.398
big-pharma,purity,Apertus-8B-Instruct-2509,Qwen2.5-72B-Instruct,0.391
big-pharma,purity,Apertus-8B-Instruct-2509,Qwen2.5-7B-Instruct,0.381
big-pharma,purity,Llama-3.1-70B-Instruct,Llama-3.1-8B-Instruct,0.362
big-pharma,purity,Llama-3.1-70B-Instruct,Llama-3.2-1B-Instruct,0.364
big-pharma,purity,Llama-3.1-70B-Instruct,Llama-3.2-3B-Instruct,0.353
big-pharma,purity,Llama-3.1-70B-Instruct,Qwen2.5-14B-Instruct,0.432
big-pharma,purity,Llama-3.1-70B-Instruct,Qwen2.5-72B-Instruct,0.395
big-pharma,purity,Llama-3.1-70B-Instruct,Qwen2.5-7B-Instruct,0.409
big-pharma,purity,Llama-3.1-8B-Instruct,Llama-3.2-1B-Instruct,0.408
big-pharma,purity,Llama-3.1-8B-Instruct,Llama-3.2-3B-Instruct,0.391
big-pharma,purity,Llama-3.1-8B-Instruct,Qwen2.5-14B-Instruct,0.49
big-pharma,purity,Llama-3.1-8B-Instruct,Qwen2.5-72B-Instruct,0.469
big-pharma,purity,Llama-3.1-8B-Instruct,Qwen2.5-7B-Instruct,0.439
big-pharma,purity,Llama-3.2-1B-Instruct,Llama-3.2-3B-Instruct,0.386
big-pharma,purity,Llama-3.2-1B-Instruct,Qwen2.5-14B-Instruct,0.452
big-pharma,purity,Llama-3.2-1B-Instruct,Qwen2.5-72B-Instruct,0.467
big-pharma,purity,Llama-3.2-1B-Instruct,Qwen2.5-7B-Instruct,0.412
big-pharma,purity,Llama-3.2-3B-Instruct,Qwen2.5-14B-Instruct,0.424
big-pharma,purity,Llama-3.2-3B-Instruct,Qwen2.5-72B-Instruct,0.403
big-pharma,purity,Llama-3.2-3B-Instruct,Qwen2.5-7B-Instruct,0.398
big-pharma,purity,Qwen2.5-14B-Instruct,Qwen2.5-72B-Instruct,0.416
big-pharma,purity,Qwen2.5-14B-Instruct,Qwen2.5-7B-Instruct,0.395
big-pharma,purity,Qwen2.5-72B-Instruct,Qwen2.5-7B-Instruct,0.347
birth-control,authority,Apertus-8B-Instruct-2509,Llama-3.1-70B-Instruct,0.399
birth-control,authority,Apertus-8B-Instruct-2509,Llama-3.1-8B-Instruct,0.45
birth-control,authority,Apertus-8B-Instruct-2509,Llama-3.2-1B-Instruct,0.478
birth-control,authority,Apertus-8B-Instruct-2509,Llama-3.2-3B-Instruct,0.456
birth-control,authority,Apertus-8B-Instruct-2509,Qwen2.5-14B-Instruct,0.507
birth-control,authority,Apertus-8B-Instruct-2509,Qwen2.5-72B-Instruct,0.48
birth-control,authority,Apertus-8B-Instruct-2509,Qwen2.5-7B-Instruct,0.478
birth-control,authority,Llama-3.1-70B-Instruct,Llama-3.1-8B-Instruct,0.258
birth-control,authority,Llama-3.1-70B-Instruct,Llama-3.2-1B-Instruct,0.403
birth-control,authority,Llama-3.1-70B-Instruct,Llama-3.2-3B-Instruct,0.324
birth-control,authority,Llama-3.1-70B-Instruct,Qwen2.5-14B-Instruct,0.415
birth-control,authority,Llama-3.1-70B-Instruct,Qwen2.5-72B-Instruct,0.407
birth-control,authority,Llama-3.1-70B-Instruct,Qwen2.5-7B-Instruct,0.401
birth-control,authority,Llama-3.1-8B-Instruct,Llama-3.2-1B-Instruct,0.357
birth-control,authority,Llama-3.1-8B-Instruct,Llama-3.2-3B-Instruct,0.33
birth-control,authority,Llama-3.1-8B-Instruct,Qwen2.5-14B-Instruct,0.464
birth-control,authority,Llama-3.1-8B-Instruct,Qwen2.5-72B-Instruct,0.463
birth-control,authority,Llama-3.1-8B-Instruct,Qwen2.5-7B-Instruct,0.387
birth-control,authority,Llama-3.2-1B-Instruct,Llama-3.2-3B-Instruct,0.354
birth-control,authority,Llama-3.2-1B-Instruct,Qwen2.5-14B-Instruct,0.52
birth-control,authority,Llama-3.2-1B-Instruct,Qwen2.5-72B-Instruct,0.496
birth-control,authority,Llama-3.2-1B-Instruct,Qwen2.5-7B-Instruct,0.421
birth-control,authority,Llama-3.2-3B-Instruct,Qwen2.5-14B-Instruct,0.414
birth-control,authority,Llama-3.2-3B-Instruct,Qwen2.5-72B-Instruct,0.473
birth-control,authority,Llama-3.2-3B-Instruct,Qwen2.5-7B-Instruct,0.354
birth-control,authority,Qwen2.5-14B-Instruct,Qwen2.5-72B-Instruct,0.431
birth-control,authority,Qwen2.5-14B-Instruct,Qwen2.5-7B-Instruct,0.391
birth-control,authority,Qwen2.5-72B-Instruct,Qwen2.5-7B-Instruct,0.432
birth-control,base,Apertus-8B-Instruct-2509,Llama-3.1-70B-Instruct,0.416
birth-control,base,Apertus-8B-Instruct-2509,Llama-3.1-8B-Instruct,0.407
birth-control,base,Apertus-8B-Instruct-2509,Llama-3.2-1B-Instruct,0.456
birth-control,base,Apertus-8B-Instruct-2509,Llama-3.2-3B-Instruct,0.438
birth-control,base,Apertus-8B-Instruct-2509,Qwen2.5-14B-Instruct,0.429
birth-control,base,Apertus-8B-Instruct-2509,Qwen2.5-72B-Instruct,0.459
birth-control,base,Apertus-8B-Instruct-2509,Qwen2.5-7B-Instruct,0.388
birth-control,base,Llama-3.1-70B-Instruct,Llama-3.1-8B-Instruct,0.282
birth-control,base,Llama-3.1-70B-Instruct,Llama-3.2-1B-Instruct,0.414
birth-control,base,Llama-3.1-70B-Instruct,Llama-3.2-3B-Instruct,0.42
birth-control,base,Llama-3.1-70B-Instruct,Qwen2.5-14B-Instruct,0.389
birth-control,base,Llama-3.1-70B-Instruct,Qwen2.5-72B-Instruct,0.396
birth-control,base,Llama-3.1-70B-Instruct,Qwen2.5-7B-Instruct,0.366
birth-control,base,Llama-3.1-8B-Instruct,Llama-3.2-1B-Instruct,0.405
birth-control,base,Llama-3.1-8B-Instruct,Llama-3.2-3B-Instruct,0.38
birth-control,base,Llama-3.1-8B-Instruct,Qwen2.5-14B-Instruct,0.429
birth-control,base,Llama-3.1-8B-Instruct,Qwen2.5-72B-Instruct,0.358
birth-control,base,Llama-3.1-8B-Instruct,Qwen2.5-7B-Instruct,0.394
birth-control,base,Llama-3.2-1B-Instruct,Llama-3.2-3B-Instruct,0.348
birth-control,base,Llama-3.2-1B-Instruct,Qwen2.5-14B-Instruct,0.472
birth-control,base,Llama-3.2-1B-Instruct,Qwen2.5-72B-Instruct,0.43
birth-control,base,Llama-3.2-1B-Instruct,Qwen2.5-7B-Instruct,0.44
birth-control,base,Llama-3.2-3B-Instruct,Qwen2.5-14B-Instruct,0.47
birth-control,base,Llama-3.2-3B-Instruct,Qwen2.5-72B-Instruct,0.457
birth-control,base,Llama-3.2-3B-Instruct,Qwen2.5-7B-Instruct,0.426
birth-control,base,Qwen2.5-14B-Instruct,Qwen2.5-72B-Instruct,0.43
birth-control,base,Qwen2.5-14B-Instruct,Qwen2.5-7B-Instruct,0.413
birth-control,base,Qwen2.5-72B-Instruct,Qwen2.5-7B-Instruct,0.425
birth-control,care,Apertus-8B-Instruct-2509,Llama-3.1-70B-Instruct,0.295
birth-control,care,Apertus-8B-Instruct-2509,Llama-3.1-8B-Instruct,0.412
birth-control,care,Apertus-8B-Instruct-2509,Llama-3.2-1B-Instruct,0.371
birth-control,care,Apertus-8B-Instruct-2509,Llama-3.2-3B-Instruct,0.413
birth-control,care,Apertus-8B-Instruct-2509,Qwen2.5-14B-Instruct,0.408
birth-control,care,Apertus-8B-Instruct-2509,Qwen2.5-72B-Instruct,0.395
birth-control,care,Apertus-8B-Instruct-2509,Qwen2.5-7B-Instruct,0.359
birth-control,care,Llama-3.1-70B-Instruct,Llama-3.1-8B-Instruct,0.391
birth-control,care,Llama-3.1-70B-Instruct,Llama-3.2-1B-Instruct,0.322
birth-control,care,Llama-3.1-70B-Instruct,Llama-3.2-3B-Instruct,0.365
birth-control,care,Llama-3.1-70B-Instruct,Qwen2.5-14B-Instruct,0.391
birth-control,care,Llama-3.1-70B-Instruct,Qwen2.5-72B-Instruct,0.352
birth-control,care,Llama-3.1-70B-Instruct,Qwen2.5-7B-Instruct,0.358
birth-control,care,Llama-3.1-8B-Instruct,Llama-3.2-1B-Instruct,0.323
birth-control,care,Llama-3.1-8B-Instruct,Llama-3.2-3B-Instruct,0.394
birth-control,care,Llama-3.1-8B-Instruct,Qwen2.5-14B-Instruct,0.47
birth-control,care,Llama-3.1-8B-Instruct,Qwen2.5-72B-Instruct,0.489
birth-control,care,Llama-3.1-8B-Instruct,Qwen2.5-7B-Instruct,0.442
birth-control,care,Llama-3.2-1B-Instruct,Llama-3.2-3B-Instruct,0.359
birth-control,care,Llama-3.2-1B-Instruct,Qwen2.5-14B-Instruct,0.46
birth-control,care,Llama-3.2-1B-Instruct,Qwen2.5-72B-Instruct,0.502
birth-control,care,Llama-3.2-1B-Instruct,Qwen2.5-7B-Instruct,0.472
birth-control,care,Llama-3.2-3B-Instruct,Qwen2.5-14B-Instruct,0.414
birth-control,care,Llama-3.2-3B-Instruct,Qwen2.5-72B-Instruct,0.501
birth-control,care,Llama-3.2-3B-Instruct,Qwen2.5-7B-Instruct,0.446
birth-control,care,Qwen2.5-14B-Instruct,Qwen2.5-72B-Instruct,0.45
birth-control,care,Qwen2.5-14B-Instruct,Qwen2.5-7B-Instruct,0.325
birth-control,care,Qwen2.5-72B-Instruct,Qwen2.5-7B-Instruct,0.407
birth-control,equality,Apertus-8B-Instruct-2509,Llama-3.1-70B-Instruct,0.424
birth-control,equality,Apertus-8B-Instruct-2509,Llama-3.1-8B-Instruct,0.443
birth-control,equality,Apertus-8B-Instruct-2509,Llama-3.2-1B-Instruct,0.455
birth-control,equality,Apertus-8B-Instruct-2509,Llama-3.2-3B-Instruct,0.342
birth-control,equality,Apertus-8B-Instruct-2509,Qwen2.5-14B-Instruct,0.503
birth-control,equality,Apertus-8B-Instruct-2509,Qwen2.5-72B-Instruct,0.475
birth-control,equality,Apertus-8B-Instruct-2509,Qwen2.5-7B-Instruct,0.446
birth-control,equality,Llama-3.1-70B-Instruct,Llama-3.1-8B-Instruct,0.307
birth-control,equality,Llama-3.1-70B-Instruct,Llama-3.2-1B-Instruct,0.477
birth-control,equality,Llama-3.1-70B-Instruct,Llama-3.2-3B-Instruct,0.351
birth-control,equality,Llama-3.1-70B-Instruct,Qwen2.5-14B-Instruct,0.509
birth-control,equality,Llama-3.1-70B-Instruct,Qwen2.5-72B-Instruct,0.408
birth-control,equality,Llama-3.1-70B-Instruct,Qwen2.5-7B-Instruct,0.454
birth-control,equality,Llama-3.1-8B-Instruct,Llama-3.2-1B-Instruct,0.484
birth-control,equality,Llama-3.1-8B-Instruct,Llama-3.2-3B-Instruct,0.372
birth-control,equality,Llama-3.1-8B-Instruct,Qwen2.5-14B-Instruct,0.478
birth-control,equality,Llama-3.1-8B-Instruct,Qwen2.5-72B-Instruct,0.449
birth-control,equality,Llama-3.1-8B-Instruct,Qwen2.5-7B-Instruct,0.404
birth-control,equality,Llama-3.2-1B-Instruct,Llama-3.2-3B-Instruct,0.454
birth-control,equality,Llama-3.2-1B-Instruct,Qwen2.5-14B-Instruct,0.552
birth-control,equality,Llama-3.2-1B-Instruct,Qwen2.5-72B-Instruct,0.53
birth-control,equality,Llama-3.2-1B-Instruct,Qwen2.5-7B-Instruct,0.499
birth-control,equality,Llama-3.2-3B-Instruct,Qwen2.5-14B-Instruct,0.493
birth-control,equality,Llama-3.2-3B-Instruct,Qwen2.5-72B-Instruct,0.517
birth-control,equality,Llama-3.2-3B-Instruct,Qwen2.5-7B-Instruct,0.412
birth-control,equality,Qwen2.5-14B-Instruct,Qwen2.5-72B-Instruct,0.414
birth-control,equality,Qwen2.5-14B-Instruct,Qwen2.5-7B-Instruct,0.373
birth-control,equality,Qwen2.5-72B-Instruct,Qwen2.5-7B-Instruct,0.385
birth-control,loyalty,Apertus-8B-Instruct-2509,Llama-3.1-70B-Instruct,0.503
birth-control,loyalty,Apertus-8B-Instruct-2509,Llama-3.1-8B-Instruct,0.456
birth-control,loyalty,Apertus-8B-Instruct-2509,Llama-3.2-1B-Instruct,0.43
birth-control,loyalty,Apertus-8B-Instruct-2509,Llama-3.2-3B-Instruct,0.445
birth-control,loyalty,Apertus-8B-Instruct-2509,Qwen2.5-14B-Instruct,0.448
birth-control,loyalty,Apertus-8B-Instruct-2509,Qwen2.5-72B-Instruct,0.443
birth-control,loyalty,Apertus-8B-Instruct-2509,Qwen2.5-7B-Instruct,0.521
birth-control,loyalty,Llama-3.1-70B-Instruct,Llama-3.1-8B-Instruct,0.379
birth-control,loyalty,Llama-3.1-70B-Instruct,Llama-3.2-1B-Instruct,0.392
birth-control,loyalty,Llama-3.1-70B-Instruct,Llama-3.2-3B-Instruct,0.412
birth-control,loyalty,Llama-3.1-70B-Instruct,Qwen2.5-14B-Instruct,0.401
birth-control,loyalty,Llama-3.1-70B-Instruct,Qwen2.5-72B-Instruct,0.422
birth-control,loyalty,Llama-3.1-70B-Instruct,Qwen2.5-7B-Instruct,0.41
birth-control,loyalty,Llama-3.1-8B-Instruct,Llama-3.2-1B-Instruct,0.381
birth-control,loyalty,Llama-3.1-8B-Instruct,Llama-3.2-3B-Instruct,0.386
birth-control,loyalty,Llama-3.1-8B-Instruct,Qwen2.5-14B-Instruct,0.421
birth-control,loyalty,Llama-3.1-8B-Instruct,Qwen2.5-72B-Instruct,0.448
birth-control,loyalty,Llama-3.1-8B-Instruct,Qwen2.5-7B-Instruct,0.482
birth-control,loyalty,Llama-3.2-1B-Instruct,Llama-3.2-3B-Instruct,0.397
birth-control,loyalty,Llama-3.2-1B-Instruct,Qwen2.5-14B-Instruct,0.399
birth-control,loyalty,Llama-3.2-1B-Instruct,Qwen2.5-72B-Instruct,0.456
birth-control,loyalty,Llama-3.2-1B-Instruct,Qwen2.5-7B-Instruct,0.501
birth-control,loyalty,Llama-3.2-3B-Instruct,Qwen2.5-14B-Instruct,0.402
birth-control,loyalty,Llama-3.2-3B-Instruct,Qwen2.5-72B-Instruct,0.409
birth-control,loyalty,Llama-3.2-3B-Instruct,Qwen2.5-7B-Instruct,0.449
birth-control,loyalty,Qwen2.5-14B-Instruct,Qwen2.5-72B-Instruct,0.37
birth-control,loyalty,Qwen2.5-14B-Instruct,Qwen2.5-7B-Instruct,0.399
birth-control,loyalty,Qwen2.5-72B-Instruct,Qwen2.5-7B-Instruct,0.433
birth-control,proportionality,Apertus-8B-Instruct-2509,Llama-3.1-70B-Instruct,0.514
birth-control,proportionality,Apertus-8B-Instruct-2509,Llama-3.1-8B-Instruct,0.455
birth-control,proportionality,Apertus-8B-Instruct-2509,Llama-3.2-1B-Instruct,0.435
birth-control,proportionality,Apertus-8B-Instruct-2509,Llama-3.2-3B-Instruct,0.422
birth-control,proportionality,Apertus-8B-Instruct-2509,Qwen2.5-14B-Instruct,0.498
birth-control,proportionality,Apertus-8B-Instruct-2509,Qwen2.5-72B-Instruct,0.475
birth-control,proportionality,Apertus-8B-Instruct-2509,Qwen2.5-7B-Instruct,0.454
birth-control,proportionality,Llama-3.1-70B-Instruct,Llama-3.1-8B-Instruct,0.408
birth-control,proportionality,Llama-3.1-70B-Instruct,Llama-3.2-1B-Instruct,0.496
birth-control,proportionality,Llama-3.1-70B-Instruct,Llama-3.2-3B-Instruct,0.403
birth-control,proportionality,Llama-3.1-70B-Instruct,Qwen2.5-14B-Instruct,0.445
birth-control,proportionality,Llama-3.1-70B-Instruct,Qwen2.5-72B-Instruct,0.429
birth-control,proportionality,Llama-3.1-70B-Instruct,Qwen2.5-7B-Instruct,0.431
birth-control,proportionality,Llama-3.1-8B-Instruct,Llama-3.2-1B-Instruct,0.465
birth-control,proportionality,Llama-3.1-8B-Instruct,Llama-3.2-3B-Instruct,0.437
birth-control,proportionality,Llama-3.1-8B-Instruct,Qwen2.5-14B-Instruct,0.527
birth-control,proportionality,Llama-3.1-8B-Instruct,Qwen2.5-72B-Instruct,0.505
birth-control,proportionality,Llama-3.1-8B-Instruct,Qwen2.5-7B-Instruct,0.499
birth-control,proportionality,Llama-3.2-1B-Instruct,Llama-3.2-3B-Instruct,0.426
birth-control,proportionality,Llama-3.2-1B-Instruct,Qwen2.5-14B-Instruct,0.538
birth-control,proportionality,Llama-3.2-1B-Instruct,Qwen2.5-72B-Instruct,0.477
birth-control,proportionality,Llama-3.2-1B-Instruct,Qwen2.5-7B-Instruct,0.451
birth-control,proportionality,Llama-3.2-3B-Instruct,Qwen2.5-14B-Instruct,0.463
birth-control,proportionality,Llama-3.2-3B-Instruct,Qwen2.5-72B-Instruct,0.495
birth-control,proportionality,Llama-3.2-3B-Instruct,Qwen2.5-7B-Instruct,0.415
birth-control,proportionality,Qwen2.5-14B-Instruct,Qwen2.5-72B-Instruct,0.451
birth-control,proportionality,Qwen2.5-14B-Instruct,Qwen2.5-7B-Instruct,0.424
birth-control,proportionality,Qwen2.5-72B-Instruct,Qwen2.5-7B-Instruct,0.455
birth-control,purity,Apertus-8B-Instruct-2509,Llama-3.1-70B-Instruct,0.356
birth-control,purity,Apertus-8B-Instruct-2509,Llama-3.1-8B-Instruct,0.422
birth-control,purity,Apertus-8B-Instruct-2509,Llama-3.2-1B-Instruct,0.475
birth-control,purity,Apertus-8B-Instruct-2509,Llama-3.2-3B-Instruct,0.489
birth-control,purity,Apertus-8B-Instruct-2509,Qwen2.5-14B-Instruct,0.472
birth-control,purity,Apertus-8B-Instruct-2509,Qwen2.5-72B-Instruct,0.435
birth-control,purity,Apertus-8B-Instruct-2509,Qwen2.5-7B-Instruct,0.442
birth-control,purity,Llama-3.1-70B-Instruct,Llama-3.1-8B-Instruct,0.417
birth-control,purity,Llama-3.1-70B-Instruct,Llama-3.2-1B-Instruct,0.435
birth-control,purity,Llama-3.1-70B-Instruct,Llama-3.2-3B-Instruct,0.398
birth-control,purity,Llama-3.1-70B-Instruct,Qwen2.5-14B-Instruct,0.463
birth-control,purity,Llama-3.1-70B-Instruct,Qwen2.5-72B-Instruct,0.421
birth-control,purity,Llama-3.1-70B-Instruct,Qwen2.5-7B-Instruct,0.41
birth-control,purity,Llama-3.1-8B-Instruct,Llama-3.2-1B-Instruct,0.493
birth-control,purity,Llama-3.1-8B-Instruct,Llama-3.2-3B-Instruct,0.389
birth-control,purity,Llama-3.1-8B-Instruct,Qwen2.5-14B-Instruct,0.479
birth-control,purity,Llama-3.1-8B-Instruct,Qwen2.5-72B-Instruct,0.488
birth-control,purity,Llama-3.1-8B-Instruct,Qwen2.5-7B-Instruct,0.429
birth-control,purity,Llama-3.2-1B-Instruct,Llama-3.2-3B-Instruct,0.361
birth-control,purity,Llama-3.2-1B-Instruct,Qwen2.5-14B-Instruct,0.519
birth-control,purity,Llama-3.2-1B-Instruct,Qwen2.5-72B-Instruct,0.498
birth-control,purity,Llama-3.2-1B-Instruct,Qwen2.5-7B-Instruct,0.443
birth-control,purity,Llama-3.2-3B-Instruct,Qwen2.5-14B-Instruct,0.547
birth-control,purity,Llama-3.2-3B-Instruct,Qwen2.5-72B-Instruct,0.496
birth-control,purity,Llama-3.2-3B-Instruct,Qwen2.5-7B-Instruct,0.399
birth-control,purity,Qwen2.5-14B-Instruct,Qwen2.5-72B-Instruct,0.432
birth-control,purity,Qwen2.5-14B-Instruct,Qwen2.5-7B-Instruct,0.439
birth-control,purity,Qwen2.5-72B-Instruct,Qwen2.5-7B-Instruct,0.424
black-lives-matter,authority,Apertus-8B-Instruct-2509,Llama-3.1-70B-Instruct,0.422
black-lives-matter,authority,Apertus-8B-Instruct-2509,Llama-3.1-8B-Instruct,0.463
black-lives-matter,authority,Apertus-8B-Instruct-2509,Llama-3.2-1B-Instruct,0.478
black-lives-matter,authority,Apertus-8B-Instruct-2509,Llama-3.2-3B-Instruct,0.514
black-lives-matter,authority,Apertus-8B-Instruct-2509,Qwen2.5-14B-Instruct,0.431
black-lives-matter,authority,Apertus-8B-Instruct-2509,Qwen2.5-72B-Instruct,0.419
black-lives-matter,authority,Apertus-8B-Instruct-2509,Qwen2.5-7B-Instruct,0.379
black-lives-matter,authority,Llama-3.1-70B-Instruct,Llama-3.1-8B-Instruct,0.386
black-lives-matter,authority,Llama-3.1-70B-Instruct,Llama-3.2-1B-Instruct,0.505
black-lives-matter,authority,Llama-3.1-70B-Instruct,Llama-3.2-3B-Instruct,0.458
black-lives-matter,authority,Llama-3.1-70B-Instruct,Qwen2.5-14B-Instruct,0.431
black-lives-matter,authority,Llama-3.1-70B-Instruct,Qwen2.5-72B-Instruct,0.461
black-lives-matter,authority,Llama-3.1-70B-Instruct,Qwen2.5-7B-Instruct,0.404
black-lives-matter,authority,Llama-3.1-8B-Instruct,Llama-3.2-1B-Instruct,0.546
black-lives-matter,authority,Llama-3.1-8B-Instruct,Llama-3.2-3B-Instruct,0.512
black-lives-matter,authority,Llama-3.1-8B-Instruct,Qwen2.5-14B-Instruct,0.457
black-lives-matter,authority,Llama-3.1-8B-Instruct,Qwen2.5-72B-Instruct,0.49
black-lives-matter,authority,Llama-3.1-8B-Instruct,Qwen2.5-7B-Instruct,0.463
black-lives-matter,authority,Llama-3.2-1B-Instruct,Llama-3.2-3B-Instruct,0.473
black-lives-matter,authority,Llama-3.2-1B-Instruct,Qwen2.5-14B-Instruct,0.53
black-lives-matter,authority,Llama-3.2-1B-Instruct,Qwen2.5-72B-Instruct,0.572
black-lives-matter,authority,Llama-3.2-1B-Instruct,Qwen2.5-7B-Instruct,0.515
black-lives-matter,authority,Llama-3.2-3B-Instruct,Qwen2.5-14B-Instruct,0.518
black-lives-matter,authority,Llama-3.2-3B-Instruct,Qwen2.5-72B-Instruct,0.491
black-lives-matter,authority,Llama-3.2-3B-Instruct,Qwen2.5-7B-Instruct,0.481
black-lives-matter,authority,Qwen2.5-14B-Instruct,Qwen2.5-72B-Instruct,0.402
black-lives-matter,authority,Qwen2.5-14B-Instruct,Qwen2.5-7B-Instruct,0.406
black-lives-matter,authority,Qwen2.5-72B-Instruct,Qwen2.5-7B-Instruct,0.384
black-lives-matter,base,Apertus-8B-Instruct-2509,Llama-3.1-70B-Instruct,0.296
black-lives-matter,base,Apertus-8B-Instruct-2509,Llama-3.1-8B-Instruct,0.361
black-lives-matter,base,Apertus-8B-Instruct-2509,Llama-3.2-1B-Instruct,0.433
black-lives-matter,base,Apertus-8B-Instruct-2509,Llama-3.2-3B-Instruct,0.397
black-lives-matter,base,Apertus-8B-Instruct-2509,Qwen2.5-14B-Instruct,0.388
black-lives-matter,base,Apertus-8B-Instruct-2509,Qwen2.5-72B-Instruct,0.341
black-lives-matter,base,Apertus-8B-Instruct-2509,Qwen2.5-7B-Instruct,0.35
black-lives-matter,base,Llama-3.1-70B-Instruct,Llama-3.1-8B-Instruct,0.296
black-lives-matter,base,Llama-3.1-70B-Instruct,Llama-3.2-1B-Instruct,0.435
black-lives-matter,base,Llama-3.1-70B-Instruct,Llama-3.2-3B-Instruct,0.359
black-lives-matter,base,Llama-3.1-70B-Instruct,Qwen2.5-14B-Instruct,0.372
black-lives-matter,base,Llama-3.1-70B-Instruct,Qwen2.5-72B-Instruct,0.398
black-lives-matter,base,Llama-3.1-70B-Instruct,Qwen2.5-7B-Instruct,0.417
black-lives-matter,base,Llama-3.1-8B-Instruct,Llama-3.2-1B-Instruct,0.464
black-lives-matter,base,Llama-3.1-8B-Instruct,Llama-3.2-3B-Instruct,0.352
black-lives-matter,base,Llama-3.1-8B-Instruct,Qwen2.5-14B-Instruct,0.394
black-lives-matter,base,Llama-3.1-8B-Instruct,Qwen2.5-72B-Instruct,0.454
black-lives-matter,base,Llama-3.1-8B-Instruct,Qwen2.5-7B-Instruct,0.457
black-lives-matter,base,Llama-3.2-1B-Instruct,Llama-3.2-3B-Instruct,0.434
black-lives-matter,base,Llama-3.2-1B-Instruct,Qwen2.5-14B-Instruct,0.498
black-lives-matter,base,Llama-3.2-1B-Instruct,Qwen2.5-72B-Instruct,0.513
black-lives-matter,base,Llama-3.2-1B-Instruct,Qwen2.5-7B-Instruct,0.464
black-lives-matter,base,Llama-3.2-3B-Instruct,Qwen2.5-14B-Instruct,0.432
black-lives-matter,base,Llama-3.2-3B-Instruct,Qwen2.5-72B-Instruct,0.461
black-lives-matter,base,Llama-3.2-3B-Instruct,Qwen2.5-7B-Instruct,0.469
black-lives-matter,base,Qwen2.5-14B-Instruct,Qwen2.5-72B-Instruct,0.403
black-lives-matter,base,Qwen2.5-14B-Instruct,Qwen2.5-7B-Instruct,0.361
black-lives-matter,base,Qwen2.5-72B-Instruct,Qwen2.5-7B-Instruct,0.332
black-lives-matter,care,Apertus-8B-Instruct-2509,Llama-3.1-70B-Instruct,0.37
black-lives-matter,care,Apertus-8B-Instruct-2509,Llama-3.1-8B-Instruct,0.276
black-lives-matter,care,Apertus-8B-Instruct-2509,Llama-3.2-1B-Instruct,0.406
black-lives-matter,care,Apertus-8B-Instruct-2509,Llama-3.2-3B-Instruct,0.347
black-lives-matter,care,Apertus-8B-Instruct-2509,Qwen2.5-14B-Instruct,0.424
black-lives-matter,care,Apertus-8B-Instruct-2509,Qwen2.5-72B-Instruct,0.427
black-lives-matter,care,Apertus-8B-Instruct-2509,Qwen2.5-7B-Instruct,0.472
black-lives-matter,care,Llama-3.1-70B-Instruct,Llama-3.1-8B-Instruct,0.287
black-lives-matter,care,Llama-3.1-70B-Instruct,Llama-3.2-1B-Instruct,0.397
black-lives-matter,care,Llama-3.1-70B-Instruct,Llama-3.2-3B-Instruct,0.391
black-lives-matter,care,Llama-3.1-70B-Instruct,Qwen2.5-14B-Instruct,0.393
black-lives-matter,care,Llama-3.1-70B-Instruct,Qwen2.5-72B-Instruct,0.421
black-lives-matter,care,Llama-3.1-70B-Instruct,Qwen2.5-7B-Instruct,0.445
black-lives-matter,care,Llama-3.1-8B-Instruct,Llama-3.2-1B-Instruct,0.42
black-lives-matter,care,Llama-3.1-8B-Instruct,Llama-3.2-3B-Instruct,0.372
black-lives-matter,care,Llama-3.1-8B-Instruct,Qwen2.5-14B-Instruct,0.375
black-lives-matter,care,Llama-3.1-8B-Instruct,Qwen2.5-72B-Instruct,0.417
black-lives-matter,care,Llama-3.1-8B-Instruct,Qwen2.5-7B-Instruct,0.409
black-lives-matter,care,Llama-3.2-1B-Instruct,Llama-3.2-3B-Instruct,0.416
black-lives-matter,care,Llama-3.2-1B-Instruct,Qwen2.5-14B-Instruct,0.437
black-lives-matter,care,Llama-3.2-1B-Instruct,Qwen2.5-72B-Instruct,0.496
black-lives-matter,care,Llama-3.2-1B-Instruct,Qwen2.5-7B-Instruct,0.514
black-lives-matter,care,Llama-3.2-3B-Instruct,Qwen2.5-14B-Instruct,0.485
black-lives-matter,care,Llama-3.2-3B-Instruct,Qwen2.5-72B-Instruct,0.523
black-lives-matter,care,Llama-3.2-3B-Instruct,Qwen2.5-7B-Instruct,0.519
black-lives-matter,care,Qwen2.5-14B-Instruct,Qwen2.5-72B-Instruct,0.369
black-lives-matter,care,Qwen2.5-14B-Instruct,Qwen2.5-7B-Instruct,0.421
black-lives-matter,care,Qwen2.5-72B-Instruct,Qwen2.5-7B-Instruct,0.339
black-lives-matter,equality,Apertus-8B-Instruct-2509,Llama-3.1-70B-Instruct,0.436
black-lives-matter,equality,Apertus-8B-Instruct-2509,Llama-3.1-8B-Instruct,0.372
black-lives-matter,equality,Apertus-8B-Instruct-2509,Llama-3.2-1B-Instruct,0.401
black-lives-matter,equality,Apertus-8B-Instruct-2509,Llama-3.2-3B-Instruct,0.414
black-lives-matter,equality,Apertus-8B-Instruct-2509,Qwen2.5-14B-Instruct,0.442
black-lives-matter,equality,Apertus-8B-Instruct-2509,Qwen2.5-72B-Instruct,0.418
black-lives-matter,equality,Apertus-8B-Instruct-2509,Qwen2.5-7B-Instruct,0.398
black-lives-matter,equality,Llama-3.1-70B-Instruct,Llama-3.1-8B-Instruct,0.378
black-lives-matter,equality,Llama-3.1-70B-Instruct,Llama-3.2-1B-Instruct,0.472
black-lives-matter,equality,Llama-3.1-70B-Instruct,Llama-3.2-3B-Instruct,0.394
black-lives-matter,equality,Llama-3.1-70B-Instruct,Qwen2.5-14B-Instruct,0.426
black-lives-matter,equality,Llama-3.1-70B-Instruct,Qwen2.5-72B-Instruct,0.459
black-lives-matter,equality,Llama-3.1-70B-Instruct,Qwen2.5-7B-Instruct,0.406
black-lives-matter,equality,Llama-3.1-8B-Instruct,Llama-3.2-1B-Instruct,0.417
black-lives-matter,equality,Llama-3.1-8B-Instruct,Llama-3.2-3B-Instruct,0.381
black-lives-matter,equality,Llama-3.1-8B-Instruct,Qwen2.5-14B-Instruct,0.413
black-lives-matter,equality,Llama-3.1-8B-Instruct,Qwen2.5-72B-Instruct,0.388
black-lives-matter,equality,Llama-3.1-8B-Instruct,Qwen2.5-7B-Instruct,0.412
black-lives-matter,equality,Llama-3.2-1B-Instruct,Llama-3.2-3B-Instruct,0.393
black-lives-matter,equality,Llama-3.2-1B-Instruct,Qwen2.5-14B-Instruct,0.501
black-lives-matter,equality,Llama-3.2-1B-Instruct,Qwen2.5-72B-Instruct,0.46
black-lives-matter,equality,Llama-3.2-1B-Instruct,Qwen2.5-7B-Instruct,0.436
black-lives-matter,equality,Llama-3.2-3B-Instruct,Qwen2.5-14B-Instruct,0.481
black-lives-matter,equality,Llama-3.2-3B-Instruct,Qwen2.5-72B-Instruct,0.47
black-lives-matter,equality,Llama-3.2-3B-Instruct,Qwen2.5-7B-Instruct,0.466
black-lives-matter,equality,Qwen2.5-14B-Instruct,Qwen2.5-72B-Instruct,0.324
black-lives-matter,equality,Qwen2.5-14B-Instruct,Qwen2.5-7B-Instruct,0.359
black-lives-matter,equality,Qwen2.5-72B-Instruct,Qwen2.5-7B-Instruct,0.362
black-lives-matter,loyalty,Apertus-8B-Instruct-2509,Llama-3.1-70B-Instruct,0.455
black-lives-matter,loyalty,Apertus-8B-Instruct-2509,Llama-3.1-8B-Instruct,0.54
black-lives-matter,loyalty,Apertus-8B-Instruct-2509,Llama-3.2-1B-Instruct,0.433
black-lives-matter,loyalty,Apertus-8B-Instruct-2509,Llama-3.2-3B-Instruct,0.395
black-lives-matter,loyalty,Apertus-8B-Instruct-2509,Qwen2.5-14B-Instruct,0.523
black-lives-matter,loyalty,Apertus-8B-Instruct-2509,Qwen2.5-72B-Instruct,0.513
black-lives-matter,loyalty,Apertus-8B-Instruct-2509,Qwen2.5-7B-Instruct,0.556
black-lives-matter,loyalty,Llama-3.1-70B-Instruct,Llama-3.1-8B-Instruct,0.361
black-lives-matter,loyalty,Llama-3.1-70B-Instruct,Llama-3.2-1B-Instruct,0.504
black-lives-matter,loyalty,Llama-3.1-70B-Instruct,Llama-3.2-3B-Instruct,0.36
black-lives-matter,loyalty,Llama-3.1-70B-Instruct,Qwen2.5-14B-Instruct,0.37
black-lives-matter,loyalty,Llama-3.1-70B-Instruct,Qwen2.5-72B-Instruct,0.408
black-lives-matter,loyalty,Llama-3.1-70B-Instruct,Qwen2.5-7B-Instruct,0.403
black-lives-matter,loyalty,Llama-3.1-8B-Instruct,Llama-3.2-1B-Instruct,0.54
black-lives-matter,loyalty,Llama-3.1-8B-Instruct,Llama-3.2-3B-Instruct,0.409
black-lives-matter,loyalty,Llama-3.1-8B-Instruct,Qwen2.5-14B-Instruct,0.45
black-lives-matter,loyalty,Llama-3.1-8B-Instruct,Qwen2.5-72B-Instruct,0.479
black-lives-matter,loyalty,Llama-3.1-8B-Instruct,Qwen2.5-7B-Instruct,0.464
black-lives-matter,loyalty,Llama-3.2-1B-Instruct,Llama-3.2-3B-Instruct,0.488
black-lives-matter,loyalty,Llama-3.2-1B-Instruct,Qwen2.5-14B-Instruct,0.529
black-lives-matter,loyalty,Llama-3.2-1B-Instruct,Qwen2.5-72B-Instruct,0.532
black-lives-matter,loyalty,Llama-3.2-1B-Instruct,Qwen2.5-7B-Instruct,0.549
black-lives-matter,loyalty,Llama-3.2-3B-Instruct,Qwen2.5-14B-Instruct,0.453
black-lives-matter,loyalty,Llama-3.2-3B-Instruct,Qwen2.5-72B-Instruct,0.496
black-lives-matter,loyalty,Llama-3.2-3B-Instruct,Qwen2.5-7B-Instruct,0.495
black-lives-matter,loyalty,Qwen2.5-14B-Instruct,Qwen2.5-72B-Instruct,0.431
black-lives-matter,loyalty,Qwen2.5-14B-Instruct,Qwen2.5-7B-Instruct,0.421
black-lives-matter,loyalty,Qwen2.5-72B-Instruct,Qwen2.5-7B-Instruct,0.395
black-lives-matter,proportionality,Apertus-8B-Instruct-2509,Llama-3.1-70B-Instruct,0.47
black-lives-matter,proportionality,Apertus-8B-Instruct-2509,Llama-3.1-8B-Instruct,0.449
black-lives-matter,proportionality,Apertus-8B-Instruct-2509,Llama-3.2-1B-Instruct,0.379
black-lives-matter,proportionality,Apertus-8B-Instruct-2509,Llama-3.2-3B-Instruct,0.433
black-lives-matter,proportionality,Apertus-8B-Instruct-2509,Qwen2.5-14B-Instruct,0.447
black-lives-matter,proportionality,Apertus-8B-Instruct-2509,Qwen2.5-72B-Instruct,0.446
black-lives-matter,proportionality,Apertus-8B-Instruct-2509,Qwen2.5-7B-Instruct,0.444
black-lives-matter,proportionality,Llama-3.1-70B-Instruct,Llama-3.1-8B-Instruct,0.403
black-lives-matter,proportionality,Llama-3.1-70B-Instruct,Llama-3.2-1B-Instruct,0.51
black-lives-matter,proportionality,Llama-3.1-70B-Instruct,Llama-3.2-3B-Instruct,0.449
black-lives-matter,proportionality,Llama-3.1-70B-Instruct,Qwen2.5-14B-Instruct,0.425
black-lives-matter,proportionality,Llama-3.1-70B-Instruct,Qwen2.5-72B-Instruct,0.406
black-lives-matter,proportionality,Llama-3.1-70B-Instruct,Qwen2.5-7B-Instruct,0.468
black-lives-matter,proportionality,Llama-3.1-8B-Instruct,Llama-3.2-1B-Instruct,0.485
black-lives-matter,proportionality,Llama-3.1-8B-Instruct,Llama-3.2-3B-Instruct,0.37
black-lives-matter,proportionality,Llama-3.1-8B-Instruct,Qwen2.5-14B-Instruct,0.454
black-lives-matter,proportionality,Llama-3.1-8B-Instruct,Qwen2.5-72B-Instruct,0.41
black-lives-matter,proportionality,Llama-3.1-8B-Instruct,Qwen2.5-7B-Instruct,0.489
black-lives-matter,proportionality,Llama-3.2-1B-Instruct,Llama-3.2-3B-Instruct,0.434
black-lives-matter,proportionality,Llama-3.2-1B-Instruct,Qwen2.5-14B-Instruct,0.527
black-lives-matter,proportionality,Llama-3.2-1B-Instruct,Qwen2.5-72B-Instruct,0.498
black-lives-matter,proportionality,Llama-3.2-1B-Instruct,Qwen2.5-7B-Instruct,0.513
black-lives-matter,proportionality,Llama-3.2-3B-Instruct,Qwen2.5-14B-Instruct,0.478
black-lives-matter,proportionality,Llama-3.2-3B-Instruct,Qwen2.5-72B-Instruct,0.451
black-lives-matter,proportionality,Llama-3.2-3B-Instruct,Qwen2.5-7B-Instruct,0.476
black-lives-matter,proportionality,Qwen2.5-14B-Instruct,Qwen2.5-72B-Instruct,0.311
black-lives-matter,proportionality,Qwen2.5-14B-Instruct,Qwen2.5-7B-Instruct,0.364
black-lives-matter,proportionality,Qwen2.5-72B-Instruct,Qwen2.5-7B-Instruct,0.398
black-lives-matter,purity,Apertus-8B-Instruct-2509,Llama-3.1-70B-Instruct,0.523
black-lives-matter,purity,Apertus-8B-Instruct-2509,Llama-3.1-8B-Instruct,0.491
black-lives-matter,purity,Apertus-8B-Instruct-2509,Llama-3.2-1B-Instruct,0.497
black-lives-matter,purity,Apertus-8B-Instruct-2509,Llama-3.2-3B-Instruct,0.458
black-lives-matter,purity,Apertus-8B-Instruct-2509,Qwen2.5-14B-Instruct,0.46
black-lives-matter,purity,Apertus-8B-Instruct-2509,Qwen2.5-72B-Instruct,0.555
black-lives-matter,purity,Apertus-8B-Instruct-2509,Qwen2.5-7B-Instruct,0.545
black-lives-matter,purity,Llama-3.1-70B-Instruct,Llama-3.1-8B-Instruct,0.316
black-lives-matter,purity,Llama-3.1-70B-Instruct,Llama-3.2-1B-Instruct,0.529
black-lives-matter,purity,Llama-3.1-70B-Instruct,Llama-3.2-3B-Instruct,0.492
black-lives-matter,purity,Llama-3.1-70B-Instruct,Qwen2.5-14B-Instruct,0.443
black-lives-matter,purity,Llama-3.1-70B-Instruct,Qwen2.5-72B-Instruct,0.441
black-lives-matter,purity,Llama-3.1-70B-Instruct,Qwen2.5-7B-Instruct,0.418
black-lives-matter,purity,Llama-3.1-8B-Instruct,Llama-3.2-1B-Instruct,0.527
black-lives-matter,purity,Llama-3.1-8B-Instruct,Llama-3.2-3B-Instruct,0.513
black-lives-matter,purity,Llama-3.1-8B-Instruct,Qwen2.5-14B-Instruct,0.501
black-lives-matter,purity,Llama-3.1-8B-Instruct,Qwen2.5-72B-Instruct,0.433
black-lives-matter,purity,Llama-3.1-8B-Instruct,Qwen2.5-7B-Instruct,0.446
black-lives-matter,purity,Llama-3.2-1B-Instruct,Llama-3.2-3B-Instruct,0.429
black-lives-matter,purity,Llama-3.2-1B-Instruct,Qwen2.5-14B-Instruct,0.515
black-lives-matter,purity,Llama-3.2-1B-Instruct,Qwen2.5-72B-Instruct,0.553
black-lives-matter,purity,Llama-3.2-1B-Instruct,Qwen2.5-7B-Instruct,0.505
black-lives-matter,purity,Llama-3.2-3B-Instruct,Qwen2.5-14B-Instruct,0.481
black-lives-matter,purity,Llama-3.2-3B-Instruct,Qwen2.5-72B-Instruct,0.516
black-lives-matter,purity,Llama-3.2-3B-Instruct,Qwen2.5-7B-Instruct,0.45
black-lives-matter,purity,Qwen2.5-14B-Instruct,Qwen2.5-72B-Instruct,0.444
black-lives-matter,purity,Qwen2.5-14B-Instruct,Qwen2.5-7B-Instruct,0.462
black-lives-matter,purity,Qwen2.5-72B-Instruct,Qwen2.5-7B-Instruct,0.421
capital-punishment-death-penalty,authority,Apertus-8B-Instruct-2509,Llama-3.1-70B-Instruct,0.358
capital-punishment-death-penalty,authority,Apertus-8B-Instruct-2509,Llama-3.1-8B-Instruct,0.413
capital-punishment-death-penalty,authority,Apertus-8B-Instruct-2509,Llama-3.2-1B-Instruct,0.533
capital-punishment-death-penalty,authority,Apertus-8B-Instruct-2509,Llama-3.2-3B-Instruct,0.434
capital-punishment-death-penalty,authority,Apertus-8B-Instruct-2509,Qwen2.5-14B-Instruct,0.546
capital-punishment-death-penalty,authority,Apertus-8B-Instruct-2509,Qwen2.5-72B-Instruct,0.402
capital-punishment-death-penalty,authority,Apertus-8B-Instruct-2509,Qwen2.5-7B-Instruct,0.458
capital-punishment-death-penalty,authority,Llama-3.1-70B-Instruct,Llama-3.1-8B-Instruct,0.367
capital-punishment-death-penalty,authority,Llama-3.1-70B-Instruct,Llama-3.2-1B-Instruct,0.479
capital-punishment-death-penalty,authority,Llama-3.1-70B-Instruct,Llama-3.2-3B-Instruct,0.415
capital-punishment-death-penalty,authority,Llama-3.1-70B-Instruct,Qwen2.5-14B-Instruct,0.46
capital-punishment-death-penalty,authority,Llama-3.1-70B-Instruct,Qwen2.5-72B-Instruct,0.446
capital-punishment-death-penalty,authority,Llama-3.1-70B-Instruct,Qwen2.5-7B-Instruct,0.458
capital-punishment-death-penalty,authority,Llama-3.1-8B-Instruct,Llama-3.2-1B-Instruct,0.446
capital-punishment-death-penalty,authority,Llama-3.1-8B-Instruct,Llama-3.2-3B-Instruct,0.469
capital-punishment-death-penalty,authority,Llama-3.1-8B-Instruct,Qwen2.5-14B-Instruct,0.524
capital-punishment-death-penalty,authority,Llama-3.1-8B-Instruct,Qwen2.5-72B-Instruct,0.461
capital-punishment-death-penalty,authority,Llama-3.1-8B-Instruct,Qwen2.5-7B-Instruct,0.477
capital-punishment-death-penalty,authority,Llama-3.2-1B-Instruct,Llama-3.2-3B-Instruct,0.422
capital-punishment-death-penalty,authority,Llama-3.2-1B-Instruct,Qwen2.5-14B-Instruct,0.541
capital-punishment-death-penalty,authority,Llama-3.2-1B-Instruct,Qwen2.5-72B-Instruct,0.547
capital-punishment-death-penalty,authority,Llama-3.2-1B-Instruct,Qwen2.5-7B-Instruct,0.535
capital-punishment-death-penalty,authority,Llama-3.2-3B-Instruct,Qwen2.5-14B-Instruct,0.48
capital-punishment-death-penalty,authority,Llama-3.2-3B-Instruct,Qwen2.5-72B-Instruct,0.451
capital-punishment-death-penalty,authority,Llama-3.2-3B-Instruct,Qwen2.5-7B-Instruct,0.477
capital-punishment-death-penalty,authority,Qwen2.5-14B-Instruct,Qwen2.5-72B-Instruct,0.438
capital-punishment-death-penalty,authority,Qwen2.5-14B-Instruct,Qwen2.5-7B-Instruct,0.441
capital-punishment-death-penalty,authority,Qwen2.5-72B-Instruct,Qwen2.5-7B-Instruct,0.398
capital-punishment-death-penalty,base,Apertus-8B-Instruct-2509,Llama-3.1-70B-Instruct,0.499
capital-punishment-death-penalty,base,Apertus-8B-Instruct-2509,Llama-3.1-8B-Instruct,0.483
capital-punishment-death-penalty,base,Apertus-8B-Instruct-2509,Llama-3.2-1B-Instruct,0.475
capital-punishment-death-penalty,base,Apertus-8B-Instruct-2509,Llama-3.2-3B-Instruct,0.497
capital-punishment-death-penalty,base,Apertus-8B-Instruct-2509,Qwen2.5-14B-Instruct,0.434
capital-punishment-death-penalty,base,Apertus-8B-Instruct-2509,Qwen2.5-72B-Instruct,0.491
capital-punishment-death-penalty,base,Apertus-8B-Instruct-2509,Qwen2.5-7B-Instruct,0.429
capital-punishment-death-penalty,base,Llama-3.1-70B-Instruct,Llama-3.1-8B-Instruct,0.333
capital-punishment-death-penalty,base,Llama-3.1-70B-Instruct,Llama-3.2-1B-Instruct,0.439
capital-punishment-death-penalty,base,Llama-3.1-70B-Instruct,Llama-3.2-3B-Instruct,0.336
capital-punishment-death-penalty,base,Llama-3.1-70B-Instruct,Qwen2.5-14B-Instruct,0.412
capital-punishment-death-penalty,base,Llama-3.1-70B-Instruct,Qwen2.5-72B-Instruct,0.45
capital-punishment-death-penalty,base,Llama-3.1-70B-Instruct,Qwen2.5-7B-Instruct,0.422
capital-punishment-death-penalty,base,Llama-3.1-8B-Instruct,Llama-3.2-1B-Instruct,0.512
capital-punishment-death-penalty,base,Llama-3.1-8B-Instruct,Llama-3.2-3B-Instruct,0.359
capital-punishment-death-penalty,base,Llama-3.1-8B-Instruct,Qwen2.5-14B-Instruct,0.4
capital-punishment-death-penalty,base,Llama-3.1-8B-Instruct,Qwen2.5-72B-Instruct,0.443
capital-punishment-death-penalty,base,Llama-3.1-8B-Instruct,Qwen2.5-7B-Instruct,0.444
capital-punishment-death-penalty,base,Llama-3.2-1B-Instruct,Llama-3.2-3B-Instruct,0.477
capital-punishment-death-penalty,base,Llama-3.2-1B-Instruct,Qwen2.5-14B-Instruct,0.53
capital-punishment-death-penalty,base,Llama-3.2-1B-Instruct,Qwen2.5-72B-Instruct,0.529
capital-punishment-death-penalty,base,Llama-3.2-1B-Instruct,Qwen2.5-7B-Instruct,0.5
capital-punishment-death-penalty,base,Llama-3.2-3B-Instruct,Qwen2.5-14B-Instruct,0.414
capital-punishment-death-penalty,base,Llama-3.2-3B-Instruct,Qwen2.5-72B-Instruct,0.439
capital-punishment-death-penalty,base,Llama-3.2-3B-Instruct,Qwen2.5-7B-Instruct,0.445
capital-punishment-death-penalty,base,Qwen2.5-14B-Instruct,Qwen2.5-72B-Instruct,0.368
capital-punishment-death-penalty,base,Qwen2.5-14B-Instruct,Qwen2.5-7B-Instruct,0.324
capital-punishment-death-penalty,base,Qwen2.5-72B-Instruct,Qwen2.5-7B-Instruct,0.363
capital-punishment-death-penalty,care,Apertus-8B-Instruct-2509,Llama-3.1-70B-Instruct,0.383
capital-punishment-death-penalty,care,Apertus-8B-Instruct-2509,Llama-3.1-8B-Instruct,0.36
capital-punishment-death-penalty,care,Apertus-8B-Instruct-2509,Llama-3.2-1B-Instruct,0.492
capital-punishment-death-penalty,care,Apertus-8B-Instruct-2509,Llama-3.2-3B-Instruct,0.384
capital-punishment-death-penalty,care,Apertus-8B-Instruct-2509,Qwen2.5-14B-Instruct,0.425
capital-punishment-death-penalty,care,Apertus-8B-Instruct-2509,Qwen2.5-72B-Instruct,0.469
capital-punishment-death-penalty,care,Apertus-8B-Instruct-2509,Qwen2.5-7B-Instruct,0.463
capital-punishment-death-penalty,care,Llama-3.1-70B-Instruct,Llama-3.1-8B-Instruct,0.399
capital-punishment-death-penalty,care,Llama-3.1-70B-Instruct,Llama-3.2-1B-Instruct,0.45
capital-punishment-death-penalty,care,Llama-3.1-70B-Instruct,Llama-3.2-3B-Instruct,0.355
capital-punishment-death-penalty,care,Llama-3.1-70B-Instruct,Qwen2.5-14B-Instruct,0.434
capital-punishment-death-penalty,care,Llama-3.1-70B-Instruct,Qwen2.5-72B-Instruct,0.422
capital-punishment-death-penalty,care,Llama-3.1-70B-Instruct,Qwen2.5-7B-Instruct,0.434
capital-punishment-death-penalty,care,Llama-3.1-8B-Instruct,Llama-3.2-1B-Instruct,0.447
capital-punishment-death-penalty,care,Llama-3.1-8B-Instruct,Llama-3.2-3B-Instruct,0.412
capital-punishment-death-penalty,care,Llama-3.1-8B-Instruct,Qwen2.5-14B-Instruct,0.429
capital-punishment-death-penalty,care,Llama-3.1-8B-Instruct,Qwen2.5-72B-Instruct,0.477
capital-punishment-death-penalty,care,Llama-3.1-8B-Instruct,Qwen2.5-7B-Instruct,0.484
capital-punishment-death-penalty,care,Llama-3.2-1B-Instruct,Llama-3.2-3B-Instruct,0.445
capital-punishment-death-penalty,care,Llama-3.2-1B-Instruct,Qwen2.5-14B-Instruct,0.497
capital-punishment-death-penalty,care,Llama-3.2-1B-Instruct,Qwen2.5-72B-Instruct,0.503
capital-punishment-death-penalty,care,Llama-3.2-1B-Instruct,Qwen2.5-7B-Instruct,0.486
capital-punishment-death-penalty,care,Llama-3.2-3B-Instruct,Qwen2.5-14B-Instruct,0.434
capital-punishment-death-penalty,care,Llama-3.2-3B-Instruct,Qwen2.5-72B-Instruct,0.362
capital-punishment-death-penalty,care,Llama-3.2-3B-Instruct,Qwen2.5-7B-Instruct,0.418
capital-punishment-death-penalty,care,Qwen2.5-14B-Instruct,Qwen2.5-72B-Instruct,0.444
capital-punishment-death-penalty,care,Qwen2.5-14B-Instruct,Qwen2.5-7B-Instruct,0.495
capital-punishment-death-penalty,care,Qwen2.5-72B-Instruct,Qwen2.5-7B-Instruct,0.418
capital-punishment-death-penalty,equality,Apertus-8B-Instruct-2509,Llama-3.1-70B-Instruct,0.528
capital-punishment-death-penalty,equality,Apertus-8B-Instruct-2509,Llama-3.1-8B-Instruct,0.543
capital-punishment-death-penalty,equality,Apertus-8B-Instruct-2509,Llama-3.2-1B-Instruct,0.562
capital-punishment-death-penalty,equality,Apertus-8B-Instruct-2509,Llama-3.2-3B-Instruct,0.515
capital-punishment-death-penalty,equality,Apertus-8B-Instruct-2509,Qwen2.5-14B-Instruct,0.501
capital-punishment-death-penalty,equality,Apertus-8B-Instruct-2509,Qwen2.5-72B-Instruct,0.525
capital-punishment-death-penalty,equality,Apertus-8B-Instruct-2509,Qwen2.5-7B-Instruct,0.509
capital-punishment-death-penalty,equality,Llama-3.1-70B-Instruct,Llama-3.1-8B-Instruct,0.45
capital-punishment-death-penalty,equality,Llama-3.1-70B-Instruct,Llama-3.2-1B-Instruct,0.434
capital-punishment-death-penalty,equality,Llama-3.1-70B-Instruct,Llama-3.2-3B-Instruct,0.374
capital-punishment-death-penalty,equality,Llama-3.1-70B-Instruct,Qwen2.5-14B-Instruct,0.439
capital-punishment-death-penalty,equality,Llama-3.1-70B-Instruct,Qwen2.5-72B-Instruct,0.467
capital-punishment-death-penalty,equality,Llama-3.1-70B-Instruct,Qwen2.5-7B-Instruct,0.397
capital-punishment-death-penalty,equality,Llama-3.1-8B-Instruct,Llama-3.2-1B-Instruct,0.501
capital-punishment-death-penalty,equality,Llama-3.1-8B-Instruct,Llama-3.2-3B-Instruct,0.41
capital-punishment-death-penalty,equality,Llama-3.1-8B-Instruct,Qwen2.5-14B-Instruct,0.468
capital-punishment-death-penalty,equality,Llama-3.1-8B-Instruct,Qwen2.5-72B-Instruct,0.5
capital-punishment-death-penalty,equality,Llama-3.1-8B-Instruct,Qwen2.5-7B-Instruct,0.473
capital-punishment-death-penalty,equality,Llama-3.2-1B-Instruct,Llama-3.2-3B-Instruct,0.444
capital-punishment-death-penalty,equality,Llama-3.2-1B-Instruct,Qwen2.5-14B-Instruct,0.503
capital-punishment-death-penalty,equality,Llama-3.2-1B-Instruct,Qwen2.5-72B-Instruct,0.529
capital-punishment-death-penalty,equality,Llama-3.2-1B-Instruct,Qwen2.5-7B-Instruct,0.515
capital-punishment-death-penalty,equality,Llama-3.2-3B-Instruct,Qwen2.5-14B-Instruct,0.428
capital-punishment-death-penalty,equality,Llama-3.2-3B-Instruct,Qwen2.5-72B-Instruct,0.457
capital-punishment-death-penalty,equality,Llama-3.2-3B-Instruct,Qwen2.5-7B-Instruct,0.381
capital-punishment-death-penalty,equality,Qwen2.5-14B-Instruct,Qwen2.5-72B-Instruct,0.413
capital-punishment-death-penalty,equality,Qwen2.5-14B-Instruct,Qwen2.5-7B-Instruct,0.495
capital-punishment-death-penalty,equality,Qwen2.5-72B-Instruct,Qwen2.5-7B-Instruct,0.404
capital-punishment-death-penalty,loyalty,Apertus-8B-Instruct-2509,Llama-3.1-70B-Instruct,0.405
capital-punishment-death-penalty,loyalty,Apertus-8B-Instruct-2509,Llama-3.1-8B-Instruct,0.376
capital-punishment-death-penalty,loyalty,Apertus-8B-Instruct-2509,Llama-3.2-1B-Instruct,0.57
capital-punishment-death-penalty,loyalty,Apertus-8B-Instruct-2509,Llama-3.2-3B-Instruct,0.496
capital-punishment-death-penalty,loyalty,Apertus-8B-Instruct-2509,Qwen2.5-14B-Instruct,0.524
capital-punishment-death-penalty,loyalty,Apertus-8B-Instruct-2509,Qwen2.5-72B-Instruct,0.475
capital-punishment-death-penalty,loyalty,Apertus-8B-Instruct-2509,Qwen2.5-7B-Instruct,0.584
capital-punishment-death-penalty,loyalty,Llama-3.1-70B-Instruct,Llama-3.1-8B-Instruct,0.391
capital-punishment-death-penalty,loyalty,Llama-3.1-70B-Instruct,Llama-3.2-1B-Instruct,0.564
capital-punishment-death-penalty,loyalty,Llama-3.1-70B-Instruct,Llama-3.2-3B-Instruct,0.459
capital-punishment-death-penalty,loyalty,Llama-3.1-70B-Instruct,Qwen2.5-14B-Instruct,0.467
capital-punishment-death-penalty,loyalty,Llama-3.1-70B-Instruct,Qwen2.5-72B-Instruct,0.491
capital-punishment-death-penalty,loyalty,Llama-3.1-70B-Instruct,Qwen2.5-7B-Instruct,0.571
capital-punishment-death-penalty,loyalty,Llama-3.1-8B-Instruct,Llama-3.2-1B-Instruct,0.561
capital-punishment-death-penalty,loyalty,Llama-3.1-8B-Instruct,Llama-3.2-3B-Instruct,0.454
capital-punishment-death-penalty,loyalty,Llama-3.1-8B-Instruct,Qwen2.5-14B-Instruct,0.543
capital-punishment-death-penalty,loyalty,Llama-3.1-8B-Instruct,Qwen2.5-72B-Instruct,0.528
capital-punishment-death-penalty,loyalty,Llama-3.1-8B-Instruct,Qwen2.5-7B-Instruct,0.601
capital-punishment-death-penalty,loyalty,Llama-3.2-1B-Instruct,Llama-3.2-3B-Instruct,0.504
capital-punishment-death-penalty,loyalty,Llama-3.2-1B-Instruct,Qwen2.5-14B-Instruct,0.57
capital-punishment-death-penalty,loyalty,Llama-3.2-1B-Instruct,Qwen2.5-72B-Instruct,0.524
capital-punishment-death-penalty,loyalty,Llama-3.2-1B-Instruct,Qwen2.5-7B-Instruct,0.546
capital-punishment-death-penalty,loyalty,Llama-3.2-3B-Instruct,Qwen2.5-14B-Instruct,0.58
capital-punishment-death-penalty,loyalty,Llama-3.2-3B-Instruct,Qwen2.5-72B-Instruct,0.506
capital-punishment-death-penalty,loyalty,Llama-3.2-3B-Instruct,Qwen2.5-7B-Instruct,0.564
capital-punishment-death-penalty,loyalty,Qwen2.5-14B-Instruct,Qwen2.5-72B-Instruct,0.467
capital-punishment-death-penalty,loyalty,Qwen2.5-14B-Instruct,Qwen2.5-7B-Instruct,0.459
capital-punishment-death-penalty,loyalty,Qwen2.5-72B-Instruct,Qwen2.5-7B-Instruct,0.533
capital-punishment-death-penalty,proportionality,Apertus-8B-Instruct-2509,Llama-3.1-70B-Instruct,0.47
capital-punishment-death-penalty,proportionality,Apertus-8B-Instruct-2509,Llama-3.1-8B-Instruct,0.507
capital-punishment-death-penalty,proportionality,Apertus-8B-Instruct-2509,Llama-3.2-1B-Instruct,0.551
capital-punishment-death-penalty,proportionality,Apertus-8B-Instruct-2509,Llama-3.2-3B-Instruct,0.595
capital-punishment-death-penalty,proportionality,Apertus-8B-Instruct-2509,Qwen2.5-14B-Instruct,0.529
capital-punishment-death-penalty,proportionality,Apertus-8B-Instruct-2509,Qwen2.5-72B-Instruct,0.55
capital-punishment-death-penalty,proportionality,Apertus-8B-Instruct-2509,Qwen2.5-7B-Instruct,0.555
capital-punishment-death-penalty,proportionality,Llama-3.1-70B-Instruct,Llama-3.1-8B-Instruct,0.452
capital-punishment-death-penalty,proportionality,Llama-3.1-70B-Instruct,Llama-3.2-1B-Instruct,0.513
capital-punishment-death-penalty,proportionality,Llama-3.1-70B-Instruct,Llama-3.2-3B-Instruct,0.455
capital-punishment-death-penalty,proportionality,Llama-3.1-70B-Instruct,Qwen2.5-14B-Instruct,0.497
capital-punishment-death-penalty,proportionality,Llama-3.1-70B-Instruct,Qwen2.5-72B-Instruct,0.424
capital-punishment-death-penalty,proportionality,Llama-3.1-70B-Instruct,Qwen2.5-7B-Instruct,0.508
capital-punishment-death-penalty,proportionality,Llama-3.1-8B-Instruct,Llama-3.2-1B-Instruct,0.435
capital-punishment-death-penalty,proportionality,Llama-3.1-8B-Instruct,Llama-3.2-3B-Instruct,0.429
capital-punishment-death-penalty,proportionality,Llama-3.1-8B-Instruct,Qwen2.5-14B-Instruct,0.562
capital-punishment-death-penalty,proportionality,Llama-3.1-8B-Instruct,Qwen2.5-72B-Instruct,0.561
capital-punishment-death-penalty,proportionality,Llama-3.1-8B-Instruct,Qwen2.5-7B-Instruct,0.513
capital-punishment-death-penalty,proportionality,Llama-3.2-1B-Instruct,Llama-3.2-3B-Instruct,0.482
capital-punishment-death-penalty,proportionality,Llama-3.2-1B-Instruct,Qwen2.5-14B-Instruct,0.551
capital-punishment-death-penalty,proportionality,Llama-3.2-1B-Instruct,Qwen2.5-72B-Instruct,0.553
capital-punishment-death-penalty,proportionality,Llama-3.2-1B-Instruct,Qwen2.5-7B-Instruct,0.52
capital-punishment-death-penalty,proportionality,Llama-3.2-3B-Instruct,Qwen2.5-14B-Instruct,0.58
capital-punishment-death-penalty,proportionality,Llama-3.2-3B-Instruct,Qwen2.5-72B-Instruct,0.527
capital-punishment-death-penalty,proportionality,Llama-3.2-3B-Instruct,Qwen2.5-7B-Instruct,0.509
capital-punishment-death-penalty,proportionality,Qwen2.5-14B-Instruct,Qwen2.5-72B-Instruct,0.446
capital-punishment-death-penalty,proportionality,Qwen2.5-14B-Instruct,Qwen2.5-7B-Instruct,0.495
capital-punishment-death-penalty,proportionality,Qwen2.5-72B-Instruct,Qwen2.5-7B-Instruct,0.516
capital-punishment-death-penalty,purity,Apertus-8B-Instruct-2509,Llama-3.1-70B-Instruct,0.417
capital-punishment-death-penalty,purity,Apertus-8B-Instruct-2509,Llama-3.1-8B-Instruct,0.535
capital-punishment-death-penalty,purity,Apertus-8B-Instruct-2509,Llama-3.2-1B-Instruct,0.56
capital-punishment-death-penalty,purity,Apertus-8B-Instruct-2509,Llama-3.2-3B-Instruct,0.572
capital-punishment-death-penalty,purity,Apertus-8B-Instruct-2509,Qwen2.5-14B-Instruct,0.617
capital-punishment-death-penalty,purity,Apertus-8B-Instruct-2509,Qwen2.5-72B-Instruct,0.576
capital-punishment-death-penalty,purity,Apertus-8B-Instruct-2509,Qwen2.5-7B-Instruct,0.581
capital-punishment-death-penalty,purity,Llama-3.1-70B-Instruct,Llama-3.1-8B-Instruct,0.41
capital-punishment-death-penalty,purity,Llama-3.1-70B-Instruct,Llama-3.2-1B-Instruct,0.479
capital-punishment-death-penalty,purity,Llama-3.1-70B-Instruct,Llama-3.2-3B-Instruct,0.465
capital-punishment-death-penalty,purity,Llama-3.1-70B-Instruct,Qwen2.5-14B-Instruct,0.512
capital-punishment-death-penalty,purity,Llama-3.1-70B-Instruct,Qwen2.5-72B-Instruct,0.466
capital-punishment-death-penalty,purity,Llama-3.1-70B-Instruct,Qwen2.5-7B-Instruct,0.517
capital-punishment-death-penalty,purity,Llama-3.1-8B-Instruct,Llama-3.2-1B-Instruct,0.463
capital-punishment-death-penalty,purity,Llama-3.1-8B-Instruct,Llama-3.2-3B-Instruct,0.351
capital-punishment-death-penalty,purity,Llama-3.1-8B-Instruct,Qwen2.5-14B-Instruct,0.501
capital-punishment-death-penalty,purity,Llama-3.1-8B-Instruct,Qwen2.5-72B-Instruct,0.38
capital-punishment-death-penalty,purity,Llama-3.1-8B-Instruct,Qwen2.5-7B-Instruct,0.46
capital-punishment-death-penalty,purity,Llama-3.2-1B-Instruct,Llama-3.2-3B-Instruct,0.454
capital-punishment-death-penalty,purity,Llama-3.2-1B-Instruct,Qwen2.5-14B-Instruct,0.549
capital-punishment-death-penalty,purity,Llama-3.2-1B-Instruct,Qwen2.5-72B-Instruct,0.489
capital-punishment-death-penalty,purity,Llama-3.2-1B-Instruct,Qwen2.5-7B-Instruct,0.55
capital-punishment-death-penalty,purity,Llama-3.2-3B-Instruct,Qwen2.5-14B-Instruct,0.49
capital-punishment-death-penalty,purity,Llama-3.2-3B-Instruct,Qwen2.5-72B-Instruct,0.408
capital-punishment-death-penalty,purity,Llama-3.2-3B-Instruct,Qwen2.5-7B-Instruct,0.464
capital-punishment-death-penalty,purity,Qwen2.5-14B-Instruct,Qwen2.5-72B-Instruct,0.416
capital-punishment-death-penalty,purity,Qwen2.5-14B-Instruct,Qwen2.5-7B-Instruct,0.484
capital-punishment-death-penalty,purity,Qwen2.5-72B-Instruct,Qwen2.5-7B-Instruct,0.446
capitalism,authority,Apertus-8B-Instruct-2509,Llama-3.1-70B-Instruct,0.37
capitalism,authority,Apertus-8B-Instruct-2509,Llama-3.1-8B-Instruct,0.438
capitalism,authority,Apertus-8B-Instruct-2509,Llama-3.2-1B-Instruct,0.381
capitalism,authority,Apertus-8B-Instruct-2509,Llama-3.2-3B-Instruct,0.432
capitalism,authority,Apertus-8B-Instruct-2509,Qwen2.5-14B-Instruct,0.412
capitalism,authority,Apertus-8B-Instruct-2509,Qwen2.5-72B-Instruct,0.394
capitalism,authority,Apertus-8B-Instruct-2509,Qwen2.5-7B-Instruct,0.606
capitalism,authority,Llama-3.1-70B-Instruct,Llama-3.1-8B-Instruct,0.3
capitalism,authority,Llama-3.1-70B-Instruct,Llama-3.2-1B-Instruct,0.364
capitalism,authority,Llama-3.1-70B-Instruct,Llama-3.2-3B-Instruct,0.394
capitalism,authority,Llama-3.1-70B-Instruct,Qwen2.5-14B-Instruct,0.398
capitalism,authority,Llama-3.1-70B-Instruct,Qwen2.5-72B-Instruct,0.375
capitalism,authority,Llama-3.1-70B-Instruct,Qwen2.5-7B-Instruct,0.615
capitalism,authority,Llama-3.1-8B-Instruct,Llama-3.2-1B-Instruct,0.431
capitalism,authority,Llama-3.1-8B-Instruct,Llama-3.2-3B-Instruct,0.39
capitalism,authority,Llama-3.1-8B-Instruct,Qwen2.5-14B-Instruct,0.439
capitalism,authority,Llama-3.1-8B-Instruct,Qwen2.5-72B-Instruct,0.366
capitalism,authority,Llama-3.1-8B-Instruct,Qwen2.5-7B-Instruct,0.627
capitalism,authority,Llama-3.2-1B-Instruct,Llama-3.2-3B-Instruct,0.466
capitalism,authority,Llama-3.2-1B-Instruct,Qwen2.5-14B-Instruct,0.526
capitalism,authority,Llama-3.2-1B-Instruct,Qwen2.5-72B-Instruct,0.442
capitalism,authority,Llama-3.2-1B-Instruct,Qwen2.5-7B-Instruct,0.617
capitalism,authority,Llama-3.2-3B-Instruct,Qwen2.5-14B-Instruct,0.474
capitalism,authority,Llama-3.2-3B-Instruct,Qwen2.5-72B-Instruct,0.382
capitalism,authority,Llama-3.2-3B-Instruct,Qwen2.5-7B-Instruct,0.636
capitalism,authority,Qwen2.5-14B-Instruct,Qwen2.5-72B-Instruct,0.408
capitalism,authority,Qwen2.5-14B-Instruct,Qwen2.5-7B-Instruct,0.643
capitalism,authority,Qwen2.5-72B-Instruct,Qwen2.5-7B-Instruct,0.628
capitalism,base,Apertus-8B-Instruct-2509,Llama-3.1-70B-Instruct,0.351
capitalism,base,Apertus-8B-Instruct-2509,Llama-3.1-8B-Instruct,0.349
capitalism,base,Apertus-8B-Instruct-2509,Llama-3.2-1B-Instruct,0.4
capitalism,base,Apertus-8B-Instruct-2509,Llama-3.2-3B-Instruct,0.351
capitalism,base,Apertus-8B-Instruct-2509,Qwen2.5-14B-Instruct,0.408
capitalism,base,Apertus-8B-Instruct-2509,Qwen2.5-72B-Instruct,0.371
capitalism,base,Apertus-8B-Instruct-2509,Qwen2.5-7B-Instruct,0.693
capitalism,base,Llama-3.1-70B-Instruct,Llama-3.1-8B-Instruct,0.332
capitalism,base,Llama-3.1-70B-Instruct,Llama-3.2-1B-Instruct,0.385
capitalism,base,Llama-3.1-70B-Instruct,Llama-3.2-3B-Instruct,0.331
capitalism,base,Llama-3.1-70B-Instruct,Qwen2.5-14B-Instruct,0.367
capitalism,base,Llama-3.1-70B-Instruct,Qwen2.5-72B-Instruct,0.344
capitalism,base,Llama-3.1-70B-Instruct,Qwen2.5-7B-Instruct,0.693
capitalism,base,Llama-3.1-8B-Instruct,Llama-3.2-1B-Instruct,0.393
capitalism,base,Llama-3.1-8B-Instruct,Llama-3.2-3B-Instruct,0.4
capitalism,base,Llama-3.1-8B-Instruct,Qwen2.5-14B-Instruct,0.405
capitalism,base,Llama-3.1-8B-Instruct,Qwen2.5-72B-Instruct,0.412
capitalism,base,Llama-3.1-8B-Instruct,Qwen2.5-7B-Instruct,0.693
capitalism,base,Llama-3.2-1B-Instruct,Llama-3.2-3B-Instruct,0.384
capitalism,base,Llama-3.2-1B-Instruct,Qwen2.5-14B-Instruct,0.446
capitalism,base,Llama-3.2-1B-Instruct,Qwen2.5-72B-Instruct,0.452
capitalism,base,Llama-3.2-1B-Instruct,Qwen2.5-7B-Instruct,0.693
capitalism,base,Llama-3.2-3B-Instruct,Qwen2.5-14B-Instruct,0.414
capitalism,base,Llama-3.2-3B-Instruct,Qwen2.5-72B-Instruct,0.424
capitalism,base,Llama-3.2-3B-Instruct,Qwen2.5-7B-Instruct,0.693
capitalism,base,Qwen2.5-14B-Instruct,Qwen2.5-72B-Instruct,0.4
capitalism,base,Qwen2.5-14B-Instruct,Qwen2.5-7B-Instruct,0.693
capitalism,base,Qwen2.5-72B-Instruct,Qwen2.5-7B-Instruct,0.693
capitalism,care,Apertus-8B-Instruct-2509,Llama-3.1-70B-Instruct,0.399
capitalism,care,Apertus-8B-Instruct-2509,Llama-3.1-8B-Instruct,0.353
capitalism,care,Apertus-8B-Instruct-2509,Llama-3.2-1B-Instruct,0.387
capitalism,care,Apertus-8B-Instruct-2509,Llama-3.2-3B-Instruct,0.357
capitalism,care,Apertus-8B-Instruct-2509,Qwen2.5-14B-Instruct,0.432
capitalism,care,Apertus-8B-Instruct-2509,Qwen2.5-72B-Instruct,0.378
capitalism,care,Apertus-8B-Instruct-2509,Qwen2.5-7B-Instruct,0.37
capitalism,care,Llama-3.1-70B-Instruct,Llama-3.1-8B-Instruct,0.243
capitalism,care,Llama-3.1-70B-Instruct,Llama-3.2-1B-Instruct,0.256
capitalism,care,Llama-3.1-70B-Instruct,Llama-3.2-3B-Instruct,0.304
capitalism,care,Llama-3.1-70B-Instruct,Qwen2.5-14B-Instruct,0.452
capitalism,care,Llama-3.1-70B-Instruct,Qwen2.5-72B-Instruct,0.4
capitalism,care,Llama-3.1-70B-Instruct,Qwen2.5-7B-Instruct,0.388
capitalism,care,Llama-3.1-8B-Instruct,Llama-3.2-1B-Instruct,0.251
capitalism,care,Llama-3.1-8B-Instruct,Llama-3.2-3B-Instruct,0.267
capitalism,care,Llama-3.1-8B-Instruct,Qwen2.5-14B-Instruct,0.473
capitalism,care,Llama-3.1-8B-Instruct,Qwen2.5-72B-Instruct,0.38
capitalism,care,Llama-3.1-8B-Instruct,Qwen2.5-7B-Instruct,0.405
capitalism,care,Llama-3.2-1B-Instruct,Llama-3.2-3B-Instruct,0.322
capitalism,care,Llama-3.2-1B-Instruct,Qwen2.5-14B-Instruct,0.509
capitalism,care,Llama-3.2-1B-Instruct,Qwen2.5-72B-Instruct,0.44
capitalism,care,Llama-3.2-1B-Instruct,Qwen2.5-7B-Instruct,0.432
capitalism,care,Llama-3.2-3B-Instruct,Qwen2.5-14B-Instruct,0.492
capitalism,care,Llama-3.2-3B-Instruct,Qwen2.5-72B-Instruct,0.449
capitalism,care,Llama-3.2-3B-Instruct,Qwen2.5-7B-Instruct,0.418
capitalism,care,Qwen2.5-14B-Instruct,Qwen2.5-72B-Instruct,0.405
capitalism,care,Qwen2.5-14B-Instruct,Qwen2.5-7B-Instruct,0.382
capitalism,care,Qwen2.5-72B-Instruct,Qwen2.5-7B-Instruct,0.42
capitalism,equality,Apertus-8B-Instruct-2509,Llama-3.1-70B-Instruct,0.257
capitalism,equality,Apertus-8B-Instruct-2509,Llama-3.1-8B-Instruct,0.377
capitalism,equality,Apertus-8B-Instruct-2509,Llama-3.2-1B-Instruct,0.447
capitalism,equality,Apertus-8B-Instruct-2509,Llama-3.2-3B-Instruct,0.429
capitalism,equality,Apertus-8B-Instruct-2509,Qwen2.5-14B-Instruct,0.412
capitalism,equality,Apertus-8B-Instruct-2509,Qwen2.5-72B-Instruct,0.386
capitalism,equality,Apertus-8B-Instruct-2509,Qwen2.5-7B-Instruct,0.395
capitalism,equality,Llama-3.1-70B-Instruct,Llama-3.1-8B-Instruct,0.29
capitalism,equality,Llama-3.1-70B-Instruct,Llama-3.2-1B-Instruct,0.404
capitalism,equality,Llama-3.1-70B-Instruct,Llama-3.2-3B-Instruct,0.384
capitalism,equality,Llama-3.1-70B-Instruct,Qwen2.5-14B-Instruct,0.363
capitalism,equality,Llama-3.1-70B-Instruct,Qwen2.5-72B-Instruct,0.323
capitalism,equality,Llama-3.1-70B-Instruct,Qwen2.5-7B-Instruct,0.347
capitalism,equality,Llama-3.1-8B-Instruct,Llama-3.2-1B-Instruct,0.433
capitalism,equality,Llama-3.1-8B-Instruct,Llama-3.2-3B-Instruct,0.452
capitalism,equality,Llama-3.1-8B-Instruct,Qwen2.5-14B-Instruct,0.429
capitalism,equality,Llama-3.1-8B-Instruct,Qwen2.5-72B-Instruct,0.399
capitalism,equality,Llama-3.1-8B-Instruct,Qwen2.5-7B-Instruct,0.415
capitalism,equality,Llama-3.2-1B-Instruct,Llama-3.2-3B-Instruct,0.337
capitalism,equality,Llama-3.2-1B-Instruct,Qwen2.5-14B-Instruct,0.502
capitalism,equality,Llama-3.2-1B-Instruct,Qwen2.5-72B-Instruct,0.448
capitalism,equality,Llama-3.2-1B-Instruct,Qwen2.5-7B-Instruct,0.472
capitalism,equality,Llama-3.2-3B-Instruct,Qwen2.5-14B-Instruct,0.481
capitalism,equality,Llama-3.2-3B-Instruct,Qwen2.5-72B-Instruct,0.432
capitalism,equality,Llama-3.2-3B-Instruct,Qwen2.5-7B-Instruct,0.459
capitalism,equality,Qwen2.5-14B-Instruct,Qwen2.5-72B-Instruct,0.426
capitalism,equality,Qwen2.5-14B-Instruct,Qwen2.5-7B-Instruct,0.431
capitalism,equality,Qwen2.5-72B-Instruct,Qwen2.5-7B-Instruct,0.359
capitalism,loyalty,Apertus-8B-Instruct-2509,Llama-3.1-70B-Instruct,0.279
capitalism,loyalty,Apertus-8B-Instruct-2509,Llama-3.1-8B-Instruct,0.371
capitalism,loyalty,Apertus-8B-Instruct-2509,Llama-3.2-1B-Instruct,0.436
capitalism,loyalty,Apertus-8B-Instruct-2509,Llama-3.2-3B-Instruct,0.434
capitalism,loyalty,Apertus-8B-Instruct-2509,Qwen2.5-14B-Instruct,0.356
capitalism,loyalty,Apertus-8B-Instruct-2509,Qwen2.5-72B-Instruct,0.397
capitalism,loyalty,Apertus-8B-Instruct-2509,Qwen2.5-7B-Instruct,0.34
capitalism,loyalty,Llama-3.1-70B-Instruct,Llama-3.1-8B-Instruct,0.258
capitalism,loyalty,Llama-3.1-70B-Instruct,Llama-3.2-1B-Instruct,0.361
capitalism,loyalty,Llama-3.1-70B-Instruct,Llama-3.2-3B-Instruct,0.38
capitalism,loyalty,Llama-3.1-70B-Instruct,Qwen2.5-14B-Instruct,0.32
capitalism,loyalty,Llama-3.1-70B-Instruct,Qwen2.5-72B-Instruct,0.369
capitalism,loyalty,Llama-3.1-70B-Instruct,Qwen2.5-7B-Instruct,0.318
capitalism,loyalty,Llama-3.1-8B-Instruct,Llama-3.2-1B-Instruct,0.425
capitalism,loyalty,Llama-3.1-8B-Instruct,Llama-3.2-3B-Instruct,0.432
capitalism,loyalty,Llama-3.1-8B-Instruct,Qwen2.5-14B-Instruct,0.406
capitalism,loyalty,Llama-3.1-8B-Instruct,Qwen2.5-72B-Instruct,0.402
capitalism,loyalty,Llama-3.1-8B-Instruct,Qwen2.5-7B-Instruct,0.374
capitalism,loyalty,Llama-3.2-1B-Instruct,Llama-3.2-3B-Instruct,0.447
capitalism,loyalty,Llama-3.2-1B-Instruct,Qwen2.5-14B-Instruct,0.43
capitalism,loyalty,Llama-3.2-1B-Instruct,Qwen2.5-72B-Instruct,0.433
capitalism,loyalty,Llama-3.2-1B-Instruct,Qwen2.5-7B-Instruct,0.388
capitalism,loyalty,Llama-3.2-3B-Instruct,Qwen2.5-14B-Instruct,0.485
capitalism,loyalty,Llama-3.2-3B-Instruct,Qwen2.5-72B-Instruct,0.486
capitalism,loyalty,Llama-3.2-3B-Instruct,Qwen2.5-7B-Instruct,0.436
capitalism,loyalty,Qwen2.5-14B-Instruct,Qwen2.5-72B-Instruct,0.33
capitalism,loyalty,Qwen2.5-14B-Instruct,Qwen2.5-7B-Instruct,0.383
capitalism,loyalty,Qwen2.5-72B-Instruct,Qwen2.5-7B-Instruct,0.419
capitalism,proportionality,Apertus-8B-Instruct-2509,Llama-3.1-70B-Instruct,0.347
capitalism,proportionality,Apertus-8B-Instruct-2509,Llama-3.1-8B-Instruct,0.353
capitalism,proportionality,Apertus-8B-Instruct-2509,Llama-3.2-1B-Instruct,0.362
capitalism,proportionality,Apertus-8B-Instruct-2509,Llama-3.2-3B-Instruct,0.317
capitalism,proportionality,Apertus-8B-Instruct-2509,Qwen2.5-14B-Instruct,0.411
capitalism,proportionality,Apertus-8B-Instruct-2509,Qwen2.5-72B-Instruct,0.373
capitalism,proportionality,Apertus-8B-Instruct-2509,Qwen2.5-7B-Instruct,0.462
capitalism,proportionality,Llama-3.1-70B-Instruct,Llama-3.1-8B-Instruct,0.326
capitalism,proportionality,Llama-3.1-70B-Instruct,Llama-3.2-1B-Instruct,0.338
capitalism,proportionality,Llama-3.1-70B-Instruct,Llama-3.2-3B-Instruct,0.297
capitalism,proportionality,Llama-3.1-70B-Instruct,Qwen2.5-14B-Instruct,0.415
capitalism,proportionality,Llama-3.1-70B-Instruct,Qwen2.5-72B-Instruct,0.383
capitalism,proportionality,Llama-3.1-70B-Instruct,Qwen2.5-7B-Instruct,0.3
capitalism,proportionality,Llama-3.1-8B-Instruct,Llama-3.2-1B-Instruct,0.389
capitalism,proportionality,Llama-3.1-8B-Instruct,Llama-3.2-3B-Instruct,0.357
capitalism,proportionality,Llama-3.1-8B-Instruct,Qwen2.5-14B-Instruct,0.403
capitalism,proportionality,Llama-3.1-8B-Instruct,Qwen2.5-72B-Instruct,0.419
capitalism,proportionality,Llama-3.1-8B-Instruct,Qwen2.5-7B-Instruct,0.367
capitalism,proportionality,Llama-3.2-1B-Instruct,Llama-3.2-3B-Instruct,0.354
capitalism,proportionality,Llama-3.2-1B-Instruct,Qwen2.5-14B-Instruct,0.471
capitalism,proportionality,Llama-3.2-1B-Instruct,Qwen2.5-72B-Instruct,0.382
capitalism,proportionality,Llama-3.2-1B-Instruct,Qwen2.5-7B-Instruct,0.406
capitalism,proportionality,Llama-3.2-3B-Instruct,Qwen2.5-14B-Instruct,0.414
capitalism,proportionality,Llama-3.2-3B-Instruct,Qwen2.5-72B-Instruct,0.356
capitalism,proportionality,Llama-3.2-3B-Instruct,Qwen2.5-7B-Instruct,0.409
capitalism,proportionality,Qwen2.5-14B-Instruct,Qwen2.5-72B-Instruct,0.389
capitalism,proportionality,Qwen2.5-14B-Instruct,Qwen2.5-7B-Instruct,0.352
capitalism,proportionality,Qwen2.5-72B-Instruct,Qwen2.5-7B-Instruct,0.361
capitalism,purity,Apertus-8B-Instruct-2509,Llama-3.1-70B-Instruct,0.391
capitalism,purity,Apertus-8B-Instruct-2509,Llama-3.1-8B-Instruct,0.438
capitalism,purity,Apertus-8B-Instruct-2509,Llama-3.2-1B-Instruct,0.444
capitalism,purity,Apertus-8B-Instruct-2509,Llama-3.2-3B-Instruct,0.447
capitalism,purity,Apertus-8B-Instruct-2509,Qwen2.5-14B-Instruct,0.477
capitalism,purity,Apertus-8B-Instruct-2509,Qwen2.5-72B-Instruct,0.399
capitalism,purity,Apertus-8B-Instruct-2509,Qwen2.5-7B-Instruct,0.426
capitalism,purity,Llama-3.1-70B-Instruct,Llama-3.1-8B-Instruct,0.346
capitalism,purity,Llama-3.1-70B-Instruct,Llama-3.2-1B-Instruct,0.388
capitalism,purity,Llama-3.1-70B-Instruct,Llama-3.2-3B-Instruct,0.36
capitalism,purity,Llama-3.1-70B-Instruct,Qwen2.5-14B-Instruct,0.503
capitalism,purity,Llama-3.1-70B-Instruct,Qwen2.5-72B-Instruct,0.466
capitalism,purity,Llama-3.1-70B-Instruct,Qwen2.5-7B-Instruct,0.468
capitalism,purity,Llama-3.1-8B-Instruct,Llama-3.2-1B-Instruct,0.427
capitalism,purity,Llama-3.1-8B-Instruct,Llama-3.2-3B-Instruct,0.428
capitalism,purity,Llama-3.1-8B-Instruct,Qwen2.5-14B-Instruct,0.493
capitalism,purity,Llama-3.1-8B-Instruct,Qwen2.5-72B-Instruct,0.478
capitalism,purity,Llama-3.1-8B-Instruct,Qwen2.5-7B-Instruct,0.483
capitalism,purity,Llama-3.2-1B-Instruct,Llama-3.2-3B-Instruct,0.396
capitalism,purity,Llama-3.2-1B-Instruct,Qwen2.5-14B-Instruct,0.519
capitalism,purity,Llama-3.2-1B-Instruct,Qwen2.5-72B-Instruct,0.457
capitalism,purity,Llama-3.2-1B-Instruct,Qwen2.5-7B-Instruct,0.485
capitalism,purity,Llama-3.2-3B-Instruct,Qwen2.5-14B-Instruct,0.508
capitalism,purity,Llama-3.2-3B-Instruct,Qwen2.5-72B-Instruct,0.462
capitalism,purity,Llama-3.2-3B-Instruct,Qwen2.5-7B-Instruct,0.457
capitalism,purity,Qwen2.5-14B-Instruct,Qwen2.5-72B-Instruct,0.481
capitalism,purity,Qwen2.5-14B-Instruct,Qwen2.5-7B-Instruct,0.459
capitalism,purity,Qwen2.5-72B-Instruct,Qwen2.5-7B-Instruct,0.407
civil-rights,authority,Apertus-8B-Instruct-2509,Llama-3.1-70B-Instruct,0.388
civil-rights,authority,Apertus-8B-Instruct-2509,Llama-3.1-8B-Instruct,0.394
civil-rights,authority,Apertus-8B-Instruct-2509,Llama-3.2-1B-Instruct,0.514
civil-rights,authority,Apertus-8B-Instruct-2509,Llama-3.2-3B-Instruct,0.429
civil-rights,authority,Apertus-8B-Instruct-2509,Qwen2.5-14B-Instruct,0.461
civil-rights,authority,Apertus-8B-Instruct-2509,Qwen2.5-72B-Instruct,0.499
civil-rights,authority,Apertus-8B-Instruct-2509,Qwen2.5-7B-Instruct,0.435
civil-rights,authority,Llama-3.1-70B-Instruct,Llama-3.1-8B-Instruct,0.391
civil-rights,authority,Llama-3.1-70B-Instruct,Llama-3.2-1B-Instruct,0.498
civil-rights,authority,Llama-3.1-70B-Instruct,Llama-3.2-3B-Instruct,0.37
civil-rights,authority,Llama-3.1-70B-Instruct,Qwen2.5-14B-Instruct,0.443
civil-rights,authority,Llama-3.1-70B-Instruct,Qwen2.5-72B-Instruct,0.498
civil-rights,authority,Llama-3.1-70B-Instruct,Qwen2.5-7B-Instruct,0.472
civil-rights,authority,Llama-3.1-8B-Instruct,Llama-3.2-1B-Instruct,0.52
civil-rights,authority,Llama-3.1-8B-Instruct,Llama-3.2-3B-Instruct,0.337
civil-rights,authority,Llama-3.1-8B-Instruct,Qwen2.5-14B-Instruct,0.376
civil-rights,authority,Llama-3.1-8B-Instruct,Qwen2.5-72B-Instruct,0.471
civil-rights,authority,Llama-3.1-8B-Instruct,Qwen2.5-7B-Instruct,0.404
civil-rights,authority,Llama-3.2-1B-Instruct,Llama-3.2-3B-Instruct,0.493
civil-rights,authority,Llama-3.2-1B-Instruct,Qwen2.5-14B-Instruct,0.543
civil-rights,authority,Llama-3.2-1B-Instruct,Qwen2.5-72B-Instruct,0.564
civil-rights,authority,Llama-3.2-1B-Instruct,Qwen2.5-7B-Instruct,0.515
civil-rights,authority,Llama-3.2-3B-Instruct,Qwen2.5-14B-Instruct,0.412
civil-rights,authority,Llama-3.2-3B-Instruct,Qwen2.5-72B-Instruct,0.495
civil-rights,authority,Llama-3.2-3B-Instruct,Qwen2.5-7B-Instruct,0.459
civil-rights,authority,Qwen2.5-14B-Instruct,Qwen2.5-72B-Instruct,0.431
civil-rights,authority,Qwen2.5-14B-Instruct,Qwen2.5-7B-Instruct,0.442
civil-rights,authority,Qwen2.5-72B-Instruct,Qwen2.5-7B-Instruct,0.533
civil-rights,base,Apertus-8B-Instruct-2509,Llama-3.1-70B-Instruct,0.384
civil-rights,base,Apertus-8B-Instruct-2509,Llama-3.1-8B-Instruct,0.486
civil-rights,base,Apertus-8B-Instruct-2509,Llama-3.2-1B-Instruct,0.489
civil-rights,base,Apertus-8B-Instruct-2509,Llama-3.2-3B-Instruct,0.388
civil-rights,base,Apertus-8B-Instruct-2509,Qwen2.5-14B-Instruct,0.486
civil-rights,base,Apertus-8B-Instruct-2509,Qwen2.5-72B-Instruct,0.421
civil-rights,base,Apertus-8B-Instruct-2509,Qwen2.5-7B-Instruct,0.364
civil-rights,base,Llama-3.1-70B-Instruct,Llama-3.1-8B-Instruct,0.376
civil-rights,base,Llama-3.1-70B-Instruct,Llama-3.2-1B-Instruct,0.428
civil-rights,base,Llama-3.1-70B-Instruct,Llama-3.2-3B-Instruct,0.35
civil-rights,base,Llama-3.1-70B-Instruct,Qwen2.5-14B-Instruct,0.441
civil-rights,base,Llama-3.1-70B-Instruct,Qwen2.5-72B-Instruct,0.279
civil-rights,base,Llama-3.1-70B-Instruct,Qwen2.5-7B-Instruct,0.359
civil-rights,base,Llama-3.1-8B-Instruct,Llama-3.2-1B-Instruct,0.386
civil-rights,base,Llama-3.1-8B-Instruct,Llama-3.2-3B-Instruct,0.383
civil-rights,base,Llama-3.1-8B-Instruct,Qwen2.5-14B-Instruct,0.416
civil-rights,base,Llama-3.1-8B-Instruct,Qwen2.5-72B-Instruct,0.409
civil-rights,base,Llama-3.1-8B-Instruct,Qwen2.5-7B-Instruct,0.416
civil-rights,base,Llama-3.2-1B-Instruct,Llama-3.2-3B-Instruct,0.388
civil-rights,base,Llama-3.2-1B-Instruct,Qwen2.5-14B-Instruct,0.454
civil-rights,base,Llama-3.2-1B-Instruct,Qwen2.5-72B-Instruct,0.419
civil-rights,base,Llama-3.2-1B-Instruct,Qwen2.5-7B-Instruct,0.439
civil-rights,base,Llama-3.2-3B-Instruct,Qwen2.5-14B-Instruct,0.478
civil-rights,base,Llama-3.2-3B-Instruct,Qwen2.5-72B-Instruct,0.403
civil-rights,base,Llama-3.2-3B-Instruct,Qwen2.5-7B-Instruct,0.366
civil-rights,base,Qwen2.5-14B-Instruct,Qwen2.5-72B-Instruct,0.417
civil-rights,base,Qwen2.5-14B-Instruct,Qwen2.5-7B-Instruct,0.406
civil-rights,base,Qwen2.5-72B-Instruct,Qwen2.5-7B-Instruct,0.391
civil-rights,care,Apertus-8B-Instruct-2509,Llama-3.1-70B-Instruct,0.355
civil-rights,care,Apertus-8B-Instruct-2509,Llama-3.1-8B-Instruct,0.401
civil-rights,care,Apertus-8B-Instruct-2509,Llama-3.2-1B-Instruct,0.42
civil-rights,care,Apertus-8B-Instruct-2509,Llama-3.2-3B-Instruct,0.433
civil-rights,care,Apertus-8B-Instruct-2509,Qwen2.5-14B-Instruct,0.406
civil-rights,care,Apertus-8B-Instruct-2509,Qwen2.5-72B-Instruct,0.416
civil-rights,care,Apertus-8B-Instruct-2509,Qwen2.5-7B-Instruct,0.693
civil-rights,care,Llama-3.1-70B-Instruct,Llama-3.1-8B-Instruct,0.283
civil-rights,care,Llama-3.1-70B-Instruct,Llama-3.2-1B-Instruct,0.405
civil-rights,care,Llama-3.1-70B-Instruct,Llama-3.2-3B-Instruct,0.329
civil-rights,care,Llama-3.1-70B-Instruct,Qwen2.5-14B-Instruct,0.397
civil-rights,care,Llama-3.1-70B-Instruct,Qwen2.5-72B-Instruct,0.432
civil-rights,care,Llama-3.1-70B-Instruct,Qwen2.5-7B-Instruct,0.693
civil-rights,care,Llama-3.1-8B-Instruct,Llama-3.2-1B-Instruct,0.396
civil-rights,care,Llama-3.1-8B-Instruct,Llama-3.2-3B-Instruct,0.266
civil-rights,care,Llama-3.1-8B-Instruct,Qwen2.5-14B-Instruct,0.415
civil-rights,care,Llama-3.1-8B-Instruct,Qwen2.5-72B-Instruct,0.439
civil-rights,care,Llama-3.1-8B-Instruct,Qwen2.5-7B-Instruct,0.693
civil-rights,care,Llama-3.2-1B-Instruct,Llama-3.2-3B-Instruct,0.443
civil-rights,care,Llama-3.2-1B-Instruct,Qwen2.5-14B-Instruct,0.463
civil-rights,care,Llama-3.2-1B-Instruct,Qwen2.5-72B-Instruct,0.486
civil-rights,care,Llama-3.2-1B-Instruct,Qwen2.5-7B-Instruct,0.693
civil-rights,care,Llama-3.2-3B-Instruct,Qwen2.5-14B-Instruct,0.429
civil-rights,care,Llama-3.2-3B-Instruct,Qwen2.5-72B-Instruct,0.463
civil-rights,care,Llama-3.2-3B-Instruct,Qwen2.5-7B-Instruct,0.693
civil-rights,care,Qwen2.5-14B-Instruct,Qwen2.5-72B-Instruct,0.354
civil-rights,care,Qwen2.5-14B-Instruct,Qwen2.5-7B-Instruct,0.693
civil-rights,care,Qwen2.5-72B-Instruct,Qwen2.5-7B-Instruct,0.672
civil-rights,equality,Apertus-8B-Instruct-2509,Llama-3.1-70B-Instruct,0.465
civil-rights,equality,Apertus-8B-Instruct-2509,Llama-3.1-8B-Instruct,0.482
civil-rights,equality,Apertus-8B-Instruct-2509,Llama-3.2-1B-Instruct,0.533
civil-rights,equality,Apertus-8B-Instruct-2509,Llama-3.2-3B-Instruct,0.458
civil-rights,equality,Apertus-8B-Instruct-2509,Qwen2.5-14B-Instruct,0.427
civil-rights,equality,Apertus-8B-Instruct-2509,Qwen2.5-72B-Instruct,0.483
civil-rights,equality,Apertus-8B-Instruct-2509,Qwen2.5-7B-Instruct,0.693
civil-rights,equality,Llama-3.1-70B-Instruct,Llama-3.1-8B-Instruct,0.308
civil-rights,equality,Llama-3.1-70B-Instruct,Llama-3.2-1B-Instruct,0.465
civil-rights,equality,Llama-3.1-70B-Instruct,Llama-3.2-3B-Instruct,0.317
civil-rights,equality,Llama-3.1-70B-Instruct,Qwen2.5-14B-Instruct,0.453
civil-rights,equality,Llama-3.1-70B-Instruct,Qwen2.5-72B-Instruct,0.458
civil-rights,equality,Llama-3.1-70B-Instruct,Qwen2.5-7B-Instruct,0.693
civil-rights,equality,Llama-3.1-8B-Instruct,Llama-3.2-1B-Instruct,0.484
civil-rights,equality,Llama-3.1-8B-Instruct,Llama-3.2-3B-Instruct,0.303
civil-rights,equality,Llama-3.1-8B-Instruct,Qwen2.5-14B-Instruct,0.428
civil-rights,equality,Llama-3.1-8B-Instruct,Qwen2.5-72B-Instruct,0.413
civil-rights,equality,Llama-3.1-8B-Instruct,Qwen2.5-7B-Instruct,0.693
civil-rights,equality,Llama-3.2-1B-Instruct,Llama-3.2-3B-Instruct,0.404
civil-rights,equality,Llama-3.2-1B-Instruct,Qwen2.5-14B-Instruct,0.409
civil-rights,equality,Llama-3.2-1B-Instruct,Qwen2.5-72B-Instruct,0.461
civil-rights,equality,Llama-3.2-1B-Instruct,Qwen2.5-7B-Instruct,0.693
civil-rights,equality,Llama-3.2-3B-Instruct,Qwen2.5-14B-Instruct,0.453
civil-rights,equality,Llama-3.2-3B-Instruct,Qwen2.5-72B-Instruct,0.376
civil-rights,equality,Llama-3.2-3B-Instruct,Qwen2.5-7B-Instruct,0.693
civil-rights,equality,Qwen2.5-14B-Instruct,Qwen2.5-72B-Instruct,0.396
civil-rights,equality,Qwen2.5-14B-Instruct,Qwen2.5-7B-Instruct,0.693
civil-rights,equality,Qwen2.5-72B-Instruct,Qwen2.5-7B-Instruct,0.693
civil-rights,loyalty,Apertus-8B-Instruct-2509,Llama-3.1-70B-Instruct,0.433
civil-rights,loyalty,Apertus-8B-Instruct-2509,Llama-3.1-8B-Instruct,0.481
civil-rights,loyalty,Apertus-8B-Instruct-2509,Llama-3.2-1B-Instruct,0.475
civil-rights,loyalty,Apertus-8B-Instruct-2509,Llama-3.2-3B-Instruct,0.406
civil-rights,loyalty,Apertus-8B-Instruct-2509,Qwen2.5-14B-Instruct,0.456
civil-rights,loyalty,Apertus-8B-Instruct-2509,Qwen2.5-72B-Instruct,0.488
civil-rights,loyalty,Apertus-8B-Instruct-2509,Qwen2.5-7B-Instruct,0.416
civil-rights,loyalty,Llama-3.1-70B-Instruct,Llama-3.1-8B-Instruct,0.436
civil-rights,loyalty,Llama-3.1-70B-Instruct,Llama-3.2-1B-Instruct,0.454
civil-rights,loyalty,Llama-3.1-70B-Instruct,Llama-3.2-3B-Instruct,0.377
civil-rights,loyalty,Llama-3.1-70B-Instruct,Qwen2.5-14B-Instruct,0.43
civil-rights,loyalty,Llama-3.1-70B-Instruct,Qwen2.5-72B-Instruct,0.412
civil-rights,loyalty,Llama-3.1-70B-Instruct,Qwen2.5-7B-Instruct,0.404
civil-rights,loyalty,Llama-3.1-8B-Instruct,Llama-3.2-1B-Instruct,0.442
civil-rights,loyalty,Llama-3.1-8B-Instruct,Llama-3.2-3B-Instruct,0.476
civil-rights,loyalty,Llama-3.1-8B-Instruct,Qwen2.5-14B-Instruct,0.488
civil-rights,loyalty,Llama-3.1-8B-Instruct,Qwen2.5-72B-Instruct,0.445
civil-rights,loyalty,Llama-3.1-8B-Instruct,Qwen2.5-7B-Instruct,0.409
civil-rights,loyalty,Llama-3.2-1B-Instruct,Llama-3.2-3B-Instruct,0.471
civil-rights,loyalty,Llama-3.2-1B-Instruct,Qwen2.5-14B-Instruct,0.538
civil-rights,loyalty,Llama-3.2-1B-Instruct,Qwen2.5-72B-Instruct,0.478
civil-rights,loyalty,Llama-3.2-1B-Instruct,Qwen2.5-7B-Instruct,0.43
civil-rights,loyalty,Llama-3.2-3B-Instruct,Qwen2.5-14B-Instruct,0.464
civil-rights,loyalty,Llama-3.2-3B-Instruct,Qwen2.5-72B-Instruct,0.518
civil-rights,loyalty,Llama-3.2-3B-Instruct,Qwen2.5-7B-Instruct,0.451
civil-rights,loyalty,Qwen2.5-14B-Instruct,Qwen2.5-72B-Instruct,0.44
civil-rights,loyalty,Qwen2.5-14B-Instruct,Qwen2.5-7B-Instruct,0.479
civil-rights,loyalty,Qwen2.5-72B-Instruct,Qwen2.5-7B-Instruct,0.423
civil-rights,proportionality,Apertus-8B-Instruct-2509,Llama-3.1-70B-Instruct,0.391
civil-rights,proportionality,Apertus-8B-Instruct-2509,Llama-3.1-8B-Instruct,0.415
civil-rights,proportionality,Apertus-8B-Instruct-2509,Llama-3.2-1B-Instruct,0.346
civil-rights,proportionality,Apertus-8B-Instruct-2509,Llama-3.2-3B-Instruct,0.382
civil-rights,proportionality,Apertus-8B-Instruct-2509,Qwen2.5-14B-Instruct,0.348
civil-rights,proportionality,Apertus-8B-Instruct-2509,Qwen2.5-72B-Instruct,0.396
civil-rights,proportionality,Apertus-8B-Instruct-2509,Qwen2.5-7B-Instruct,0.37
civil-rights,proportionality,Llama-3.1-70B-Instruct,Llama-3.1-8B-Instruct,0.35
civil-rights,proportionality,Llama-3.1-70B-Instruct,Llama-3.2-1B-Instruct,0.465
civil-rights,proportionality,Llama-3.1-70B-Instruct,Llama-3.2-3B-Instruct,0.41
civil-rights,proportionality,Llama-3.1-70B-Instruct,Qwen2.5-14B-Instruct,0.398
civil-rights,proportionality,Llama-3.1-70B-Instruct,Qwen2.5-72B-Instruct,0.394
civil-rights,proportionality,Llama-3.1-70B-Instruct,Qwen2.5-7B-Instruct,0.411
civil-rights,proportionality,Llama-3.1-8B-Instruct,Llama-3.2-1B-Instruct,0.485
civil-rights,proportionality,Llama-3.1-8B-Instruct,Llama-3.2-3B-Instruct,0.443
civil-rights,proportionality,Llama-3.1-8B-Instruct,Qwen2.5-14B-Instruct,0.434
civil-rights,proportionality,Llama-3.1-8B-Instruct,Qwen2.5-72B-Instruct,0.423
civil-rights,proportionality,Llama-3.1-8B-Instruct,Qwen2.5-7B-Instruct,0.466
civil-rights,proportionality,Llama-3.2-1B-Instruct,Llama-3.2-3B-Instruct,0.343
civil-rights,proportionality,Llama-3.2-1B-Instruct,Qwen2.5-14B-Instruct,0.449
civil-rights,proportionality,Llama-3.2-1B-Instruct,Qwen2.5-72B-Instruct,0.419
civil-rights,proportionality,Llama-3.2-1B-Instruct,Qwen2.5-7B-Instruct,0.464
civil-rights,proportionality,Llama-3.2-3B-Instruct,Qwen2.5-14B-Instruct,0.436
civil-rights,proportionality,Llama-3.2-3B-Instruct,Qwen2.5-72B-Instruct,0.413
civil-rights,proportionality,Llama-3.2-3B-Instruct,Qwen2.5-7B-Instruct,0.395
civil-rights,proportionality,Qwen2.5-14B-Instruct,Qwen2.5-72B-Instruct,0.364
civil-rights,proportionality,Qwen2.5-14B-Instruct,Qwen2.5-7B-Instruct,0.406
civil-rights,proportionality,Qwen2.5-72B-Instruct,Qwen2.5-7B-Instruct,0.393
civil-rights,purity,Apertus-8B-Instruct-2509,Llama-3.1-70B-Instruct,0.427
civil-rights,purity,Apertus-8B-Instruct-2509,Llama-3.1-8B-Instruct,0.435
civil-rights,purity,Apertus-8B-Instruct-2509,Llama-3.2-1B-Instruct,0.484
civil-rights,purity,Apertus-8B-Instruct-2509,Llama-3.2-3B-Instruct,0.457
civil-rights,purity,Apertus-8B-Instruct-2509,Qwen2.5-14B-Instruct,0.425
civil-rights,purity,Apertus-8B-Instruct-2509,Qwen2.5-72B-Instruct,0.41
civil-rights,purity,Apertus-8B-Instruct-2509,Qwen2.5-7B-Instruct,0.44
civil-rights,purity,Llama-3.1-70B-Instruct,Llama-3.1-8B-Instruct,0.464
civil-rights,purity,Llama-3.1-70B-Instruct,Llama-3.2-1B-Instruct,0.504
civil-rights,purity,Llama-3.1-70B-Instruct,Llama-3.2-3B-Instruct,0.435
civil-rights,purity,Llama-3.1-70B-Instruct,Qwen2.5-14B-Instruct,0.465
civil-rights,purity,Llama-3.1-70B-Instruct,Qwen2.5-72B-Instruct,0.454
civil-rights,purity,Llama-3.1-70B-Instruct,Qwen2.5-7B-Instruct,0.492
civil-rights,purity,Llama-3.1-8B-Instruct,Llama-3.2-1B-Instruct,0.469
civil-rights,purity,Llama-3.1-8B-Instruct,Llama-3.2-3B-Instruct,0.408
civil-rights,purity,Llama-3.1-8B-Instruct,Qwen2.5-14B-Instruct,0.466
civil-rights,purity,Llama-3.1-8B-Instruct,Qwen2.5-72B-Instruct,0.491
civil-rights,purity,Llama-3.1-8B-Instruct,Qwen2.5-7B-Instruct,0.423
civil-rights,purity,Llama-3.2-1B-Instruct,Llama-3.2-3B-Instruct,0.372
civil-rights,purity,Llama-3.2-1B-Instruct,Qwen2.5-14B-Instruct,0.44
civil-rights,purity,Llama-3.2-1B-Instruct,Qwen2.5-72B-Instruct,0.493
civil-rights,purity,Llama-3.2-1B-Instruct,Qwen2.5-7B-Instruct,0.416
civil-rights,purity,Llama-3.2-3B-Instruct,Qwen2.5-14B-Instruct,0.453
civil-rights,purity,Llama-3.2-3B-Instruct,Qwen2.5-72B-Instruct,0.471
civil-rights,purity,Llama-3.2-3B-Instruct,Qwen2.5-7B-Instruct,0.376
civil-rights,purity,Qwen2.5-14B-Instruct,Qwen2.5-72B-Instruct,0.395
civil-rights,purity,Qwen2.5-14B-Instruct,Qwen2.5-7B-Instruct,0.415
civil-rights,purity,Qwen2.5-72B-Instruct,Qwen2.5-7B-Instruct,0.436
civil-society,authority,Apertus-8B-Instruct-2509,Llama-3.1-70B-Instruct,0.372
civil-society,authority,Apertus-8B-Instruct-2509,Llama-3.1-8B-Instruct,0.294
civil-society,authority,Apertus-8B-Instruct-2509,Llama-3.2-1B-Instruct,0.405
civil-society,authority,Apertus-8B-Instruct-2509,Llama-3.2-3B-Instruct,0.479
civil-society,authority,Apertus-8B-Instruct-2509,Qwen2.5-14B-Instruct,0.41
civil-society,authority,Apertus-8B-Instruct-2509,Qwen2.5-72B-Instruct,0.429
civil-society,authority,Apertus-8B-Instruct-2509,Qwen2.5-7B-Instruct,0.46
civil-society,authority,Llama-3.1-70B-Instruct,Llama-3.1-8B-Instruct,0.339
civil-society,authority,Llama-3.1-70B-Instruct,Llama-3.2-1B-Instruct,0.408
civil-society,authority,Llama-3.1-70B-Instruct,Llama-3.2-3B-Instruct,0.441
civil-society,authority,Llama-3.1-70B-Instruct,Qwen2.5-14B-Instruct,0.347
civil-society,authority,Llama-3.1-70B-Instruct,Qwen2.5-72B-Instruct,0.406
civil-society,authority,Llama-3.1-70B-Instruct,Qwen2.5-7B-Instruct,0.456
civil-society,authority,Llama-3.1-8B-Instruct,Llama-3.2-1B-Instruct,0.388
civil-society,authority,Llama-3.1-8B-Instruct,Llama-3.2-3B-Instruct,0.439
civil-society,authority,Llama-3.1-8B-Instruct,Qwen2.5-14B-Instruct,0.442
civil-society,authority,Llama-3.1-8B-Instruct,Qwen2.5-72B-Instruct,0.367
civil-society,authority,Llama-3.1-8B-Instruct,Qwen2.5-7B-Instruct,0.435
civil-society,authority,Llama-3.2-1B-Instruct,Llama-3.2-3B-Instruct,0.5
civil-society,authority,Llama-3.2-1B-Instruct,Qwen2.5-14B-Instruct,0.392
civil-society,authority,Llama-3.2-1B-Instruct,Qwen2.5-72B-Instruct,0.478
civil-society,authority,Llama-3.2-1B-Instruct,Qwen2.5-7B-Instruct,0.519
civil-society,authority,Llama-3.2-3B-Instruct,Qwen2.5-14B-Instruct,0.399
civil-society,authority,Llama-3.2-3B-Instruct,Qwen2.5-72B-Instruct,0.483
civil-society,authority,Llama-3.2-3B-Instruct,Qwen2.5-7B-Instruct,0.533
civil-society,authority,Qwen2.5-14B-Instruct,Qwen2.5-72B-Instruct,0.4
civil-society,authority,Qwen2.5-14B-Instruct,Qwen2.5-7B-Instruct,0.413
civil-society,authority,Qwen2.5-72B-Instruct,Qwen2.5-7B-Instruct,0.433
civil-society,base,Apertus-8B-Instruct-2509,Llama-3.1-70B-Instruct,0.456
civil-society,base,Apertus-8B-Instruct-2509,Llama-3.1-8B-Instruct,0.524
civil-society,base,Apertus-8B-Instruct-2509,Llama-3.2-1B-Instruct,0.572
civil-society,base,Apertus-8B-Instruct-2509,Llama-3.2-3B-Instruct,0.552
civil-society,base,Apertus-8B-Instruct-2509,Qwen2.5-14B-Instruct,0.549
civil-society,base,Apertus-8B-Instruct-2509,Qwen2.5-72B-Instruct,0.49
civil-society,base,Apertus-8B-Instruct-2509,Qwen2.5-7B-Instruct,0.503
civil-society,base,Llama-3.1-70B-Instruct,Llama-3.1-8B-Instruct,0.436
civil-society,base,Llama-3.1-70B-Instruct,Llama-3.2-1B-Instruct,0.515
civil-society,base,Llama-3.1-70B-Instruct,Llama-3.2-3B-Instruct,0.44
civil-society,base,Llama-3.1-70B-Instruct,Qwen2.5-14B-Instruct,0.472
civil-society,base,Llama-3.1-70B-Instruct,Qwen2.5-72B-Instruct,0.355
civil-society,base,Llama-3.1-70B-Instruct,Qwen2.5-7B-Instruct,0.462
civil-society,base,Llama-3.1-8B-Instruct,Llama-3.2-1B-Instruct,0.501
civil-society,base,Llama-3.1-8B-Instruct,Llama-3.2-3B-Instruct,0.433
civil-society,base,Llama-3.1-8B-Instruct,Qwen2.5-14B-Instruct,0.478
civil-society,base,Llama-3.1-8B-Instruct,Qwen2.5-72B-Instruct,0.414
civil-society,base,Llama-3.1-8B-Instruct,Qwen2.5-7B-Instruct,0.507
civil-society,base,Llama-3.2-1B-Instruct,Llama-3.2-3B-Instruct,0.479
civil-society,base,Llama-3.2-1B-Instruct,Qwen2.5-14B-Instruct,0.517
civil-society,base,Llama-3.2-1B-Instruct,Qwen2.5-72B-Instruct,0.423
civil-society,base,Llama-3.2-1B-Instruct,Qwen2.5-7B-Instruct,0.55
civil-society,base,Llama-3.2-3B-Instruct,Qwen2.5-14B-Instruct,0.531
civil-society,base,Llama-3.2-3B-Instruct,Qwen2.5-72B-Instruct,0.416
civil-society,base,Llama-3.2-3B-Instruct,Qwen2.5-7B-Instruct,0.516
civil-society,base,Qwen2.5-14B-Instruct,Qwen2.5-72B-Instruct,0.397
civil-society,base,Qwen2.5-14B-Instruct,Qwen2.5-7B-Instruct,0.419
civil-society,base,Qwen2.5-72B-Instruct,Qwen2.5-7B-Instruct,0.377
civil-society,care,Apertus-8B-Instruct-2509,Llama-3.1-70B-Instruct,0.433
civil-society,care,Apertus-8B-Instruct-2509,Llama-3.1-8B-Instruct,0.468
civil-society,care,Apertus-8B-Instruct-2509,Llama-3.2-1B-Instruct,0.443
civil-society,care,Apertus-8B-Instruct-2509,Llama-3.2-3B-Instruct,0.437
civil-society,care,Apertus-8B-Instruct-2509,Qwen2.5-14B-Instruct,0.472
civil-society,care,Apertus-8B-Instruct-2509,Qwen2.5-72B-Instruct,0.486
civil-society,care,Apertus-8B-Instruct-2509,Qwen2.5-7B-Instruct,0.426
civil-society,care,Llama-3.1-70B-Instruct,Llama-3.1-8B-Instruct,0.322
civil-society,care,Llama-3.1-70B-Instruct,Llama-3.2-1B-Instruct,0.453
civil-society,care,Llama-3.1-70B-Instruct,Llama-3.2-3B-Instruct,0.325
civil-society,care,Llama-3.1-70B-Instruct,Qwen2.5-14B-Instruct,0.437
civil-society,care,Llama-3.1-70B-Instruct,Qwen2.5-72B-Instruct,0.431
civil-society,care,Llama-3.1-70B-Instruct,Qwen2.5-7B-Instruct,0.396
civil-society,care,Llama-3.1-8B-Instruct,Llama-3.2-1B-Instruct,0.455
civil-society,care,Llama-3.1-8B-Instruct,Llama-3.2-3B-Instruct,0.409
civil-society,care,Llama-3.1-8B-Instruct,Qwen2.5-14B-Instruct,0.458
civil-society,care,Llama-3.1-8B-Instruct,Qwen2.5-72B-Instruct,0.492
civil-society,care,Llama-3.1-8B-Instruct,Qwen2.5-7B-Instruct,0.433
civil-society,care,Llama-3.2-1B-Instruct,Llama-3.2-3B-Instruct,0.455
civil-society,care,Llama-3.2-1B-Instruct,Qwen2.5-14B-Instruct,0.476
civil-society,care,Llama-3.2-1B-Instruct,Qwen2.5-72B-Instruct,0.52
civil-society,care,Llama-3.2-1B-Instruct,Qwen2.5-7B-Instruct,0.479
civil-society,care,Llama-3.2-3B-Instruct,Qwen2.5-14B-Instruct,0.452
civil-society,care,Llama-3.2-3B-Instruct,Qwen2.5-72B-Instruct,0.522
civil-society,care,Llama-3.2-3B-Instruct,Qwen2.5-7B-Instruct,0.392
civil-society,care,Qwen2.5-14B-Instruct,Qwen2.5-72B-Instruct,0.435
civil-society,care,Qwen2.5-14B-Instruct,Qwen2.5-7B-Instruct,0.409
civil-society,care,Qwen2.5-72B-Instruct,Qwen2.5-7B-Instruct,0.431
civil-society,equality,Apertus-8B-Instruct-2509,Llama-3.1-70B-Instruct,0.448
civil-society,equality,Apertus-8B-Instruct-2509,Llama-3.1-8B-Instruct,0.476
civil-society,equality,Apertus-8B-Instruct-2509,Llama-3.2-1B-Instruct,0.54
civil-society,equality,Apertus-8B-Instruct-2509,Llama-3.2-3B-Instruct,0.438
civil-society,equality,Apertus-8B-Instruct-2509,Qwen2.5-14B-Instruct,0.489
civil-society,equality,Apertus-8B-Instruct-2509,Qwen2.5-72B-Instruct,0.447
civil-society,equality,Apertus-8B-Instruct-2509,Qwen2.5-7B-Instruct,0.479
civil-society,equality,Llama-3.1-70B-Instruct,Llama-3.1-8B-Instruct,0.319
civil-society,equality,Llama-3.1-70B-Instruct,Llama-3.2-1B-Instruct,0.446
civil-society,equality,Llama-3.1-70B-Instruct,Llama-3.2-3B-Instruct,0.326
civil-society,equality,Llama-3.1-70B-Instruct,Qwen2.5-14B-Instruct,0.382
civil-society,equality,Llama-3.1-70B-Instruct,Qwen2.5-72B-Instruct,0.332
civil-society,equality,Llama-3.1-70B-Instruct,Qwen2.5-7B-Instruct,0.363
civil-society,equality,Llama-3.1-8B-Instruct,Llama-3.2-1B-Instruct,0.447
civil-society,equality,Llama-3.1-8B-Instruct,Llama-3.2-3B-Instruct,0.343
civil-society,equality,Llama-3.1-8B-Instruct,Qwen2.5-14B-Instruct,0.456
civil-society,equality,Llama-3.1-8B-Instruct,Qwen2.5-72B-Instruct,0.413
civil-society,equality,Llama-3.1-8B-Instruct,Qwen2.5-7B-Instruct,0.438
civil-society,equality,Llama-3.2-1B-Instruct,Llama-3.2-3B-Instruct,0.406
civil-society,equality,Llama-3.2-1B-Instruct,Qwen2.5-14B-Instruct,0.468
civil-society,equality,Llama-3.2-1B-Instruct,Qwen2.5-72B-Instruct,0.469
civil-society,equality,Llama-3.2-1B-Instruct,Qwen2.5-7B-Instruct,0.446
civil-society,equality,Llama-3.2-3B-Instruct,Qwen2.5-14B-Instruct,0.411
civil-society,equality,Llama-3.2-3B-Instruct,Qwen2.5-72B-Instruct,0.359
civil-society,equality,Llama-3.2-3B-Instruct,Qwen2.5-7B-Instruct,0.369
civil-society,equality,Qwen2.5-14B-Instruct,Qwen2.5-72B-Instruct,0.348
civil-society,equality,Qwen2.5-14B-Instruct,Qwen2.5-7B-Instruct,0.36
civil-society,equality,Qwen2.5-72B-Instruct,Qwen2.5-7B-Instruct,0.363
civil-society,loyalty,Apertus-8B-Instruct-2509,Llama-3.1-70B-Instruct,0.373
civil-society,loyalty,Apertus-8B-Instruct-2509,Llama-3.1-8B-Instruct,0.435
civil-society,loyalty,Apertus-8B-Instruct-2509,Llama-3.2-1B-Instruct,0.43
civil-society,loyalty,Apertus-8B-Instruct-2509,Llama-3.2-3B-Instruct,0.41
civil-society,loyalty,Apertus-8B-Instruct-2509,Qwen2.5-14B-Instruct,0.482
civil-society,loyalty,Apertus-8B-Instruct-2509,Qwen2.5-72B-Instruct,0.497
civil-society,loyalty,Apertus-8B-Instruct-2509,Qwen2.5-7B-Instruct,0.515
civil-society,loyalty,Llama-3.1-70B-Instruct,Llama-3.1-8B-Instruct,0.363
civil-society,loyalty,Llama-3.1-70B-Instruct,Llama-3.2-1B-Instruct,0.406
civil-society,loyalty,Llama-3.1-70B-Instruct,Llama-3.2-3B-Instruct,0.344
civil-society,loyalty,Llama-3.1-70B-Instruct,Qwen2.5-14B-Instruct,0.386
civil-society,loyalty,Llama-3.1-70B-Instruct,Qwen2.5-72B-Instruct,0.407
civil-society,loyalty,Llama-3.1-70B-Instruct,Qwen2.5-7B-Instruct,0.429
civil-society,loyalty,Llama-3.1-8B-Instruct,Llama-3.2-1B-Instruct,0.473
civil-society,loyalty,Llama-3.1-8B-Instruct,Llama-3.2-3B-Instruct,0.41
civil-society,loyalty,Llama-3.1-8B-Instruct,Qwen2.5-14B-Instruct,0.495
civil-society,loyalty,Llama-3.1-8B-Instruct,Qwen2.5-72B-Instruct,0.479
civil-society,loyalty,Llama-3.1-8B-Instruct,Qwen2.5-7B-Instruct,0.49
civil-society,loyalty,Llama-3.2-1B-Instruct,Llama-3.2-3B-Instruct,0.412
civil-society,loyalty,Llama-3.2-1B-Instruct,Qwen2.5-14B-Instruct,0.503
civil-society,loyalty,Llama-3.2-1B-Instruct,Qwen2.5-72B-Instruct,0.497
civil-society,loyalty,Llama-3.2-1B-Instruct,Qwen2.5-7B-Instruct,0.514
civil-society,loyalty,Llama-3.2-3B-Instruct,Qwen2.5-14B-Instruct,0.478
civil-society,loyalty,Llama-3.2-3B-Instruct,Qwen2.5-72B-Instruct,0.461
civil-society,loyalty,Llama-3.2-3B-Instruct,Qwen2.5-7B-Instruct,0.431
civil-society,loyalty,Qwen2.5-14B-Instruct,Qwen2.5-72B-Instruct,0.39
civil-society,loyalty,Qwen2.5-14B-Instruct,Qwen2.5-7B-Instruct,0.445
civil-society,loyalty,Qwen2.5-72B-Instruct,Qwen2.5-7B-Instruct,0.398
civil-society,proportionality,Apertus-8B-Instruct-2509,Llama-3.1-70B-Instruct,0.51
civil-society,proportionality,Apertus-8B-Instruct-2509,Llama-3.1-8B-Instruct,0.482
civil-society,proportionality,Apertus-8B-Instruct-2509,Llama-3.2-1B-Instruct,0.504
civil-society,proportionality,Apertus-8B-Instruct-2509,Llama-3.2-3B-Instruct,0.48
civil-society,proportionality,Apertus-8B-Instruct-2509,Qwen2.5-14B-Instruct,0.492
civil-society,proportionality,Apertus-8B-Instruct-2509,Qwen2.5-72B-Instruct,0.44
civil-society,proportionality,Apertus-8B-Instruct-2509,Qwen2.5-7B-Instruct,0.451
civil-society,proportionality,Llama-3.1-70B-Instruct,Llama-3.1-8B-Instruct,0.43
civil-society,proportionality,Llama-3.1-70B-Instruct,Llama-3.2-1B-Instruct,0.426
civil-society,proportionality,Llama-3.1-70B-Instruct,Llama-3.2-3B-Instruct,0.415
civil-society,proportionality,Llama-3.1-70B-Instruct,Qwen2.5-14B-Instruct,0.417
civil-society,proportionality,Llama-3.1-70B-Instruct,Qwen2.5-72B-Instruct,0.441
civil-society,proportionality,Llama-3.1-70B-Instruct,Qwen2.5-7B-Instruct,0.512
civil-society,proportionality,Llama-3.1-8B-Instruct,Llama-3.2-1B-Instruct,0.45
civil-society,proportionality,Llama-3.1-8B-Instruct,Llama-3.2-3B-Instruct,0.465
civil-society,proportionality,Llama-3.1-8B-Instruct,Qwen2.5-14B-Instruct,0.467
civil-society,proportionality,Llama-3.1-8B-Instruct,Qwen2.5-72B-Instruct,0.422
civil-society,proportionality,Llama-3.1-8B-Instruct,Qwen2.5-7B-Instruct,0.523
civil-society,proportionality,Llama-3.2-1B-Instruct,Llama-3.2-3B-Instruct,0.437
civil-society,proportionality,Llama-3.2-1B-Instruct,Qwen2.5-14B-Instruct,0.446
civil-society,proportionality,Llama-3.2-1B-Instruct,Qwen2.5-72B-Instruct,0.427
civil-society,proportionality,Llama-3.2-1B-Instruct,Qwen2.5-7B-Instruct,0.516
civil-society,proportionality,Llama-3.2-3B-Instruct,Qwen2.5-14B-Instruct,0.471
civil-society,proportionality,Llama-3.2-3B-Instruct,Qwen2.5-72B-Instruct,0.456
civil-society,proportionality,Llama-3.2-3B-Instruct,Qwen2.5-7B-Instruct,0.471
civil-society,proportionality,Qwen2.5-14B-Instruct,Qwen2.5-72B-Instruct,0.432
civil-society,proportionality,Qwen2.5-14B-Instruct,Qwen2.5-7B-Instruct,0.47
civil-society,proportionality,Qwen2.5-72B-Instruct,Qwen2.5-7B-Instruct,0.432
civil-society,purity,Apertus-8B-Instruct-2509,Llama-3.1-70B-Instruct,0.449
civil-society,purity,Apertus-8B-Instruct-2509,Llama-3.1-8B-Instruct,0.479
civil-society,purity,Apertus-8B-Instruct-2509,Llama-3.2-1B-Instruct,0.543
civil-society,purity,Apertus-8B-Instruct-2509,Llama-3.2-3B-Instruct,0.514
civil-society,purity,Apertus-8B-Instruct-2509,Qwen2.5-14B-Instruct,0.529
civil-society,purity,Apertus-8B-Instruct-2509,Qwen2.5-72B-Instruct,0.455
civil-society,purity,Apertus-8B-Instruct-2509,Qwen2.5-7B-Instruct,0.693
civil-society,purity,Llama-3.1-70B-Instruct,Llama-3.1-8B-Instruct,0.366
civil-society,purity,Llama-3.1-70B-Instruct,Llama-3.2-1B-Instruct,0.456
civil-society,purity,Llama-3.1-70B-Instruct,Llama-3.2-3B-Instruct,0.423
civil-society,purity,Llama-3.1-70B-Instruct,Qwen2.5-14B-Instruct,0.489
civil-society,purity,Llama-3.1-70B-Instruct,Qwen2.5-72B-Instruct,0.4
civil-society,purity,Llama-3.1-70B-Instruct,Qwen2.5-7B-Instruct,0.693
civil-society,purity,Llama-3.1-8B-Instruct,Llama-3.2-1B-Instruct,0.515
civil-society,purity,Llama-3.1-8B-Instruct,Llama-3.2-3B-Instruct,0.452
civil-society,purity,Llama-3.1-8B-Instruct,Qwen2.5-14B-Instruct,0.525
civil-society,purity,Llama-3.1-8B-Instruct,Qwen2.5-72B-Instruct,0.431
civil-society,purity,Llama-3.1-8B-Instruct,Qwen2.5-7B-Instruct,0.693
civil-society,purity,Llama-3.2-1B-Instruct,Llama-3.2-3B-Instruct,0.486
civil-society,purity,Llama-3.2-1B-Instruct,Qwen2.5-14B-Instruct,0.608
civil-society,purity,Llama-3.2-1B-Instruct,Qwen2.5-72B-Instruct,0.518
civil-society,purity,Llama-3.2-1B-Instruct,Qwen2.5-7B-Instruct,0.693
civil-society,purity,Llama-3.2-3B-Instruct,Qwen2.5-14B-Instruct,0.56
civil-society,purity,Llama-3.2-3B-Instruct,Qwen2.5-72B-Instruct,0.47
civil-society,purity,Llama-3.2-3B-Instruct,Qwen2.5-7B-Instruct,0.693
civil-society,purity,Qwen2.5-14B-Instruct,Qwen2.5-72B-Instruct,0.444
civil-society,purity,Qwen2.5-14B-Instruct,Qwen2.5-7B-Instruct,0.693
civil-society,purity,Qwen2.5-72B-Instruct,Qwen2.5-7B-Instruct,0.693
color-blindness,authority,Apertus-8B-Instruct-2509,Llama-3.1-70B-Instruct,0.384
color-blindness,authority,Apertus-8B-Instruct-2509,Llama-3.1-8B-Instruct,0.476
color-blindness,authority,Apertus-8B-Instruct-2509,Llama-3.2-1B-Instruct,0.42
color-blindness,authority,Apertus-8B-Instruct-2509,Llama-3.2-3B-Instruct,0.375
color-blindness,authority,Apertus-8B-Instruct-2509,Qwen2.5-14B-Instruct,0.452
color-blindness,authority,Apertus-8B-Instruct-2509,Qwen2.5-72B-Instruct,0.413
color-blindness,authority,Apertus-8B-Instruct-2509,Qwen2.5-7B-Instruct,0.659
color-blindness,authority,Llama-3.1-70B-Instruct,Llama-3.1-8B-Instruct,0.333
color-blindness,authority,Llama-3.1-70B-Instruct,Llama-3.2-1B-Instruct,0.389
color-blindness,authority,Llama-3.1-70B-Instruct,Llama-3.2-3B-Instruct,0.389
color-blindness,authority,Llama-3.1-70B-Instruct,Qwen2.5-14B-Instruct,0.396
color-blindness,authority,Llama-3.1-70B-Instruct,Qwen2.5-72B-Instruct,0.448
color-blindness,authority,Llama-3.1-70B-Instruct,Qwen2.5-7B-Instruct,0.659
color-blindness,authority,Llama-3.1-8B-Instruct,Llama-3.2-1B-Instruct,0.486
color-blindness,authority,Llama-3.1-8B-Instruct,Llama-3.2-3B-Instruct,0.448
color-blindness,authority,Llama-3.1-8B-Instruct,Qwen2.5-14B-Instruct,0.495
color-blindness,authority,Llama-3.1-8B-Instruct,Qwen2.5-72B-Instruct,0.551
color-blindness,authority,Llama-3.1-8B-Instruct,Qwen2.5-7B-Instruct,0.657
color-blindness,authority,Llama-3.2-1B-Instruct,Llama-3.2-3B-Instruct,0.461
color-blindness,authority,Llama-3.2-1B-Instruct,Qwen2.5-14B-Instruct,0.469
color-blindness,authority,Llama-3.2-1B-Instruct,Qwen2.5-72B-Instruct,0.479
color-blindness,authority,Llama-3.2-1B-Instruct,Qwen2.5-7B-Instruct,0.671
color-blindness,authority,Llama-3.2-3B-Instruct,Qwen2.5-14B-Instruct,0.5
color-blindness,authority,Llama-3.2-3B-Instruct,Qwen2.5-72B-Instruct,0.492
color-blindness,authority,Llama-3.2-3B-Instruct,Qwen2.5-7B-Instruct,0.655
color-blindness,authority,Qwen2.5-14B-Instruct,Qwen2.5-72B-Instruct,0.401
color-blindness,authority,Qwen2.5-14B-Instruct,Qwen2.5-7B-Instruct,0.659
color-blindness,authority,Qwen2.5-72B-Instruct,Qwen2.5-7B-Instruct,0.662
color-blindness,base,Apertus-8B-Instruct-2509,Llama-3.1-70B-Instruct,0.376
color-blindness,base,Apertus-8B-Instruct-2509,Llama-3.1-8B-Instruct,0.407
color-blindness,base,Apertus-8B-Instruct-2509,Llama-3.2-1B-Instruct,0.52
color-blindness,base,Apertus-8B-Instruct-2509,Llama-3.2-3B-Instruct,0.329
color-blindness,base,Apertus-8B-Instruct-2509,Qwen2.5-14B-Instruct,0.401
color-blindness,base,Apertus-8B-Instruct-2509,Qwen2.5-72B-Instruct,0.406
color-blindness,base,Apertus-8B-Instruct-2509,Qwen2.5-7B-Instruct,0.361
color-blindness,base,Llama-3.1-70B-Instruct,Llama-3.1-8B-Instruct,0.382
color-blindness,base,Llama-3.1-70B-Instruct,Llama-3.2-1B-Instruct,0.454
color-blindness,base,Llama-3.1-70B-Instruct,Llama-3.2-3B-Instruct,0.353
color-blindness,base,Llama-3.1-70B-Instruct,Qwen2.5-14B-Instruct,0.455
color-blindness,base,Llama-3.1-70B-Instruct,Qwen2.5-72B-Instruct,0.323
color-blindness,base,Llama-3.1-70B-Instruct,Qwen2.5-7B-Instruct,0.366
color-blindness,base,Llama-3.1-8B-Instruct,Llama-3.2-1B-Instruct,0.398
color-blindness,base,Llama-3.1-8B-Instruct,Llama-3.2-3B-Instruct,0.375
color-blindness,base,Llama-3.1-8B-Instruct,Qwen2.5-14B-Instruct,0.436
color-blindness,base,Llama-3.1-8B-Instruct,Qwen2.5-72B-Instruct,0.39
color-blindness,base,Llama-3.1-8B-Instruct,Qwen2.5-7B-Instruct,0.395
color-blindness,base,Llama-3.2-1B-Instruct,Llama-3.2-3B-Instruct,0.48
color-blindness,base,Llama-3.2-1B-Instruct,Qwen2.5-14B-Instruct,0.534
color-blindness,base,Llama-3.2-1B-Instruct,Qwen2.5-72B-Instruct,0.404
color-blindness,base,Llama-3.2-1B-Instruct,Qwen2.5-7B-Instruct,0.523
color-blindness,base,Llama-3.2-3B-Instruct,Qwen2.5-14B-Instruct,0.442
color-blindness,base,Llama-3.2-3B-Instruct,Qwen2.5-72B-Instruct,0.382
color-blindness,base,Llama-3.2-3B-Instruct,Qwen2.5-7B-Instruct,0.394
color-blindness,base,Qwen2.5-14B-Instruct,Qwen2.5-72B-Instruct,0.421
color-blindness,base,Qwen2.5-14B-Instruct,Qwen2.5-7B-Instruct,0.382
color-blindness,base,Qwen2.5-72B-Instruct,Qwen2.5-7B-Instruct,0.348
color-blindness,care,Apertus-8B-Instruct-2509,Llama-3.1-70B-Instruct,0.44
color-blindness,care,Apertus-8B-Instruct-2509,Llama-3.1-8B-Instruct,0.379
color-blindness,care,Apertus-8B-Instruct-2509,Llama-3.2-1B-Instruct,0.439
color-blindness,care,Apertus-8B-Instruct-2509,Llama-3.2-3B-Instruct,0.405
color-blindness,care,Apertus-8B-Instruct-2509,Qwen2.5-14B-Instruct,0.447
color-blindness,care,Apertus-8B-Instruct-2509,Qwen2.5-72B-Instruct,0.481
color-blindness,care,Apertus-8B-Instruct-2509,Qwen2.5-7B-Instruct,0.433
color-blindness,care,Llama-3.1-70B-Instruct,Llama-3.1-8B-Instruct,0.417
color-blindness,care,Llama-3.1-70B-Instruct,Llama-3.2-1B-Instruct,0.447
color-blindness,care,Llama-3.1-70B-Instruct,Llama-3.2-3B-Instruct,0.457
color-blindness,care,Llama-3.1-70B-Instruct,Qwen2.5-14B-Instruct,0.416
color-blindness,care,Llama-3.1-70B-Instruct,Qwen2.5-72B-Instruct,0.386
color-blindness,care,Llama-3.1-70B-Instruct,Qwen2.5-7B-Instruct,0.422
color-blindness,care,Llama-3.1-8B-Instruct,Llama-3.2-1B-Instruct,0.383
color-blindness,care,Llama-3.1-8B-Instruct,Llama-3.2-3B-Instruct,0.316
color-blindness,care,Llama-3.1-8B-Instruct,Qwen2.5-14B-Instruct,0.499
color-blindness,care,Llama-3.1-8B-Instruct,Qwen2.5-72B-Instruct,0.501
color-blindness,care,Llama-3.1-8B-Instruct,Qwen2.5-7B-Instruct,0.468
color-blindness,care,Llama-3.2-1B-Instruct,Llama-3.2-3B-Instruct,0.341
color-blindness,care,Llama-3.2-1B-Instruct,Qwen2.5-14B-Instruct,0.483
color-blindness,care,Llama-3.2-1B-Instruct,Qwen2.5-72B-Instruct,0.441
color-blindness,care,Llama-3.2-1B-Instruct,Qwen2.5-7B-Instruct,0.448
color-blindness,care,Llama-3.2-3B-Instruct,Qwen2.5-14B-Instruct,0.461
color-blindness,care,Llama-3.2-3B-Instruct,Qwen2.5-72B-Instruct,0.455
color-blindness,care,Llama-3.2-3B-Instruct,Qwen2.5-7B-Instruct,0.37
color-blindness,care,Qwen2.5-14B-Instruct,Qwen2.5-72B-Instruct,0.303
color-blindness,care,Qwen2.5-14B-Instruct,Qwen2.5-7B-Instruct,0.461
color-blindness,care,Qwen2.5-72B-Instruct,Qwen2.5-7B-Instruct,0.418
color-blindness,equality,Apertus-8B-Instruct-2509,Llama-3.1-70B-Instruct,0.553
color-blindness,equality,Apertus-8B-Instruct-2509,Llama-3.1-8B-Instruct,0.518
color-blindness,equality,Apertus-8B-Instruct-2509,Llama-3.2-1B-Instruct,0.52
color-blindness,equality,Apertus-8B-Instruct-2509,Llama-3.2-3B-Instruct,0.467
color-blindness,equality,Apertus-8B-Instruct-2509,Qwen2.5-14B-Instruct,0.461
color-blindness,equality,Apertus-8B-Instruct-2509,Qwen2.5-72B-Instruct,0.396
color-blindness,equality,Apertus-8B-Instruct-2509,Qwen2.5-7B-Instruct,0.376
color-blindness,equality,Llama-3.1-70B-Instruct,Llama-3.1-8B-Instruct,0.357
color-blindness,equality,Llama-3.1-70B-Instruct,Llama-3.2-1B-Instruct,0.468
color-blindness,equality,Llama-3.1-70B-Instruct,Llama-3.2-3B-Instruct,0.433
color-blindness,equality,Llama-3.1-70B-Instruct,Qwen2.5-14B-Instruct,0.414
color-blindness,equality,Llama-3.1-70B-Instruct,Qwen2.5-72B-Instruct,0.412
color-blindness,equality,Llama-3.1-70B-Instruct,Qwen2.5-7B-Instruct,0.46
color-blindness,equality,Llama-3.1-8B-Instruct,Llama-3.2-1B-Instruct,0.422
color-blindness,equality,Llama-3.1-8B-Instruct,Llama-3.2-3B-Instruct,0.395
color-blindness,equality,Llama-3.1-8B-Instruct,Qwen2.5-14B-Instruct,0.414
color-blindness,equality,Llama-3.1-8B-Instruct,Qwen2.5-72B-Instruct,0.418
color-blindness,equality,Llama-3.1-8B-Instruct,Qwen2.5-7B-Instruct,0.433
color-blindness,equality,Llama-3.2-1B-Instruct,Llama-3.2-3B-Instruct,0.427
color-blindness,equality,Llama-3.2-1B-Instruct,Qwen2.5-14B-Instruct,0.493
color-blindness,equality,Llama-3.2-1B-Instruct,Qwen2.5-72B-Instruct,0.513
color-blindness,equality,Llama-3.2-1B-Instruct,Qwen2.5-7B-Instruct,0.496
color-blindness,equality,Llama-3.2-3B-Instruct,Qwen2.5-14B-Instruct,0.509
color-blindness,equality,Llama-3.2-3B-Instruct,Qwen2.5-72B-Instruct,0.507
color-blindness,equality,Llama-3.2-3B-Instruct,Qwen2.5-7B-Instruct,0.418
color-blindness,equality,Qwen2.5-14B-Instruct,Qwen2.5-72B-Instruct,0.428
color-blindness,equality,Qwen2.5-14B-Instruct,Qwen2.5-7B-Instruct,0.407
color-blindness,equality,Qwen2.5-72B-Instruct,Qwen2.5-7B-Instruct,0.442
color-blindness,loyalty,Apertus-8B-Instruct-2509,Llama-3.1-70B-Instruct,0.507
color-blindness,loyalty,Apertus-8B-Instruct-2509,Llama-3.1-8B-Instruct,0.491
color-blindness,loyalty,Apertus-8B-Instruct-2509,Llama-3.2-1B-Instruct,0.481
color-blindness,loyalty,Apertus-8B-Instruct-2509,Llama-3.2-3B-Instruct,0.415
color-blindness,loyalty,Apertus-8B-Instruct-2509,Qwen2.5-14B-Instruct,0.483
color-blindness,loyalty,Apertus-8B-Instruct-2509,Qwen2.5-72B-Instruct,0.488
color-blindness,loyalty,Apertus-8B-Instruct-2509,Qwen2.5-7B-Instruct,0.408
color-blindness,loyalty,Llama-3.1-70B-Instruct,Llama-3.1-8B-Instruct,0.405
color-blindness,loyalty,Llama-3.1-70B-Instruct,Llama-3.2-1B-Instruct,0.454
color-blindness,loyalty,Llama-3.1-70B-Instruct,Llama-3.2-3B-Instruct,0.39
color-blindness,loyalty,Llama-3.1-70B-Instruct,Qwen2.5-14B-Instruct,0.408
color-blindness,loyalty,Llama-3.1-70B-Instruct,Qwen2.5-72B-Instruct,0.479
color-blindness,loyalty,Llama-3.1-70B-Instruct,Qwen2.5-7B-Instruct,0.458
color-blindness,loyalty,Llama-3.1-8B-Instruct,Llama-3.2-1B-Instruct,0.463
color-blindness,loyalty,Llama-3.1-8B-Instruct,Llama-3.2-3B-Instruct,0.377
color-blindness,loyalty,Llama-3.1-8B-Instruct,Qwen2.5-14B-Instruct,0.486
color-blindness,loyalty,Llama-3.1-8B-Instruct,Qwen2.5-72B-Instruct,0.44
color-blindness,loyalty,Llama-3.1-8B-Instruct,Qwen2.5-7B-Instruct,0.475
color-blindness,loyalty,Llama-3.2-1B-Instruct,Llama-3.2-3B-Instruct,0.444
color-blindness,loyalty,Llama-3.2-1B-Instruct,Qwen2.5-14B-Instruct,0.477
color-blindness,loyalty,Llama-3.2-1B-Instruct,Qwen2.5-72B-Instruct,0.504
color-blindness,loyalty,Llama-3.2-1B-Instruct,Qwen2.5-7B-Instruct,0.475
color-blindness,loyalty,Llama-3.2-3B-Instruct,Qwen2.5-14B-Instruct,0.437
color-blindness,loyalty,Llama-3.2-3B-Instruct,Qwen2.5-72B-Instruct,0.426
color-blindness,loyalty,Llama-3.2-3B-Instruct,Qwen2.5-7B-Instruct,0.341
color-blindness,loyalty,Qwen2.5-14B-Instruct,Qwen2.5-72B-Instruct,0.395
color-blindness,loyalty,Qwen2.5-14B-Instruct,Qwen2.5-7B-Instruct,0.421
color-blindness,loyalty,Qwen2.5-72B-Instruct,Qwen2.5-7B-Instruct,0.452
color-blindness,proportionality,Apertus-8B-Instruct-2509,Llama-3.1-70B-Instruct,0.335
color-blindness,proportionality,Apertus-8B-Instruct-2509,Llama-3.1-8B-Instruct,0.383
color-blindness,proportionality,Apertus-8B-Instruct-2509,Llama-3.2-1B-Instruct,0.45
color-blindness,proportionality,Apertus-8B-Instruct-2509,Llama-3.2-3B-Instruct,0.245
color-blindness,proportionality,Apertus-8B-Instruct-2509,Qwen2.5-14B-Instruct,0.439
color-blindness,proportionality,Apertus-8B-Instruct-2509,Qwen2.5-72B-Instruct,0.427
color-blindness,proportionality,Apertus-8B-Instruct-2509,Qwen2.5-7B-Instruct,0.341
color-blindness,proportionality,Llama-3.1-70B-Instruct,Llama-3.1-8B-Instruct,0.335
color-blindness,proportionality,Llama-3.1-70B-Instruct,Llama-3.2-1B-Instruct,0.386
color-blindness,proportionality,Llama-3.1-70B-Instruct,Llama-3.2-3B-Instruct,0.293
color-blindness,proportionality,Llama-3.1-70B-Instruct,Qwen2.5-14B-Instruct,0.486
color-blindness,proportionality,Llama-3.1-70B-Instruct,Qwen2.5-72B-Instruct,0.451
color-blindness,proportionality,Llama-3.1-70B-Instruct,Qwen2.5-7B-Instruct,0.394
color-blindness,proportionality,Llama-3.1-8B-Instruct,Llama-3.2-1B-Instruct,0.432
color-blindness,proportionality,Llama-3.1-8B-Instruct,Llama-3.2-3B-Instruct,0.328
color-blindness,proportionality,Llama-3.1-8B-Instruct,Qwen2.5-14B-Instruct,0.416
color-blindness,proportionality,Llama-3.1-8B-Instruct,Qwen2.5-72B-Instruct,0.396
color-blindness,proportionality,Llama-3.1-8B-Instruct,Qwen2.5-7B-Instruct,0.434
color-blindness,proportionality,Llama-3.2-1B-Instruct,Llama-3.2-3B-Instruct,0.392
color-blindness,proportionality,Llama-3.2-1B-Instruct,Qwen2.5-14B-Instruct,0.512
color-blindness,proportionality,Llama-3.2-1B-Instruct,Qwen2.5-72B-Instruct,0.413
color-blindness,proportionality,Llama-3.2-1B-Instruct,Qwen2.5-7B-Instruct,0.426
color-blindness,proportionality,Llama-3.2-3B-Instruct,Qwen2.5-14B-Instruct,0.43
color-blindness,proportionality,Llama-3.2-3B-Instruct,Qwen2.5-72B-Instruct,0.43
color-blindness,proportionality,Llama-3.2-3B-Instruct,Qwen2.5-7B-Instruct,0.365
color-blindness,proportionality,Qwen2.5-14B-Instruct,Qwen2.5-72B-Instruct,0.351
color-blindness,proportionality,Qwen2.5-14B-Instruct,Qwen2.5-7B-Instruct,0.449
color-blindness,proportionality,Qwen2.5-72B-Instruct,Qwen2.5-7B-Instruct,0.398
color-blindness,purity,Apertus-8B-Instruct-2509,Llama-3.1-70B-Instruct,0.496
color-blindness,purity,Apertus-8B-Instruct-2509,Llama-3.1-8B-Instruct,0.483
color-blindness,purity,Apertus-8B-Instruct-2509,Llama-3.2-1B-Instruct,0.503
color-blindness,purity,Apertus-8B-Instruct-2509,Llama-3.2-3B-Instruct,0.527
color-blindness,purity,Apertus-8B-Instruct-2509,Qwen2.5-14B-Instruct,0.428
color-blindness,purity,Apertus-8B-Instruct-2509,Qwen2.5-72B-Instruct,0.479
color-blindness,purity,Apertus-8B-Instruct-2509,Qwen2.5-7B-Instruct,0.536
color-blindness,purity,Llama-3.1-70B-Instruct,Llama-3.1-8B-Instruct,0.374
color-blindness,purity,Llama-3.1-70B-Instruct,Llama-3.2-1B-Instruct,0.568
color-blindness,purity,Llama-3.1-70B-Instruct,Llama-3.2-3B-Instruct,0.489
color-blindness,purity,Llama-3.1-70B-Instruct,Qwen2.5-14B-Instruct,0.484
color-blindness,purity,Llama-3.1-70B-Instruct,Qwen2.5-72B-Instruct,0.455
color-blindness,purity,Llama-3.1-70B-Instruct,Qwen2.5-7B-Instruct,0.547
color-blindness,purity,Llama-3.1-8B-Instruct,Llama-3.2-1B-Instruct,0.515
color-blindness,purity,Llama-3.1-8B-Instruct,Llama-3.2-3B-Instruct,0.465
color-blindness,purity,Llama-3.1-8B-Instruct,Qwen2.5-14B-Instruct,0.495
color-blindness,purity,Llama-3.1-8B-Instruct,Qwen2.5-72B-Instruct,0.494
color-blindness,purity,Llama-3.1-8B-Instruct,Qwen2.5-7B-Instruct,0.547
color-blindness,purity,Llama-3.2-1B-Instruct,Llama-3.2-3B-Instruct,0.382
color-blindness,purity,Llama-3.2-1B-Instruct,Qwen2.5-14B-Instruct,0.542
color-blindness,purity,Llama-3.2-1B-Instruct,Qwen2.5-72B-Instruct,0.494
color-blindness,purity,Llama-3.2-1B-Instruct,Qwen2.5-7B-Instruct,0.472
color-blindness,purity,Llama-3.2-3B-Instruct,Qwen2.5-14B-Instruct,0.479
color-blindness,purity,Llama-3.2-3B-Instruct,Qwen2.5-72B-Instruct,0.464
color-blindness,purity,Llama-3.2-3B-Instruct,Qwen2.5-7B-Instruct,0.471
color-blindness,purity,Qwen2.5-14B-Instruct,Qwen2.5-72B-Instruct,0.415
color-blindness,purity,Qwen2.5-14B-Instruct,Qwen2.5-7B-Instruct,0.495
color-blindness,purity,Qwen2.5-72B-Instruct,Qwen2.5-7B-Instruct,0.49
common-core,authority,Apertus-8B-Instruct-2509,Llama-3.1-70B-Instruct,0.468
common-core,authority,Apertus-8B-Instruct-2509,Llama-3.1-8B-Instruct,0.534
common-core,authority,Apertus-8B-Instruct-2509,Llama-3.2-1B-Instruct,0.458
common-core,authority,Apertus-8B-Instruct-2509,Llama-3.2-3B-Instruct,0.433
common-core,authority,Apertus-8B-Instruct-2509,Qwen2.5-14B-Instruct,0.494
common-core,authority,Apertus-8B-Instruct-2509,Qwen2.5-72B-Instruct,0.428
common-core,authority,Apertus-8B-Instruct-2509,Qwen2.5-7B-Instruct,0.44
common-core,authority,Llama-3.1-70B-Instruct,Llama-3.1-8B-Instruct,0.307
common-core,authority,Llama-3.1-70B-Instruct,Llama-3.2-1B-Instruct,0.485
common-core,authority,Llama-3.1-70B-Instruct,Llama-3.2-3B-Instruct,0.292
common-core,authority,Llama-3.1-70B-Instruct,Qwen2.5-14B-Instruct,0.36
common-core,authority,Llama-3.1-70B-Instruct,Qwen2.5-72B-Instruct,0.372
common-core,authority,Llama-3.1-70B-Instruct,Qwen2.5-7B-Instruct,0.411
common-core,authority,Llama-3.1-8B-Instruct,Llama-3.2-1B-Instruct,0.51
common-core,authority,Llama-3.1-8B-Instruct,Llama-3.2-3B-Instruct,0.34
common-core,authority,Llama-3.1-8B-Instruct,Qwen2.5-14B-Instruct,0.393
common-core,authority,Llama-3.1-8B-Instruct,Qwen2.5-72B-Instruct,0.439
common-core,authority,Llama-3.1-8B-Instruct,Qwen2.5-7B-Instruct,0.485
common-core,authority,Llama-3.2-1B-Instruct,Llama-3.2-3B-Instruct,0.479
common-core,authority,Llama-3.2-1B-Instruct,Qwen2.5-14B-Instruct,0.525
common-core,authority,Llama-3.2-1B-Instruct,Qwen2.5-72B-Instruct,0.537
common-core,authority,Llama-3.2-1B-Instruct,Qwen2.5-7B-Instruct,0.468
common-core,authority,Llama-3.2-3B-Instruct,Qwen2.5-14B-Instruct,0.416
common-core,authority,Llama-3.2-3B-Instruct,Qwen2.5-72B-Instruct,0.418
common-core,authority,Llama-3.2-3B-Instruct,Qwen2.5-7B-Instruct,0.427
common-core,authority,Qwen2.5-14B-Instruct,Qwen2.5-72B-Instruct,0.434
common-core,authority,Qwen2.5-14B-Instruct,Qwen2.5-7B-Instruct,0.422
common-core,authority,Qwen2.5-72B-Instruct,Qwen2.5-7B-Instruct,0.356
common-core,base,Apertus-8B-Instruct-2509,Llama-3.1-70B-Instruct,0.333
common-core,base,Apertus-8B-Instruct-2509,Llama-3.1-8B-Instruct,0.321
common-core,base,Apertus-8B-Instruct-2509,Llama-3.2-1B-Instruct,0.329
common-core,base,Apertus-8B-Instruct-2509,Llama-3.2-3B-Instruct,0.355
common-core,base,Apertus-8B-Instruct-2509,Qwen2.5-14B-Instruct,0.371
common-core,base,Apertus-8B-Instruct-2509,Qwen2.5-72B-Instruct,0.315
common-core,base,Apertus-8B-Instruct-2509,Qwen2.5-7B-Instruct,0.343
common-core,base,Llama-3.1-70B-Instruct,Llama-3.1-8B-Instruct,0.281
common-core,base,Llama-3.1-70B-Instruct,Llama-3.2-1B-Instruct,0.385
common-core,base,Llama-3.1-70B-Instruct,Llama-3.2-3B-Instruct,0.266
common-core,base,Llama-3.1-70B-Instruct,Qwen2.5-14B-Instruct,0.377
common-core,base,Llama-3.1-70B-Instruct,Qwen2.5-72B-Instruct,0.34
common-core,base,Llama-3.1-70B-Instruct,Qwen2.5-7B-Instruct,0.357
common-core,base,Llama-3.1-8B-Instruct,Llama-3.2-1B-Instruct,0.367
common-core,base,Llama-3.1-8B-Instruct,Llama-3.2-3B-Instruct,0.193
common-core,base,Llama-3.1-8B-Instruct,Qwen2.5-14B-Instruct,0.403
common-core,base,Llama-3.1-8B-Instruct,Qwen2.5-72B-Instruct,0.373
common-core,base,Llama-3.1-8B-Instruct,Qwen2.5-7B-Instruct,0.379
common-core,base,Llama-3.2-1B-Instruct,Llama-3.2-3B-Instruct,0.371
common-core,base,Llama-3.2-1B-Instruct,Qwen2.5-14B-Instruct,0.413
common-core,base,Llama-3.2-1B-Instruct,Qwen2.5-72B-Instruct,0.384
common-core,base,Llama-3.2-1B-Instruct,Qwen2.5-7B-Instruct,0.418
common-core,base,Llama-3.2-3B-Instruct,Qwen2.5-14B-Instruct,0.43
common-core,base,Llama-3.2-3B-Instruct,Qwen2.5-72B-Instruct,0.386
common-core,base,Llama-3.2-3B-Instruct,Qwen2.5-7B-Instruct,0.416
common-core,base,Qwen2.5-14B-Instruct,Qwen2.5-72B-Instruct,0.317
common-core,base,Qwen2.5-14B-Instruct,Qwen2.5-7B-Instruct,0.348
common-core,base,Qwen2.5-72B-Instruct,Qwen2.5-7B-Instruct,0.267
common-core,care,Apertus-8B-Instruct-2509,Llama-3.1-70B-Instruct,0.383
common-core,care,Apertus-8B-Instruct-2509,Llama-3.1-8B-Instruct,0.457
common-core,care,Apertus-8B-Instruct-2509,Llama-3.2-1B-Instruct,0.437
common-core,care,Apertus-8B-Instruct-2509,Llama-3.2-3B-Instruct,0.451
common-core,care,Apertus-8B-Instruct-2509,Qwen2.5-14B-Instruct,0.38
common-core,care,Apertus-8B-Instruct-2509,Qwen2.5-72B-Instruct,0.367
common-core,care,Apertus-8B-Instruct-2509,Qwen2.5-7B-Instruct,0.425
common-core,care,Llama-3.1-70B-Instruct,Llama-3.1-8B-Instruct,0.463
common-core,care,Llama-3.1-70B-Instruct,Llama-3.2-1B-Instruct,0.415
common-core,care,Llama-3.1-70B-Instruct,Llama-3.2-3B-Instruct,0.362
common-core,care,Llama-3.1-70B-Instruct,Qwen2.5-14B-Instruct,0.381
common-core,care,Llama-3.1-70B-Instruct,Qwen2.5-72B-Instruct,0.38
common-core,care,Llama-3.1-70B-Instruct,Qwen2.5-7B-Instruct,0.35
common-core,care,Llama-3.1-8B-Instruct,Llama-3.2-1B-Instruct,0.545
common-core,care,Llama-3.1-8B-Instruct,Llama-3.2-3B-Instruct,0.499
common-core,care,Llama-3.1-8B-Instruct,Qwen2.5-14B-Instruct,0.465
common-core,care,Llama-3.1-8B-Instruct,Qwen2.5-72B-Instruct,0.434
common-core,care,Llama-3.1-8B-Instruct,Qwen2.5-7B-Instruct,0.511
common-core,care,Llama-3.2-1B-Instruct,Llama-3.2-3B-Instruct,0.35
common-core,care,Llama-3.2-1B-Instruct,Qwen2.5-14B-Instruct,0.435
common-core,care,Llama-3.2-1B-Instruct,Qwen2.5-72B-Instruct,0.43
common-core,care,Llama-3.2-1B-Instruct,Qwen2.5-7B-Instruct,0.478
common-core,care,Llama-3.2-3B-Instruct,Qwen2.5-14B-Instruct,0.391
common-core,care,Llama-3.2-3B-Instruct,Qwen2.5-72B-Instruct,0.453
common-core,care,Llama-3.2-3B-Instruct,Qwen2.5-7B-Instruct,0.491
common-core,care,Qwen2.5-14B-Instruct,Qwen2.5-72B-Instruct,0.331
common-core,care,Qwen2.5-14B-Instruct,Qwen2.5-7B-Instruct,0.367
common-core,care,Qwen2.5-72B-Instruct,Qwen2.5-7B-Instruct,0.367
common-core,equality,Apertus-8B-Instruct-2509,Llama-3.1-70B-Instruct,0.412
common-core,equality,Apertus-8B-Instruct-2509,Llama-3.1-8B-Instruct,0.42
common-core,equality,Apertus-8B-Instruct-2509,Llama-3.2-1B-Instruct,0.474
common-core,equality,Apertus-8B-Instruct-2509,Llama-3.2-3B-Instruct,0.381
common-core,equality,Apertus-8B-Instruct-2509,Qwen2.5-14B-Instruct,0.4
common-core,equality,Apertus-8B-Instruct-2509,Qwen2.5-72B-Instruct,0.511
common-core,equality,Apertus-8B-Instruct-2509,Qwen2.5-7B-Instruct,0.414
common-core,equality,Llama-3.1-70B-Instruct,Llama-3.1-8B-Instruct,0.324
common-core,equality,Llama-3.1-70B-Instruct,Llama-3.2-1B-Instruct,0.514
common-core,equality,Llama-3.1-70B-Instruct,Llama-3.2-3B-Instruct,0.341
common-core,equality,Llama-3.1-70B-Instruct,Qwen2.5-14B-Instruct,0.433
common-core,equality,Llama-3.1-70B-Instruct,Qwen2.5-72B-Instruct,0.406
common-core,equality,Llama-3.1-70B-Instruct,Qwen2.5-7B-Instruct,0.419
common-core,equality,Llama-3.1-8B-Instruct,Llama-3.2-1B-Instruct,0.558
common-core,equality,Llama-3.1-8B-Instruct,Llama-3.2-3B-Instruct,0.361
common-core,equality,Llama-3.1-8B-Instruct,Qwen2.5-14B-Instruct,0.37
common-core,equality,Llama-3.1-8B-Instruct,Qwen2.5-72B-Instruct,0.439
common-core,equality,Llama-3.1-8B-Instruct,Qwen2.5-7B-Instruct,0.436
common-core,equality,Llama-3.2-1B-Instruct,Llama-3.2-3B-Instruct,0.511
common-core,equality,Llama-3.2-1B-Instruct,Qwen2.5-14B-Instruct,0.566
common-core,equality,Llama-3.2-1B-Instruct,Qwen2.5-72B-Instruct,0.57
common-core,equality,Llama-3.2-1B-Instruct,Qwen2.5-7B-Instruct,0.551
common-core,equality,Llama-3.2-3B-Instruct,Qwen2.5-14B-Instruct,0.461
common-core,equality,Llama-3.2-3B-Instruct,Qwen2.5-72B-Instruct,0.487
common-core,equality,Llama-3.2-3B-Instruct,Qwen2.5-7B-Instruct,0.448
common-core,equality,Qwen2.5-14B-Instruct,Qwen2.5-72B-Instruct,0.47
common-core,equality,Qwen2.5-14B-Instruct,Qwen2.5-7B-Instruct,0.358
common-core,equality,Qwen2.5-72B-Instruct,Qwen2.5-7B-Instruct,0.435
common-core,loyalty,Apertus-8B-Instruct-2509,Llama-3.1-70B-Instruct,0.382
common-core,loyalty,Apertus-8B-Instruct-2509,Llama-3.1-8B-Instruct,0.413
common-core,loyalty,Apertus-8B-Instruct-2509,Llama-3.2-1B-Instruct,0.47
common-core,loyalty,Apertus-8B-Instruct-2509,Llama-3.2-3B-Instruct,0.436
common-core,loyalty,Apertus-8B-Instruct-2509,Qwen2.5-14B-Instruct,0.418
common-core,loyalty,Apertus-8B-Instruct-2509,Qwen2.5-72B-Instruct,0.339
common-core,loyalty,Apertus-8B-Instruct-2509,Qwen2.5-7B-Instruct,0.493
common-core,loyalty,Llama-3.1-70B-Instruct,Llama-3.1-8B-Instruct,0.213
common-core,loyalty,Llama-3.1-70B-Instruct,Llama-3.2-1B-Instruct,0.481
common-core,loyalty,Llama-3.1-70B-Instruct,Llama-3.2-3B-Instruct,0.359
common-core,loyalty,Llama-3.1-70B-Instruct,Qwen2.5-14B-Instruct,0.397
common-core,loyalty,Llama-3.1-70B-Instruct,Qwen2.5-72B-Instruct,0.367
common-core,loyalty,Llama-3.1-70B-Instruct,Qwen2.5-7B-Instruct,0.44
common-core,loyalty,Llama-3.1-8B-Instruct,Llama-3.2-1B-Instruct,0.478
common-core,loyalty,Llama-3.1-8B-Instruct,Llama-3.2-3B-Instruct,0.338
common-core,loyalty,Llama-3.1-8B-Instruct,Qwen2.5-14B-Instruct,0.4
common-core,loyalty,Llama-3.1-8B-Instruct,Qwen2.5-72B-Instruct,0.376
common-core,loyalty,Llama-3.1-8B-Instruct,Qwen2.5-7B-Instruct,0.403
common-core,loyalty,Llama-3.2-1B-Instruct,Llama-3.2-3B-Instruct,0.529
common-core,loyalty,Llama-3.2-1B-Instruct,Qwen2.5-14B-Instruct,0.503
common-core,loyalty,Llama-3.2-1B-Instruct,Qwen2.5-72B-Instruct,0.518
common-core,loyalty,Llama-3.2-1B-Instruct,Qwen2.5-7B-Instruct,0.547
common-core,loyalty,Llama-3.2-3B-Instruct,Qwen2.5-14B-Instruct,0.403
common-core,loyalty,Llama-3.2-3B-Instruct,Qwen2.5-72B-Instruct,0.428
common-core,loyalty,Llama-3.2-3B-Instruct,Qwen2.5-7B-Instruct,0.444
common-core,loyalty,Qwen2.5-14B-Instruct,Qwen2.5-72B-Instruct,0.353
common-core,loyalty,Qwen2.5-14B-Instruct,Qwen2.5-7B-Instruct,0.372
common-core,loyalty,Qwen2.5-72B-Instruct,Qwen2.5-7B-Instruct,0.452
common-core,proportionality,Apertus-8B-Instruct-2509,Llama-3.1-70B-Instruct,0.407
common-core,proportionality,Apertus-8B-Instruct-2509,Llama-3.1-8B-Instruct,0.508
common-core,proportionality,Apertus-8B-Instruct-2509,Llama-3.2-1B-Instruct,0.498
common-core,proportionality,Apertus-8B-Instruct-2509,Llama-3.2-3B-Instruct,0.497
common-core,proportionality,Apertus-8B-Instruct-2509,Qwen2.5-14B-Instruct,0.466
common-core,proportionality,Apertus-8B-Instruct-2509,Qwen2.5-72B-Instruct,0.41
common-core,proportionality,Apertus-8B-Instruct-2509,Qwen2.5-7B-Instruct,0.424
common-core,proportionality,Llama-3.1-70B-Instruct,Llama-3.1-8B-Instruct,0.411
common-core,proportionality,Llama-3.1-70B-Instruct,Llama-3.2-1B-Instruct,0.389
common-core,proportionality,Llama-3.1-70B-Instruct,Llama-3.2-3B-Instruct,0.432
common-core,proportionality,Llama-3.1-70B-Instruct,Qwen2.5-14B-Instruct,0.402
common-core,proportionality,Llama-3.1-70B-Instruct,Qwen2.5-72B-Instruct,0.306
common-core,proportionality,Llama-3.1-70B-Instruct,Qwen2.5-7B-Instruct,0.418
common-core,proportionality,Llama-3.1-8B-Instruct,Llama-3.2-1B-Instruct,0.559
common-core,proportionality,Llama-3.1-8B-Instruct,Llama-3.2-3B-Instruct,0.401
common-core,proportionality,Llama-3.1-8B-Instruct,Qwen2.5-14B-Instruct,0.404
common-core,proportionality,Llama-3.1-8B-Instruct,Qwen2.5-72B-Instruct,0.425
common-core,proportionality,Llama-3.1-8B-Instruct,Qwen2.5-7B-Instruct,0.427
common-core,proportionality,Llama-3.2-1B-Instruct,Llama-3.2-3B-Instruct,0.5
common-core,proportionality,Llama-3.2-1B-Instruct,Qwen2.5-14B-Instruct,0.491
common-core,proportionality,Llama-3.2-1B-Instruct,Qwen2.5-72B-Instruct,0.364
common-core,proportionality,Llama-3.2-1B-Instruct,Qwen2.5-7B-Instruct,0.473
common-core,proportionality,Llama-3.2-3B-Instruct,Qwen2.5-14B-Instruct,0.41
common-core,proportionality,Llama-3.2-3B-Instruct,Qwen2.5-72B-Instruct,0.44
common-core,proportionality,Llama-3.2-3B-Instruct,Qwen2.5-7B-Instruct,0.445
common-core,proportionality,Qwen2.5-14B-Instruct,Qwen2.5-72B-Instruct,0.419
common-core,proportionality,Qwen2.5-14B-Instruct,Qwen2.5-7B-Instruct,0.395
common-core,proportionality,Qwen2.5-72B-Instruct,Qwen2.5-7B-Instruct,0.356
common-core,purity,Apertus-8B-Instruct-2509,Llama-3.1-70B-Instruct,0.455
common-core,purity,Apertus-8B-Instruct-2509,Llama-3.1-8B-Instruct,0.425
common-core,purity,Apertus-8B-Instruct-2509,Llama-3.2-1B-Instruct,0.426
common-core,purity,Apertus-8B-Instruct-2509,Llama-3.2-3B-Instruct,0.393
common-core,purity,Apertus-8B-Instruct-2509,Qwen2.5-14B-Instruct,0.453
common-core,purity,Apertus-8B-Instruct-2509,Qwen2.5-72B-Instruct,0.549
common-core,purity,Apertus-8B-Instruct-2509,Qwen2.5-7B-Instruct,0.466
common-core,purity,Llama-3.1-70B-Instruct,Llama-3.1-8B-Instruct,0.324
common-core,purity,Llama-3.1-70B-Instruct,Llama-3.2-1B-Instruct,0.462
common-core,purity,Llama-3.1-70B-Instruct,Llama-3.2-3B-Instruct,0.423
common-core,purity,Llama-3.1-70B-Instruct,Qwen2.5-14B-Instruct,0.431
common-core,purity,Llama-3.1-70B-Instruct,Qwen2.5-72B-Instruct,0.47
common-core,purity,Llama-3.1-70B-Instruct,Qwen2.5-7B-Instruct,0.431
common-core,purity,Llama-3.1-8B-Instruct,Llama-3.2-1B-Instruct,0.462
common-core,purity,Llama-3.1-8B-Instruct,Llama-3.2-3B-Instruct,0.384
common-core,purity,Llama-3.1-8B-Instruct,Qwen2.5-14B-Instruct,0.419
common-core,purity,Llama-3.1-8B-Instruct,Qwen2.5-72B-Instruct,0.459
common-core,purity,Llama-3.1-8B-Instruct,Qwen2.5-7B-Instruct,0.386
common-core,purity,Llama-3.2-1B-Instruct,Llama-3.2-3B-Instruct,0.392
common-core,purity,Llama-3.2-1B-Instruct,Qwen2.5-14B-Instruct,0.514
common-core,purity,Llama-3.2-1B-Instruct,Qwen2.5-72B-Instruct,0.564
common-core,purity,Llama-3.2-1B-Instruct,Qwen2.5-7B-Instruct,0.528
common-core,purity,Llama-3.2-3B-Instruct,Qwen2.5-14B-Instruct,0.427
common-core,purity,Llama-3.2-3B-Instruct,Qwen2.5-72B-Instruct,0.514
common-core,purity,Llama-3.2-3B-Instruct,Qwen2.5-7B-Instruct,0.436
common-core,purity,Qwen2.5-14B-Instruct,Qwen2.5-72B-Instruct,0.438
common-core,purity,Qwen2.5-14B-Instruct,Qwen2.5-7B-Instruct,0.368
common-core,purity,Qwen2.5-72B-Instruct,Qwen2.5-7B-Instruct,0.416
conservative,authority,Apertus-8B-Instruct-2509,Llama-3.1-70B-Instruct,0.39
conservative,authority,Apertus-8B-Instruct-2509,Llama-3.1-8B-Instruct,0.403
conservative,authority,Apertus-8B-Instruct-2509,Llama-3.2-1B-Instruct,0.339
conservative,authority,Apertus-8B-Instruct-2509,Llama-3.2-3B-Instruct,0.342
conservative,authority,Apertus-8B-Instruct-2509,Qwen2.5-14B-Instruct,0.391
conservative,authority,Apertus-8B-Instruct-2509,Qwen2.5-72B-Instruct,0.48
conservative,authority,Apertus-8B-Instruct-2509,Qwen2.5-7B-Instruct,0.473
conservative,authority,Llama-3.1-70B-Instruct,Llama-3.1-8B-Instruct,0.336
conservative,authority,Llama-3.1-70B-Instruct,Llama-3.2-1B-Instruct,0.39
conservative,authority,Llama-3.1-70B-Instruct,Llama-3.2-3B-Instruct,0.323
conservative,authority,Llama-3.1-70B-Instruct,Qwen2.5-14B-Instruct,0.398
conservative,authority,Llama-3.1-70B-Instruct,Qwen2.5-72B-Instruct,0.429
conservative,authority,Llama-3.1-70B-Instruct,Qwen2.5-7B-Instruct,0.455
conservative,authority,Llama-3.1-8B-Instruct,Llama-3.2-1B-Instruct,0.413
conservative,authority,Llama-3.1-8B-Instruct,Llama-3.2-3B-Instruct,0.35
conservative,authority,Llama-3.1-8B-Instruct,Qwen2.5-14B-Instruct,0.449
conservative,authority,Llama-3.1-8B-Instruct,Qwen2.5-72B-Instruct,0.474
conservative,authority,Llama-3.1-8B-Instruct,Qwen2.5-7B-Instruct,0.461
conservative,authority,Llama-3.2-1B-Instruct,Llama-3.2-3B-Instruct,0.342
conservative,authority,Llama-3.2-1B-Instruct,Qwen2.5-14B-Instruct,0.394
conservative,authority,Llama-3.2-1B-Instruct,Qwen2.5-72B-Instruct,0.512
conservative,authority,Llama-3.2-1B-Instruct,Qwen2.5-7B-Instruct,0.471
conservative,authority,Llama-3.2-3B-Instruct,Qwen2.5-14B-Instruct,0.395
conservative,authority,Llama-3.2-3B-Instruct,Qwen2.5-72B-Instruct,0.458
conservative,authority,Llama-3.2-3B-Instruct,Qwen2.5-7B-Instruct,0.465
conservative,authority,Qwen2.5-14B-Instruct,Qwen2.5-72B-Instruct,0.447
conservative,authority,Qwen2.5-14B-Instruct,Qwen2.5-7B-Instruct,0.378
conservative,authority,Qwen2.5-72B-Instruct,Qwen2.5-7B-Instruct,0.381
conservative,base,Apertus-8B-Instruct-2509,Llama-3.1-70B-Instruct,0.382
conservative,base,Apertus-8B-Instruct-2509,Llama-3.1-8B-Instruct,0.487
conservative,base,Apertus-8B-Instruct-2509,Llama-3.2-1B-Instruct,0.479
conservative,base,Apertus-8B-Instruct-2509,Llama-3.2-3B-Instruct,0.404
conservative,base,Apertus-8B-Instruct-2509,Qwen2.5-14B-Instruct,0.345
conservative,base,Apertus-8B-Instruct-2509,Qwen2.5-72B-Instruct,0.436
conservative,base,Apertus-8B-Instruct-2509,Qwen2.5-7B-Instruct,0.392
conservative,base,Llama-3.1-70B-Instruct,Llama-3.1-8B-Instruct,0.448
conservative,base,Llama-3.1-70B-Instruct,Llama-3.2-1B-Instruct,0.38
conservative,base,Llama-3.1-70B-Instruct,Llama-3.2-3B-Instruct,0.372
conservative,base,Llama-3.1-70B-Instruct,Qwen2.5-14B-Instruct,0.298
conservative,base,Llama-3.1-70B-Instruct,Qwen2.5-72B-Instruct,0.406
conservative,base,Llama-3.1-70B-Instruct,Qwen2.5-7B-Instruct,0.379
conservative,base,Llama-3.1-8B-Instruct,Llama-3.2-1B-Instruct,0.522
conservative,base,Llama-3.1-8B-Instruct,Llama-3.2-3B-Instruct,0.485
conservative,base,Llama-3.1-8B-Instruct,Qwen2.5-14B-Instruct,0.499
conservative,base,Llama-3.1-8B-Instruct,Qwen2.5-72B-Instruct,0.511
conservative,base,Llama-3.1-8B-Instruct,Qwen2.5-7B-Instruct,0.475
conservative,base,Llama-3.2-1B-Instruct,Llama-3.2-3B-Instruct,0.4
conservative,base,Llama-3.2-1B-Instruct,Qwen2.5-14B-Instruct,0.418
conservative,base,Llama-3.2-1B-Instruct,Qwen2.5-72B-Instruct,0.466
conservative,base,Llama-3.2-1B-Instruct,Qwen2.5-7B-Instruct,0.443
conservative,base,Llama-3.2-3B-Instruct,Qwen2.5-14B-Instruct,0.395
conservative,base,Llama-3.2-3B-Instruct,Qwen2.5-72B-Instruct,0.516
conservative,base,Llama-3.2-3B-Instruct,Qwen2.5-7B-Instruct,0.468
conservative,base,Qwen2.5-14B-Instruct,Qwen2.5-72B-Instruct,0.393
conservative,base,Qwen2.5-14B-Instruct,Qwen2.5-7B-Instruct,0.362
conservative,base,Qwen2.5-72B-Instruct,Qwen2.5-7B-Instruct,0.394
conservative,care,Apertus-8B-Instruct-2509,Llama-3.1-70B-Instruct,0.544
conservative,care,Apertus-8B-Instruct-2509,Llama-3.1-8B-Instruct,0.474
conservative,care,Apertus-8B-Instruct-2509,Llama-3.2-1B-Instruct,0.579
conservative,care,Apertus-8B-Instruct-2509,Llama-3.2-3B-Instruct,0.576
conservative,care,Apertus-8B-Instruct-2509,Qwen2.5-14B-Instruct,0.504
conservative,care,Apertus-8B-Instruct-2509,Qwen2.5-72B-Instruct,0.507
conservative,care,Apertus-8B-Instruct-2509,Qwen2.5-7B-Instruct,0.54
conservative,care,Llama-3.1-70B-Instruct,Llama-3.1-8B-Instruct,0.455
conservative,care,Llama-3.1-70B-Instruct,Llama-3.2-1B-Instruct,0.498
conservative,care,Llama-3.1-70B-Instruct,Llama-3.2-3B-Instruct,0.457
conservative,care,Llama-3.1-70B-Instruct,Qwen2.5-14B-Instruct,0.468
conservative,care,Llama-3.1-70B-Instruct,Qwen2.5-72B-Instruct,0.518
conservative,care,Llama-3.1-70B-Instruct,Qwen2.5-7B-Instruct,0.439
conservative,care,Llama-3.1-8B-Instruct,Llama-3.2-1B-Instruct,0.522
conservative,care,Llama-3.1-8B-Instruct,Llama-3.2-3B-Instruct,0.5
conservative,care,Llama-3.1-8B-Instruct,Qwen2.5-14B-Instruct,0.434
conservative,care,Llama-3.1-8B-Instruct,Qwen2.5-72B-Instruct,0.471
conservative,care,Llama-3.1-8B-Instruct,Qwen2.5-7B-Instruct,0.475
conservative,care,Llama-3.2-1B-Instruct,Llama-3.2-3B-Instruct,0.538
conservative,care,Llama-3.2-1B-Instruct,Qwen2.5-14B-Instruct,0.587
conservative,care,Llama-3.2-1B-Instruct,Qwen2.5-72B-Instruct,0.561
conservative,care,Llama-3.2-1B-Instruct,Qwen2.5-7B-Instruct,0.508
conservative,care,Llama-3.2-3B-Instruct,Qwen2.5-14B-Instruct,0.527
conservative,care,Llama-3.2-3B-Instruct,Qwen2.5-72B-Instruct,0.566
conservative,care,Llama-3.2-3B-Instruct,Qwen2.5-7B-Instruct,0.523
conservative,care,Qwen2.5-14B-Instruct,Qwen2.5-72B-Instruct,0.357
conservative,care,Qwen2.5-14B-Instruct,Qwen2.5-7B-Instruct,0.46
conservative,care,Qwen2.5-72B-Instruct,Qwen2.5-7B-Instruct,0.472
conservative,equality,Apertus-8B-Instruct-2509,Llama-3.1-70B-Instruct,0.449
conservative,equality,Apertus-8B-Instruct-2509,Llama-3.1-8B-Instruct,0.437
conservative,equality,Apertus-8B-Instruct-2509,Llama-3.2-1B-Instruct,0.444
conservative,equality,Apertus-8B-Instruct-2509,Llama-3.2-3B-Instruct,0.457
conservative,equality,Apertus-8B-Instruct-2509,Qwen2.5-14B-Instruct,0.448
conservative,equality,Apertus-8B-Instruct-2509,Qwen2.5-72B-Instruct,0.693
conservative,equality,Apertus-8B-Instruct-2509,Qwen2.5-7B-Instruct,0.457
conservative,equality,Llama-3.1-70B-Instruct,Llama-3.1-8B-Instruct,0.371
conservative,equality,Llama-3.1-70B-Instruct,Llama-3.2-1B-Instruct,0.461
conservative,equality,Llama-3.1-70B-Instruct,Llama-3.2-3B-Instruct,0.349
conservative,equality,Llama-3.1-70B-Instruct,Qwen2.5-14B-Instruct,0.466
conservative,equality,Llama-3.1-70B-Instruct,Qwen2.5-72B-Instruct,0.693
conservative,equality,Llama-3.1-70B-Instruct,Qwen2.5-7B-Instruct,0.479
conservative,equality,Llama-3.1-8B-Instruct,Llama-3.2-1B-Instruct,0.444
conservative,equality,Llama-3.1-8B-Instruct,Llama-3.2-3B-Instruct,0.374
conservative,equality,Llama-3.1-8B-Instruct,Qwen2.5-14B-Instruct,0.503
conservative,equality,Llama-3.1-8B-Instruct,Qwen2.5-72B-Instruct,0.693
conservative,equality,Llama-3.1-8B-Instruct,Qwen2.5-7B-Instruct,0.482
conservative,equality,Llama-3.2-1B-Instruct,Llama-3.2-3B-Instruct,0.44
conservative,equality,Llama-3.2-1B-Instruct,Qwen2.5-14B-Instruct,0.532
conservative,equality,Llama-3.2-1B-Instruct,Qwen2.5-72B-Instruct,0.693
conservative,equality,Llama-3.2-1B-Instruct,Qwen2.5-7B-Instruct,0.452
conservative,equality,Llama-3.2-3B-Instruct,Qwen2.5-14B-Instruct,0.5
conservative,equality,Llama-3.2-3B-Instruct,Qwen2.5-72B-Instruct,0.693
conservative,equality,Llama-3.2-3B-Instruct,Qwen2.5-7B-Instruct,0.461
conservative,equality,Qwen2.5-14B-Instruct,Qwen2.5-72B-Instruct,0.693
conservative,equality,Qwen2.5-14B-Instruct,Qwen2.5-7B-Instruct,0.394
conservative,equality,Qwen2.5-72B-Instruct,Qwen2.5-7B-Instruct,0.693
conservative,loyalty,Apertus-8B-Instruct-2509,Llama-3.1-70B-Instruct,0.378
conservative,loyalty,Apertus-8B-Instruct-2509,Llama-3.1-8B-Instruct,0.435
conservative,loyalty,Apertus-8B-Instruct-2509,Llama-3.2-1B-Instruct,0.464
conservative,loyalty,Apertus-8B-Instruct-2509,Llama-3.2-3B-Instruct,0.425
conservative,loyalty,Apertus-8B-Instruct-2509,Qwen2.5-14B-Instruct,0.363
conservative,loyalty,Apertus-8B-Instruct-2509,Qwen2.5-72B-Instruct,0.462
conservative,loyalty,Apertus-8B-Instruct-2509,Qwen2.5-7B-Instruct,0.427
conservative,loyalty,Llama-3.1-70B-Instruct,Llama-3.1-8B-Instruct,0.413
conservative,loyalty,Llama-3.1-70B-Instruct,Llama-3.2-1B-Instruct,0.372
conservative,loyalty,Llama-3.1-70B-Instruct,Llama-3.2-3B-Instruct,0.387
conservative,loyalty,Llama-3.1-70B-Instruct,Qwen2.5-14B-Instruct,0.358
conservative,loyalty,Llama-3.1-70B-Instruct,Qwen2.5-72B-Instruct,0.433
conservative,loyalty,Llama-3.1-70B-Instruct,Qwen2.5-7B-Instruct,0.373
conservative,loyalty,Llama-3.1-8B-Instruct,Llama-3.2-1B-Instruct,0.479
conservative,loyalty,Llama-3.1-8B-Instruct,Llama-3.2-3B-Instruct,0.479
conservative,loyalty,Llama-3.1-8B-Instruct,Qwen2.5-14B-Instruct,0.498
conservative,loyalty,Llama-3.1-8B-Instruct,Qwen2.5-72B-Instruct,0.511
conservative,loyalty,Llama-3.1-8B-Instruct,Qwen2.5-7B-Instruct,0.474
conservative,loyalty,Llama-3.2-1B-Instruct,Llama-3.2-3B-Instruct,0.432
conservative,loyalty,Llama-3.2-1B-Instruct,Qwen2.5-14B-Instruct,0.448
conservative,loyalty,Llama-3.2-1B-Instruct,Qwen2.5-72B-Instruct,0.495
conservative,loyalty,Llama-3.2-1B-Instruct,Qwen2.5-7B-Instruct,0.469
conservative,loyalty,Llama-3.2-3B-Instruct,Qwen2.5-14B-Instruct,0.462
conservative,loyalty,Llama-3.2-3B-Instruct,Qwen2.5-72B-Instruct,0.473
conservative,loyalty,Llama-3.2-3B-Instruct,Qwen2.5-7B-Instruct,0.467
conservative,loyalty,Qwen2.5-14B-Instruct,Qwen2.5-72B-Instruct,0.426
conservative,loyalty,Qwen2.5-14B-Instruct,Qwen2.5-7B-Instruct,0.385
conservative,loyalty,Qwen2.5-72B-Instruct,Qwen2.5-7B-Instruct,0.411
conservative,proportionality,Apertus-8B-Instruct-2509,Llama-3.1-70B-Instruct,0.359
conservative,proportionality,Apertus-8B-Instruct-2509,Llama-3.1-8B-Instruct,0.47
conservative,proportionality,Apertus-8B-Instruct-2509,Llama-3.2-1B-Instruct,0.485
conservative,proportionality,Apertus-8B-Instruct-2509,Llama-3.2-3B-Instruct,0.407
conservative,proportionality,Apertus-8B-Instruct-2509,Qwen2.5-14B-Instruct,0.39
conservative,proportionality,Apertus-8B-Instruct-2509,Qwen2.5-72B-Instruct,0.465
conservative,proportionality,Apertus-8B-Instruct-2509,Qwen2.5-7B-Instruct,0.436
conservative,proportionality,Llama-3.1-70B-Instruct,Llama-3.1-8B-Instruct,0.405
conservative,proportionality,Llama-3.1-70B-Instruct,Llama-3.2-1B-Instruct,0.506
conservative,proportionality,Llama-3.1-70B-Instruct,Llama-3.2-3B-Instruct,0.349
conservative,proportionality,Llama-3.1-70B-Instruct,Qwen2.5-14B-Instruct,0.423
conservative,proportionality,Llama-3.1-70B-Instruct,Qwen2.5-72B-Instruct,0.378
conservative,proportionality,Llama-3.1-70B-Instruct,Qwen2.5-7B-Instruct,0.349
conservative,proportionality,Llama-3.1-8B-Instruct,Llama-3.2-1B-Instruct,0.558
conservative,proportionality,Llama-3.1-8B-Instruct,Llama-3.2-3B-Instruct,0.44
conservative,proportionality,Llama-3.1-8B-Instruct,Qwen2.5-14B-Instruct,0.523
conservative,proportionality,Llama-3.1-8B-Instruct,Qwen2.5-72B-Instruct,0.558
conservative,proportionality,Llama-3.1-8B-Instruct,Qwen2.5-7B-Instruct,0.409
conservative,proportionality,Llama-3.2-1B-Instruct,Llama-3.2-3B-Instruct,0.476
conservative,proportionality,Llama-3.2-1B-Instruct,Qwen2.5-14B-Instruct,0.541
conservative,proportionality,Llama-3.2-1B-Instruct,Qwen2.5-72B-Instruct,0.553
conservative,proportionality,Llama-3.2-1B-Instruct,Qwen2.5-7B-Instruct,0.361
conservative,proportionality,Llama-3.2-3B-Instruct,Qwen2.5-14B-Instruct,0.469
conservative,proportionality,Llama-3.2-3B-Instruct,Qwen2.5-72B-Instruct,0.48
conservative,proportionality,Llama-3.2-3B-Instruct,Qwen2.5-7B-Instruct,0.414
conservative,proportionality,Qwen2.5-14B-Instruct,Qwen2.5-72B-Instruct,0.43
conservative,proportionality,Qwen2.5-14B-Instruct,Qwen2.5-7B-Instruct,0.418
conservative,proportionality,Qwen2.5-72B-Instruct,Qwen2.5-7B-Instruct,0.376
conservative,purity,Apertus-8B-Instruct-2509,Llama-3.1-70B-Instruct,0.497
conservative,purity,Apertus-8B-Instruct-2509,Llama-3.1-8B-Instruct,0.565
conservative,purity,Apertus-8B-Instruct-2509,Llama-3.2-1B-Instruct,0.411
conservative,purity,Apertus-8B-Instruct-2509,Llama-3.2-3B-Instruct,0.483
conservative,purity,Apertus-8B-Instruct-2509,Qwen2.5-14B-Instruct,0.427
conservative,purity,Apertus-8B-Instruct-2509,Qwen2.5-72B-Instruct,0.693
conservative,purity,Apertus-8B-Instruct-2509,Qwen2.5-7B-Instruct,0.46
conservative,purity,Llama-3.1-70B-Instruct,Llama-3.1-8B-Instruct,0.447
conservative,purity,Llama-3.1-70B-Instruct,Llama-3.2-1B-Instruct,0.478
conservative,purity,Llama-3.1-70B-Instruct,Llama-3.2-3B-Instruct,0.38
conservative,purity,Llama-3.1-70B-Instruct,Qwen2.5-14B-Instruct,0.465
conservative,purity,Llama-3.1-70B-Instruct,Qwen2.5-72B-Instruct,0.693
conservative,purity,Llama-3.1-70B-Instruct,Qwen2.5-7B-Instruct,0.448
conservative,purity,Llama-3.1-8B-Instruct,Llama-3.2-1B-Instruct,0.586
conservative,purity,Llama-3.1-8B-Instruct,Llama-3.2-3B-Instruct,0.52
conservative,purity,Llama-3.1-8B-Instruct,Qwen2.5-14B-Instruct,0.577
conservative,purity,Llama-3.1-8B-Instruct,Qwen2.5-72B-Instruct,0.693
conservative,purity,Llama-3.1-8B-Instruct,Qwen2.5-7B-Instruct,0.563
conservative,purity,Llama-3.2-1B-Instruct,Llama-3.2-3B-Instruct,0.448
conservative,purity,Llama-3.2-1B-Instruct,Qwen2.5-14B-Instruct,0.47
conservative,purity,Llama-3.2-1B-Instruct,Qwen2.5-72B-Instruct,0.693
conservative,purity,Llama-3.2-1B-Instruct,Qwen2.5-7B-Instruct,0.498
conservative,purity,Llama-3.2-3B-Instruct,Qwen2.5-14B-Instruct,0.491
conservative,purity,Llama-3.2-3B-Instruct,Qwen2.5-72B-Instruct,0.693
conservative,purity,Llama-3.2-3B-Instruct,Qwen2.5-7B-Instruct,0.463
conservative,purity,Qwen2.5-14B-Instruct,Qwen2.5-72B-Instruct,0.693
conservative,purity,Qwen2.5-14B-Instruct,Qwen2.5-7B-Instruct,0.352
conservative,purity,Qwen2.5-72B-Instruct,Qwen2.5-7B-Instruct,0.693
conversion-therapy-reparative-therapy,authority,Apertus-8B-Instruct-2509,Llama-3.1-70B-Instruct,0.387
conversion-therapy-reparative-therapy,authority,Apertus-8B-Instruct-2509,Llama-3.1-8B-Instruct,0.468
conversion-therapy-reparative-therapy,authority,Apertus-8B-Instruct-2509,Llama-3.2-1B-Instruct,0.492
conversion-therapy-reparative-therapy,authority,Apertus-8B-Instruct-2509,Llama-3.2-3B-Instruct,0.42
conversion-therapy-reparative-therapy,authority,Apertus-8B-Instruct-2509,Qwen2.5-14B-Instruct,0.493
conversion-therapy-reparative-therapy,authority,Apertus-8B-Instruct-2509,Qwen2.5-72B-Instruct,0.419
conversion-therapy-reparative-therapy,authority,Apertus-8B-Instruct-2509,Qwen2.5-7B-Instruct,0.441
conversion-therapy-reparative-therapy,authority,Llama-3.1-70B-Instruct,Llama-3.1-8B-Instruct,0.399
conversion-therapy-reparative-therapy,authority,Llama-3.1-70B-Instruct,Llama-3.2-1B-Instruct,0.486
conversion-therapy-reparative-therapy,authority,Llama-3.1-70B-Instruct,Llama-3.2-3B-Instruct,0.347
conversion-therapy-reparative-therapy,authority,Llama-3.1-70B-Instruct,Qwen2.5-14B-Instruct,0.423
conversion-therapy-reparative-therapy,authority,Llama-3.1-70B-Instruct,Qwen2.5-72B-Instruct,0.368
conversion-therapy-reparative-therapy,authority,Llama-3.1-70B-Instruct,Qwen2.5-7B-Instruct,0.432
conversion-therapy-reparative-therapy,authority,Llama-3.1-8B-Instruct,Llama-3.2-1B-Instruct,0.501
conversion-therapy-reparative-therapy,authority,Llama-3.1-8B-Instruct,Llama-3.2-3B-Instruct,0.397
conversion-therapy-reparative-therapy,authority,Llama-3.1-8B-Instruct,Qwen2.5-14B-Instruct,0.467
conversion-therapy-reparative-therapy,authority,Llama-3.1-8B-Instruct,Qwen2.5-72B-Instruct,0.411
conversion-therapy-reparative-therapy,authority,Llama-3.1-8B-Instruct,Qwen2.5-7B-Instruct,0.546
conversion-therapy-reparative-therapy,authority,Llama-3.2-1B-Instruct,Llama-3.2-3B-Instruct,0.531
conversion-therapy-reparative-therapy,authority,Llama-3.2-1B-Instruct,Qwen2.5-14B-Instruct,0.566
conversion-therapy-reparative-therapy,authority,Llama-3.2-1B-Instruct,Qwen2.5-72B-Instruct,0.412
conversion-therapy-reparative-therapy,authority,Llama-3.2-1B-Instruct,Qwen2.5-7B-Instruct,0.63
conversion-therapy-reparative-therapy,authority,Llama-3.2-3B-Instruct,Qwen2.5-14B-Instruct,0.447
conversion-therapy-reparative-therapy,authority,Llama-3.2-3B-Instruct,Qwen2.5-72B-Instruct,0.375
conversion-therapy-reparative-therapy,authority,Llama-3.2-3B-Instruct,Qwen2.5-7B-Instruct,0.503
conversion-therapy-reparative-therapy,authority,Qwen2.5-14B-Instruct,Qwen2.5-72B-Instruct,0.346
conversion-therapy-reparative-therapy,authority,Qwen2.5-14B-Instruct,Qwen2.5-7B-Instruct,0.397
conversion-therapy-reparative-therapy,authority,Qwen2.5-72B-Instruct,Qwen2.5-7B-Instruct,0.4
conversion-therapy-reparative-therapy,base,Apertus-8B-Instruct-2509,Llama-3.1-70B-Instruct,0.435
conversion-therapy-reparative-therapy,base,Apertus-8B-Instruct-2509,Llama-3.1-8B-Instruct,0.451
conversion-therapy-reparative-therapy,base,Apertus-8B-Instruct-2509,Llama-3.2-1B-Instruct,0.482
conversion-therapy-reparative-therapy,base,Apertus-8B-Instruct-2509,Llama-3.2-3B-Instruct,0.511
conversion-therapy-reparative-therapy,base,Apertus-8B-Instruct-2509,Qwen2.5-14B-Instruct,0.529
conversion-therapy-reparative-therapy,base,Apertus-8B-Instruct-2509,Qwen2.5-72B-Instruct,0.498
conversion-therapy-reparative-therapy,base,Apertus-8B-Instruct-2509,Qwen2.5-7B-Instruct,0.491
conversion-therapy-reparative-therapy,base,Llama-3.1-70B-Instruct,Llama-3.1-8B-Instruct,0.345
conversion-therapy-reparative-therapy,base,Llama-3.1-70B-Instruct,Llama-3.2-1B-Instruct,0.437
conversion-therapy-reparative-therapy,base,Llama-3.1-70B-Instruct,Llama-3.2-3B-Instruct,0.425
conversion-therapy-reparative-therapy,base,Llama-3.1-70B-Instruct,Qwen2.5-14B-Instruct,0.427
conversion-therapy-reparative-therapy,base,Llama-3.1-70B-Instruct,Qwen2.5-72B-Instruct,0.401
conversion-therapy-reparative-therapy,base,Llama-3.1-70B-Instruct,Qwen2.5-7B-Instruct,0.3
conversion-therapy-reparative-therapy,base,Llama-3.1-8B-Instruct,Llama-3.2-1B-Instruct,0.51
conversion-therapy-reparative-therapy,base,Llama-3.1-8B-Instruct,Llama-3.2-3B-Instruct,0.435
conversion-therapy-reparative-therapy,base,Llama-3.1-8B-Instruct,Qwen2.5-14B-Instruct,0.467
conversion-therapy-reparative-therapy,base,Llama-3.1-8B-Instruct,Qwen2.5-72B-Instruct,0.485
conversion-therapy-reparative-therapy,base,Llama-3.1-8B-Instruct,Qwen2.5-7B-Instruct,0.385
conversion-therapy-reparative-therapy,base,Llama-3.2-1B-Instruct,Llama-3.2-3B-Instruct,0.384
conversion-therapy-reparative-therapy,base,Llama-3.2-1B-Instruct,Qwen2.5-14B-Instruct,0.526
conversion-therapy-reparative-therapy,base,Llama-3.2-1B-Instruct,Qwen2.5-72B-Instruct,0.556
conversion-therapy-reparative-therapy,base,Llama-3.2-1B-Instruct,Qwen2.5-7B-Instruct,0.41
conversion-therapy-reparative-therapy,base,Llama-3.2-3B-Instruct,Qwen2.5-14B-Instruct,0.467
conversion-therapy-reparative-therapy,base,Llama-3.2-3B-Instruct,Qwen2.5-72B-Instruct,0.545
conversion-therapy-reparative-therapy,base,Llama-3.2-3B-Instruct,Qwen2.5-7B-Instruct,0.418
conversion-therapy-reparative-therapy,base,Qwen2.5-14B-Instruct,Qwen2.5-72B-Instruct,0.439
conversion-therapy-reparative-therapy,base,Qwen2.5-14B-Instruct,Qwen2.5-7B-Instruct,0.444
conversion-therapy-reparative-therapy,base,Qwen2.5-72B-Instruct,Qwen2.5-7B-Instruct,0.347
conversion-therapy-reparative-therapy,care,Apertus-8B-Instruct-2509,Llama-3.1-70B-Instruct,0.365
conversion-therapy-reparative-therapy,care,Apertus-8B-Instruct-2509,Llama-3.1-8B-Instruct,0.374
conversion-therapy-reparative-therapy,care,Apertus-8B-Instruct-2509,Llama-3.2-1B-Instruct,0.392
conversion-therapy-reparative-therapy,care,Apertus-8B-Instruct-2509,Llama-3.2-3B-Instruct,0.376
conversion-therapy-reparative-therapy,care,Apertus-8B-Instruct-2509,Qwen2.5-14B-Instruct,0.693
conversion-therapy-reparative-therapy,care,Apertus-8B-Instruct-2509,Qwen2.5-72B-Instruct,0.501
conversion-therapy-reparative-therapy,care,Apertus-8B-Instruct-2509,Qwen2.5-7B-Instruct,0.479
conversion-therapy-reparative-therapy,care,Llama-3.1-70B-Instruct,Llama-3.1-8B-Instruct,0.306
conversion-therapy-reparative-therapy,care,Llama-3.1-70B-Instruct,Llama-3.2-1B-Instruct,0.349
conversion-therapy-reparative-therapy,care,Llama-3.1-70B-Instruct,Llama-3.2-3B-Instruct,0.396
conversion-therapy-reparative-therapy,care,Llama-3.1-70B-Instruct,Qwen2.5-14B-Instruct,0.693
conversion-therapy-reparative-therapy,care,Llama-3.1-70B-Instruct,Qwen2.5-72B-Instruct,0.418
conversion-therapy-reparative-therapy,care,Llama-3.1-70B-Instruct,Qwen2.5-7B-Instruct,0.469
conversion-therapy-reparative-therapy,care,Llama-3.1-8B-Instruct,Llama-3.2-1B-Instruct,0.409
conversion-therapy-reparative-therapy,care,Llama-3.1-8B-Instruct,Llama-3.2-3B-Instruct,0.412
conversion-therapy-reparative-therapy,care,Llama-3.1-8B-Instruct,Qwen2.5-14B-Instruct,0.693
conversion-therapy-reparative-therapy,care,Llama-3.1-8B-Instruct,Qwen2.5-72B-Instruct,0.415
conversion-therapy-reparative-therapy,care,Llama-3.1-8B-Instruct,Qwen2.5-7B-Instruct,0.392
conversion-therapy-reparative-therapy,care,Llama-3.2-1B-Instruct,Llama-3.2-3B-Instruct,0.398
conversion-therapy-reparative-therapy,care,Llama-3.2-1B-Instruct,Qwen2.5-14B-Instruct,0.693
conversion-therapy-reparative-therapy,care,Llama-3.2-1B-Instruct,Qwen2.5-72B-Instruct,0.444
conversion-therapy-reparative-therapy,care,Llama-3.2-1B-Instruct,Qwen2.5-7B-Instruct,0.476
conversion-therapy-reparative-therapy,care,Llama-3.2-3B-Instruct,Qwen2.5-14B-Instruct,0.693
conversion-therapy-reparative-therapy,care,Llama-3.2-3B-Instruct,Qwen2.5-72B-Instruct,0.443
conversion-therapy-reparative-therapy,care,Llama-3.2-3B-Instruct,Qwen2.5-7B-Instruct,0.462
conversion-therapy-reparative-therapy,care,Qwen2.5-14B-Instruct,Qwen2.5-72B-Instruct,0.693
conversion-therapy-reparative-therapy,care,Qwen2.5-14B-Instruct,Qwen2.5-7B-Instruct,0.693
conversion-therapy-reparative-therapy,care,Qwen2.5-72B-Instruct,Qwen2.5-7B-Instruct,0.334
conversion-therapy-reparative-therapy,equality,Apertus-8B-Instruct-2509,Llama-3.1-70B-Instruct,0.472
conversion-therapy-reparative-therapy,equality,Apertus-8B-Instruct-2509,Llama-3.1-8B-Instruct,0.428
conversion-therapy-reparative-therapy,equality,Apertus-8B-Instruct-2509,Llama-3.2-1B-Instruct,0.478
conversion-therapy-reparative-therapy,equality,Apertus-8B-Instruct-2509,Llama-3.2-3B-Instruct,0.388
conversion-therapy-reparative-therapy,equality,Apertus-8B-Instruct-2509,Qwen2.5-14B-Instruct,0.454
conversion-therapy-reparative-therapy,equality,Apertus-8B-Instruct-2509,Qwen2.5-72B-Instruct,0.421
conversion-therapy-reparative-therapy,equality,Apertus-8B-Instruct-2509,Qwen2.5-7B-Instruct,0.505
conversion-therapy-reparative-therapy,equality,Llama-3.1-70B-Instruct,Llama-3.1-8B-Instruct,0.375
conversion-therapy-reparative-therapy,equality,Llama-3.1-70B-Instruct,Llama-3.2-1B-Instruct,0.457
conversion-therapy-reparative-therapy,equality,Llama-3.1-70B-Instruct,Llama-3.2-3B-Instruct,0.45
conversion-therapy-reparative-therapy,equality,Llama-3.1-70B-Instruct,Qwen2.5-14B-Instruct,0.484
conversion-therapy-reparative-therapy,equality,Llama-3.1-70B-Instruct,Qwen2.5-72B-Instruct,0.354
conversion-therapy-reparative-therapy,equality,Llama-3.1-70B-Instruct,Qwen2.5-7B-Instruct,0.51
conversion-therapy-reparative-therapy,equality,Llama-3.1-8B-Instruct,Llama-3.2-1B-Instruct,0.436
conversion-therapy-reparative-therapy,equality,Llama-3.1-8B-Instruct,Llama-3.2-3B-Instruct,0.442
conversion-therapy-reparative-therapy,equality,Llama-3.1-8B-Instruct,Qwen2.5-14B-Instruct,0.478
conversion-therapy-reparative-therapy,equality,Llama-3.1-8B-Instruct,Qwen2.5-72B-Instruct,0.388
conversion-therapy-reparative-therapy,equality,Llama-3.1-8B-Instruct,Qwen2.5-7B-Instruct,0.483
conversion-therapy-reparative-therapy,equality,Llama-3.2-1B-Instruct,Llama-3.2-3B-Instruct,0.353
conversion-therapy-reparative-therapy,equality,Llama-3.2-1B-Instruct,Qwen2.5-14B-Instruct,0.486
conversion-therapy-reparative-therapy,equality,Llama-3.2-1B-Instruct,Qwen2.5-72B-Instruct,0.397
conversion-therapy-reparative-therapy,equality,Llama-3.2-1B-Instruct,Qwen2.5-7B-Instruct,0.497
conversion-therapy-reparative-therapy,equality,Llama-3.2-3B-Instruct,Qwen2.5-14B-Instruct,0.491
conversion-therapy-reparative-therapy,equality,Llama-3.2-3B-Instruct,Qwen2.5-72B-Instruct,0.386
conversion-therapy-reparative-therapy,equality,Llama-3.2-3B-Instruct,Qwen2.5-7B-Instruct,0.519
conversion-therapy-reparative-therapy,equality,Qwen2.5-14B-Instruct,Qwen2.5-72B-Instruct,0.397
conversion-therapy-reparative-therapy,equality,Qwen2.5-14B-Instruct,Qwen2.5-7B-Instruct,0.478
conversion-therapy-reparative-therapy,equality,Qwen2.5-72B-Instruct,Qwen2.5-7B-Instruct,0.417
conversion-therapy-reparative-therapy,loyalty,Apertus-8B-Instruct-2509,Llama-3.1-70B-Instruct,0.446
conversion-therapy-reparative-therapy,loyalty,Apertus-8B-Instruct-2509,Llama-3.1-8B-Instruct,0.397
conversion-therapy-reparative-therapy,loyalty,Apertus-8B-Instruct-2509,Llama-3.2-1B-Instruct,0.444
conversion-therapy-reparative-therapy,loyalty,Apertus-8B-Instruct-2509,Llama-3.2-3B-Instruct,0.484
conversion-therapy-reparative-therapy,loyalty,Apertus-8B-Instruct-2509,Qwen2.5-14B-Instruct,0.507
conversion-therapy-reparative-therapy,loyalty,Apertus-8B-Instruct-2509,Qwen2.5-72B-Instruct,0.495
conversion-therapy-reparative-therapy,loyalty,Apertus-8B-Instruct-2509,Qwen2.5-7B-Instruct,0.609
conversion-therapy-reparative-therapy,loyalty,Llama-3.1-70B-Instruct,Llama-3.1-8B-Instruct,0.336
conversion-therapy-reparative-therapy,loyalty,Llama-3.1-70B-Instruct,Llama-3.2-1B-Instruct,0.487
conversion-therapy-reparative-therapy,loyalty,Llama-3.1-70B-Instruct,Llama-3.2-3B-Instruct,0.418
conversion-therapy-reparative-therapy,loyalty,Llama-3.1-70B-Instruct,Qwen2.5-14B-Instruct,0.504
conversion-therapy-reparative-therapy,loyalty,Llama-3.1-70B-Instruct,Qwen2.5-72B-Instruct,0.452
conversion-therapy-reparative-therapy,loyalty,Llama-3.1-70B-Instruct,Qwen2.5-7B-Instruct,0.533
conversion-therapy-reparative-therapy,loyalty,Llama-3.1-8B-Instruct,Llama-3.2-1B-Instruct,0.47
conversion-therapy-reparative-therapy,loyalty,Llama-3.1-8B-Instruct,Llama-3.2-3B-Instruct,0.355
conversion-therapy-reparative-therapy,loyalty,Llama-3.1-8B-Instruct,Qwen2.5-14B-Instruct,0.504
conversion-therapy-reparative-therapy,loyalty,Llama-3.1-8B-Instruct,Qwen2.5-72B-Instruct,0.42
conversion-therapy-reparative-therapy,loyalty,Llama-3.1-8B-Instruct,Qwen2.5-7B-Instruct,0.531
conversion-therapy-reparative-therapy,loyalty,Llama-3.2-1B-Instruct,Llama-3.2-3B-Instruct,0.48
conversion-therapy-reparative-therapy,loyalty,Llama-3.2-1B-Instruct,Qwen2.5-14B-Instruct,0.495
conversion-therapy-reparative-therapy,loyalty,Llama-3.2-1B-Instruct,Qwen2.5-72B-Instruct,0.513
conversion-therapy-reparative-therapy,loyalty,Llama-3.2-1B-Instruct,Qwen2.5-7B-Instruct,0.558
conversion-therapy-reparative-therapy,loyalty,Llama-3.2-3B-Instruct,Qwen2.5-14B-Instruct,0.486
conversion-therapy-reparative-therapy,loyalty,Llama-3.2-3B-Instruct,Qwen2.5-72B-Instruct,0.455
conversion-therapy-reparative-therapy,loyalty,Llama-3.2-3B-Instruct,Qwen2.5-7B-Instruct,0.536
conversion-therapy-reparative-therapy,loyalty,Qwen2.5-14B-Instruct,Qwen2.5-72B-Instruct,0.429
conversion-therapy-reparative-therapy,loyalty,Qwen2.5-14B-Instruct,Qwen2.5-7B-Instruct,0.459
conversion-therapy-reparative-therapy,loyalty,Qwen2.5-72B-Instruct,Qwen2.5-7B-Instruct,0.472
conversion-therapy-reparative-therapy,proportionality,Apertus-8B-Instruct-2509,Llama-3.1-70B-Instruct,0.517
conversion-therapy-reparative-therapy,proportionality,Apertus-8B-Instruct-2509,Llama-3.1-8B-Instruct,0.365
conversion-therapy-reparative-therapy,proportionality,Apertus-8B-Instruct-2509,Llama-3.2-1B-Instruct,0.444
conversion-therapy-reparative-therapy,proportionality,Apertus-8B-Instruct-2509,Llama-3.2-3B-Instruct,0.424
conversion-therapy-reparative-therapy,proportionality,Apertus-8B-Instruct-2509,Qwen2.5-14B-Instruct,0.528
conversion-therapy-reparative-therapy,proportionality,Apertus-8B-Instruct-2509,Qwen2.5-72B-Instruct,0.406
conversion-therapy-reparative-therapy,proportionality,Apertus-8B-Instruct-2509,Qwen2.5-7B-Instruct,0.494
conversion-therapy-reparative-therapy,proportionality,Llama-3.1-70B-Instruct,Llama-3.1-8B-Instruct,0.45
conversion-therapy-reparative-therapy,proportionality,Llama-3.1-70B-Instruct,Llama-3.2-1B-Instruct,0.509
conversion-therapy-reparative-therapy,proportionality,Llama-3.1-70B-Instruct,Llama-3.2-3B-Instruct,0.47
conversion-therapy-reparative-therapy,proportionality,Llama-3.1-70B-Instruct,Qwen2.5-14B-Instruct,0.506
conversion-therapy-reparative-therapy,proportionality,Llama-3.1-70B-Instruct,Qwen2.5-72B-Instruct,0.368
conversion-therapy-reparative-therapy,proportionality,Llama-3.1-70B-Instruct,Qwen2.5-7B-Instruct,0.535
conversion-therapy-reparative-therapy,proportionality,Llama-3.1-8B-Instruct,Llama-3.2-1B-Instruct,0.508
conversion-therapy-reparative-therapy,proportionality,Llama-3.1-8B-Instruct,Llama-3.2-3B-Instruct,0.406
conversion-therapy-reparative-therapy,proportionality,Llama-3.1-8B-Instruct,Qwen2.5-14B-Instruct,0.54
conversion-therapy-reparative-therapy,proportionality,Llama-3.1-8B-Instruct,Qwen2.5-72B-Instruct,0.426
conversion-therapy-reparative-therapy,proportionality,Llama-3.1-8B-Instruct,Qwen2.5-7B-Instruct,0.466
conversion-therapy-reparative-therapy,proportionality,Llama-3.2-1B-Instruct,Llama-3.2-3B-Instruct,0.455
conversion-therapy-reparative-therapy,proportionality,Llama-3.2-1B-Instruct,Qwen2.5-14B-Instruct,0.548
conversion-therapy-reparative-therapy,proportionality,Llama-3.2-1B-Instruct,Qwen2.5-72B-Instruct,0.419
conversion-therapy-reparative-therapy,proportionality,Llama-3.2-1B-Instruct,Qwen2.5-7B-Instruct,0.535
conversion-therapy-reparative-therapy,proportionality,Llama-3.2-3B-Instruct,Qwen2.5-14B-Instruct,0.563
conversion-therapy-reparative-therapy,proportionality,Llama-3.2-3B-Instruct,Qwen2.5-72B-Instruct,0.381
conversion-therapy-reparative-therapy,proportionality,Llama-3.2-3B-Instruct,Qwen2.5-7B-Instruct,0.511
conversion-therapy-reparative-therapy,proportionality,Qwen2.5-14B-Instruct,Qwen2.5-72B-Instruct,0.461
conversion-therapy-reparative-therapy,proportionality,Qwen2.5-14B-Instruct,Qwen2.5-7B-Instruct,0.39
conversion-therapy-reparative-therapy,proportionality,Qwen2.5-72B-Instruct,Qwen2.5-7B-Instruct,0.375
conversion-therapy-reparative-therapy,purity,Apertus-8B-Instruct-2509,Llama-3.1-70B-Instruct,0.456
conversion-therapy-reparative-therapy,purity,Apertus-8B-Instruct-2509,Llama-3.1-8B-Instruct,0.396
conversion-therapy-reparative-therapy,purity,Apertus-8B-Instruct-2509,Llama-3.2-1B-Instruct,0.526
conversion-therapy-reparative-therapy,purity,Apertus-8B-Instruct-2509,Llama-3.2-3B-Instruct,0.455
conversion-therapy-reparative-therapy,purity,Apertus-8B-Instruct-2509,Qwen2.5-14B-Instruct,0.461
conversion-therapy-reparative-therapy,purity,Apertus-8B-Instruct-2509,Qwen2.5-72B-Instruct,0.479
conversion-therapy-reparative-therapy,purity,Apertus-8B-Instruct-2509,Qwen2.5-7B-Instruct,0.467
conversion-therapy-reparative-therapy,purity,Llama-3.1-70B-Instruct,Llama-3.1-8B-Instruct,0.374
conversion-therapy-reparative-therapy,purity,Llama-3.1-70B-Instruct,Llama-3.2-1B-Instruct,0.461
conversion-therapy-reparative-therapy,purity,Llama-3.1-70B-Instruct,Llama-3.2-3B-Instruct,0.397
conversion-therapy-reparative-therapy,purity,Llama-3.1-70B-Instruct,Qwen2.5-14B-Instruct,0.506
conversion-therapy-reparative-therapy,purity,Llama-3.1-70B-Instruct,Qwen2.5-72B-Instruct,0.424
conversion-therapy-reparative-therapy,purity,Llama-3.1-70B-Instruct,Qwen2.5-7B-Instruct,0.437
conversion-therapy-reparative-therapy,purity,Llama-3.1-8B-Instruct,Llama-3.2-1B-Instruct,0.483
conversion-therapy-reparative-therapy,purity,Llama-3.1-8B-Instruct,Llama-3.2-3B-Instruct,0.384
conversion-therapy-reparative-therapy,purity,Llama-3.1-8B-Instruct,Qwen2.5-14B-Instruct,0.446
conversion-therapy-reparative-therapy,purity,Llama-3.1-8B-Instruct,Qwen2.5-72B-Instruct,0.478
conversion-therapy-reparative-therapy,purity,Llama-3.1-8B-Instruct,Qwen2.5-7B-Instruct,0.474
conversion-therapy-reparative-therapy,purity,Llama-3.2-1B-Instruct,Llama-3.2-3B-Instruct,0.467
conversion-therapy-reparative-therapy,purity,Llama-3.2-1B-Instruct,Qwen2.5-14B-Instruct,0.555
conversion-therapy-reparative-therapy,purity,Llama-3.2-1B-Instruct,Qwen2.5-72B-Instruct,0.552
conversion-therapy-reparative-therapy,purity,Llama-3.2-1B-Instruct,Qwen2.5-7B-Instruct,0.492
conversion-therapy-reparative-therapy,purity,Llama-3.2-3B-Instruct,Qwen2.5-14B-Instruct,0.472
conversion-therapy-reparative-therapy,purity,Llama-3.2-3B-Instruct,Qwen2.5-72B-Instruct,0.517
conversion-therapy-reparative-therapy,purity,Llama-3.2-3B-Instruct,Qwen2.5-7B-Instruct,0.477
conversion-therapy-reparative-therapy,purity,Qwen2.5-14B-Instruct,Qwen2.5-72B-Instruct,0.451
conversion-therapy-reparative-therapy,purity,Qwen2.5-14B-Instruct,Qwen2.5-7B-Instruct,0.42
conversion-therapy-reparative-therapy,purity,Qwen2.5-72B-Instruct,Qwen2.5-7B-Instruct,0.468
discrimination,authority,Apertus-8B-Instruct-2509,Llama-3.1-70B-Instruct,0.49
discrimination,authority,Apertus-8B-Instruct-2509,Llama-3.1-8B-Instruct,0.531
discrimination,authority,Apertus-8B-Instruct-2509,Llama-3.2-1B-Instruct,0.528
discrimination,authority,Apertus-8B-Instruct-2509,Llama-3.2-3B-Instruct,0.423
discrimination,authority,Apertus-8B-Instruct-2509,Qwen2.5-14B-Instruct,0.438
discrimination,authority,Apertus-8B-Instruct-2509,Qwen2.5-72B-Instruct,0.471
discrimination,authority,Apertus-8B-Instruct-2509,Qwen2.5-7B-Instruct,0.365
discrimination,authority,Llama-3.1-70B-Instruct,Llama-3.1-8B-Instruct,0.369
discrimination,authority,Llama-3.1-70B-Instruct,Llama-3.2-1B-Instruct,0.43
discrimination,authority,Llama-3.1-70B-Instruct,Llama-3.2-3B-Instruct,0.471
discrimination,authority,Llama-3.1-70B-Instruct,Qwen2.5-14B-Instruct,0.474
discrimination,authority,Llama-3.1-70B-Instruct,Qwen2.5-72B-Instruct,0.322
discrimination,authority,Llama-3.1-70B-Instruct,Qwen2.5-7B-Instruct,0.512
discrimination,authority,Llama-3.1-8B-Instruct,Llama-3.2-1B-Instruct,0.538
discrimination,authority,Llama-3.1-8B-Instruct,Llama-3.2-3B-Instruct,0.455
discrimination,authority,Llama-3.1-8B-Instruct,Qwen2.5-14B-Instruct,0.47
discrimination,authority,Llama-3.1-8B-Instruct,Qwen2.5-72B-Instruct,0.435
discrimination,authority,Llama-3.1-8B-Instruct,Qwen2.5-7B-Instruct,0.544
discrimination,authority,Llama-3.2-1B-Instruct,Llama-3.2-3B-Instruct,0.548
discrimination,authority,Llama-3.2-1B-Instruct,Qwen2.5-14B-Instruct,0.554
discrimination,authority,Llama-3.2-1B-Instruct,Qwen2.5-72B-Instruct,0.386
discrimination,authority,Llama-3.2-1B-Instruct,Qwen2.5-7B-Instruct,0.603
discrimination,authority,Llama-3.2-3B-Instruct,Qwen2.5-14B-Instruct,0.463
discrimination,authority,Llama-3.2-3B-Instruct,Qwen2.5-72B-Instruct,0.43
discrimination,authority,Llama-3.2-3B-Instruct,Qwen2.5-7B-Instruct,0.494
discrimination,authority,Qwen2.5-14B-Instruct,Qwen2.5-72B-Instruct,0.372
discrimination,authority,Qwen2.5-14B-Instruct,Qwen2.5-7B-Instruct,0.434
discrimination,authority,Qwen2.5-72B-Instruct,Qwen2.5-7B-Instruct,0.414
discrimination,base,Apertus-8B-Instruct-2509,Llama-3.1-70B-Instruct,0.529
discrimination,base,Apertus-8B-Instruct-2509,Llama-3.1-8B-Instruct,0.565
discrimination,base,Apertus-8B-Instruct-2509,Llama-3.2-1B-Instruct,0.528
discrimination,base,Apertus-8B-Instruct-2509,Llama-3.2-3B-Instruct,0.531
discrimination,base,Apertus-8B-Instruct-2509,Qwen2.5-14B-Instruct,0.528
discrimination,base,Apertus-8B-Instruct-2509,Qwen2.5-72B-Instruct,0.517
discrimination,base,Apertus-8B-Instruct-2509,Qwen2.5-7B-Instruct,0.547
discrimination,base,Llama-3.1-70B-Instruct,Llama-3.1-8B-Instruct,0.418
discrimination,base,Llama-3.1-70B-Instruct,Llama-3.2-1B-Instruct,0.518
discrimination,base,Llama-3.1-70B-Instruct,Llama-3.2-3B-Instruct,0.541
discrimination,base,Llama-3.1-70B-Instruct,Qwen2.5-14B-Instruct,0.445
discrimination,base,Llama-3.1-70B-Instruct,Qwen2.5-72B-Instruct,0.488
discrimination,base,Llama-3.1-70B-Instruct,Qwen2.5-7B-Instruct,0.608
discrimination,base,Llama-3.1-8B-Instruct,Llama-3.2-1B-Instruct,0.531
discrimination,base,Llama-3.1-8B-Instruct,Llama-3.2-3B-Instruct,0.49
discrimination,base,Llama-3.1-8B-Instruct,Qwen2.5-14B-Instruct,0.432
discrimination,base,Llama-3.1-8B-Instruct,Qwen2.5-72B-Instruct,0.524
discrimination,base,Llama-3.1-8B-Instruct,Qwen2.5-7B-Instruct,0.586
discrimination,base,Llama-3.2-1B-Instruct,Llama-3.2-3B-Instruct,0.424
discrimination,base,Llama-3.2-1B-Instruct,Qwen2.5-14B-Instruct,0.561
discrimination,base,Llama-3.2-1B-Instruct,Qwen2.5-72B-Instruct,0.489
discrimination,base,Llama-3.2-1B-Instruct,Qwen2.5-7B-Instruct,0.625
discrimination,base,Llama-3.2-3B-Instruct,Qwen2.5-14B-Instruct,0.53
discrimination,base,Llama-3.2-3B-Instruct,Qwen2.5-72B-Instruct,0.5
discrimination,base,Llama-3.2-3B-Instruct,Qwen2.5-7B-Instruct,0.563
discrimination,base,Qwen2.5-14B-Instruct,Qwen2.5-72B-Instruct,0.501
discrimination,base,Qwen2.5-14B-Instruct,Qwen2.5-7B-Instruct,0.608
discrimination,base,Qwen2.5-72B-Instruct,Qwen2.5-7B-Instruct,0.568
discrimination,care,Apertus-8B-Instruct-2509,Llama-3.1-70B-Instruct,0.546
discrimination,care,Apertus-8B-Instruct-2509,Llama-3.1-8B-Instruct,0.553
discrimination,care,Apertus-8B-Instruct-2509,Llama-3.2-1B-Instruct,0.556
discrimination,care,Apertus-8B-Instruct-2509,Llama-3.2-3B-Instruct,0.569
discrimination,care,Apertus-8B-Instruct-2509,Qwen2.5-14B-Instruct,0.466
discrimination,care,Apertus-8B-Instruct-2509,Qwen2.5-72B-Instruct,0.483
discrimination,care,Apertus-8B-Instruct-2509,Qwen2.5-7B-Instruct,0.469
discrimination,care,Llama-3.1-70B-Instruct,Llama-3.1-8B-Instruct,0.366
discrimination,care,Llama-3.1-70B-Instruct,Llama-3.2-1B-Instruct,0.469
discrimination,care,Llama-3.1-70B-Instruct,Llama-3.2-3B-Instruct,0.503
discrimination,care,Llama-3.1-70B-Instruct,Qwen2.5-14B-Instruct,0.5
discrimination,care,Llama-3.1-70B-Instruct,Qwen2.5-72B-Instruct,0.415
discrimination,care,Llama-3.1-70B-Instruct,Qwen2.5-7B-Instruct,0.499
discrimination,care,Llama-3.1-8B-Instruct,Llama-3.2-1B-Instruct,0.431
discrimination,care,Llama-3.1-8B-Instruct,Llama-3.2-3B-Instruct,0.571
discrimination,care,Llama-3.1-8B-Instruct,Qwen2.5-14B-Instruct,0.482
discrimination,care,Llama-3.1-8B-Instruct,Qwen2.5-72B-Instruct,0.452
discrimination,care,Llama-3.1-8B-Instruct,Qwen2.5-7B-Instruct,0.509
discrimination,care,Llama-3.2-1B-Instruct,Llama-3.2-3B-Instruct,0.57
discrimination,care,Llama-3.2-1B-Instruct,Qwen2.5-14B-Instruct,0.546
discrimination,care,Llama-3.2-1B-Instruct,Qwen2.5-72B-Instruct,0.53
discrimination,care,Llama-3.2-1B-Instruct,Qwen2.5-7B-Instruct,0.563
discrimination,care,Llama-3.2-3B-Instruct,Qwen2.5-14B-Instruct,0.605
discrimination,care,Llama-3.2-3B-Instruct,Qwen2.5-72B-Instruct,0.582
discrimination,care,Llama-3.2-3B-Instruct,Qwen2.5-7B-Instruct,0.607
discrimination,care,Qwen2.5-14B-Instruct,Qwen2.5-72B-Instruct,0.459
discrimination,care,Qwen2.5-14B-Instruct,Qwen2.5-7B-Instruct,0.443
discrimination,care,Qwen2.5-72B-Instruct,Qwen2.5-7B-Instruct,0.453
discrimination,equality,Apertus-8B-Instruct-2509,Llama-3.1-70B-Instruct,0.464
discrimination,equality,Apertus-8B-Instruct-2509,Llama-3.1-8B-Instruct,0.51
discrimination,equality,Apertus-8B-Instruct-2509,Llama-3.2-1B-Instruct,0.535
discrimination,equality,Apertus-8B-Instruct-2509,Llama-3.2-3B-Instruct,0.439
discrimination,equality,Apertus-8B-Instruct-2509,Qwen2.5-14B-Instruct,0.502
discrimination,equality,Apertus-8B-Instruct-2509,Qwen2.5-72B-Instruct,0.447
discrimination,equality,Apertus-8B-Instruct-2509,Qwen2.5-7B-Instruct,0.412
discrimination,equality,Llama-3.1-70B-Instruct,Llama-3.1-8B-Instruct,0.366
discrimination,equality,Llama-3.1-70B-Instruct,Llama-3.2-1B-Instruct,0.524
discrimination,equality,Llama-3.1-70B-Instruct,Llama-3.2-3B-Instruct,0.399
discrimination,equality,Llama-3.1-70B-Instruct,Qwen2.5-14B-Instruct,0.477
discrimination,equality,Llama-3.1-70B-Instruct,Qwen2.5-72B-Instruct,0.457
discrimination,equality,Llama-3.1-70B-Instruct,Qwen2.5-7B-Instruct,0.426
discrimination,equality,Llama-3.1-8B-Instruct,Llama-3.2-1B-Instruct,0.54
discrimination,equality,Llama-3.1-8B-Instruct,Llama-3.2-3B-Instruct,0.467
discrimination,equality,Llama-3.1-8B-Instruct,Qwen2.5-14B-Instruct,0.535
discrimination,equality,Llama-3.1-8B-Instruct,Qwen2.5-72B-Instruct,0.5
discrimination,equality,Llama-3.1-8B-Instruct,Qwen2.5-7B-Instruct,0.463
discrimination,equality,Llama-3.2-1B-Instruct,Llama-3.2-3B-Instruct,0.4
discrimination,equality,Llama-3.2-1B-Instruct,Qwen2.5-14B-Instruct,0.561
discrimination,equality,Llama-3.2-1B-Instruct,Qwen2.5-72B-Instruct,0.524
discrimination,equality,Llama-3.2-1B-Instruct,Qwen2.5-7B-Instruct,0.493
discrimination,equality,Llama-3.2-3B-Instruct,Qwen2.5-14B-Instruct,0.525
discrimination,equality,Llama-3.2-3B-Instruct,Qwen2.5-72B-Instruct,0.55
discrimination,equality,Llama-3.2-3B-Instruct,Qwen2.5-7B-Instruct,0.469
discrimination,equality,Qwen2.5-14B-Instruct,Qwen2.5-72B-Instruct,0.43
discrimination,equality,Qwen2.5-14B-Instruct,Qwen2.5-7B-Instruct,0.392
discrimination,equality,Qwen2.5-72B-Instruct,Qwen2.5-7B-Instruct,0.384
discrimination,loyalty,Apertus-8B-Instruct-2509,Llama-3.1-70B-Instruct,0.538
discrimination,loyalty,Apertus-8B-Instruct-2509,Llama-3.1-8B-Instruct,0.659
discrimination,loyalty,Apertus-8B-Instruct-2509,Llama-3.2-1B-Instruct,0.577
discrimination,loyalty,Apertus-8B-Instruct-2509,Llama-3.2-3B-Instruct,0.56
discrimination,loyalty,Apertus-8B-Instruct-2509,Qwen2.5-14B-Instruct,0.537
discrimination,loyalty,Apertus-8B-Instruct-2509,Qwen2.5-72B-Instruct,0.488
discrimination,loyalty,Apertus-8B-Instruct-2509,Qwen2.5-7B-Instruct,0.497
discrimination,loyalty,Llama-3.1-70B-Instruct,Llama-3.1-8B-Instruct,0.474
discrimination,loyalty,Llama-3.1-70B-Instruct,Llama-3.2-1B-Instruct,0.478
discrimination,loyalty,Llama-3.1-70B-Instruct,Llama-3.2-3B-Instruct,0.486
discrimination,loyalty,Llama-3.1-70B-Instruct,Qwen2.5-14B-Instruct,0.538
discrimination,loyalty,Llama-3.1-70B-Instruct,Qwen2.5-72B-Instruct,0.334
discrimination,loyalty,Llama-3.1-70B-Instruct,Qwen2.5-7B-Instruct,0.505
discrimination,loyalty,Llama-3.1-8B-Instruct,Llama-3.2-1B-Instruct,0.568
discrimination,loyalty,Llama-3.1-8B-Instruct,Llama-3.2-3B-Instruct,0.434
discrimination,loyalty,Llama-3.1-8B-Instruct,Qwen2.5-14B-Instruct,0.549
discrimination,loyalty,Llama-3.1-8B-Instruct,Qwen2.5-72B-Instruct,0.498
discrimination,loyalty,Llama-3.1-8B-Instruct,Qwen2.5-7B-Instruct,0.528
discrimination,loyalty,Llama-3.2-1B-Instruct,Llama-3.2-3B-Instruct,0.495
discrimination,loyalty,Llama-3.2-1B-Instruct,Qwen2.5-14B-Instruct,0.567
discrimination,loyalty,Llama-3.2-1B-Instruct,Qwen2.5-72B-Instruct,0.434
discrimination,loyalty,Llama-3.2-1B-Instruct,Qwen2.5-7B-Instruct,0.592
discrimination,loyalty,Llama-3.2-3B-Instruct,Qwen2.5-14B-Instruct,0.561
discrimination,loyalty,Llama-3.2-3B-Instruct,Qwen2.5-72B-Instruct,0.459
discrimination,loyalty,Llama-3.2-3B-Instruct,Qwen2.5-7B-Instruct,0.468
discrimination,loyalty,Qwen2.5-14B-Instruct,Qwen2.5-72B-Instruct,0.427
discrimination,loyalty,Qwen2.5-14B-Instruct,Qwen2.5-7B-Instruct,0.508
discrimination,loyalty,Qwen2.5-72B-Instruct,Qwen2.5-7B-Instruct,0.423
discrimination,proportionality,Apertus-8B-Instruct-2509,Llama-3.1-70B-Instruct,0.499
discrimination,proportionality,Apertus-8B-Instruct-2509,Llama-3.1-8B-Instruct,0.428
discrimination,proportionality,Apertus-8B-Instruct-2509,Llama-3.2-1B-Instruct,0.549
discrimination,proportionality,Apertus-8B-Instruct-2509,Llama-3.2-3B-Instruct,0.506
discrimination,proportionality,Apertus-8B-Instruct-2509,Qwen2.5-14B-Instruct,0.536
discrimination,proportionality,Apertus-8B-Instruct-2509,Qwen2.5-72B-Instruct,0.506
discrimination,proportionality,Apertus-8B-Instruct-2509,Qwen2.5-7B-Instruct,0.486
discrimination,proportionality,Llama-3.1-70B-Instruct,Llama-3.1-8B-Instruct,0.445
discrimination,proportionality,Llama-3.1-70B-Instruct,Llama-3.2-1B-Instruct,0.57
discrimination,proportionality,Llama-3.1-70B-Instruct,Llama-3.2-3B-Instruct,0.435
discrimination,proportionality,Llama-3.1-70B-Instruct,Qwen2.5-14B-Instruct,0.502
discrimination,proportionality,Llama-3.1-70B-Instruct,Qwen2.5-72B-Instruct,0.474
discrimination,proportionality,Llama-3.1-70B-Instruct,Qwen2.5-7B-Instruct,0.526
discrimination,proportionality,Llama-3.1-8B-Instruct,Llama-3.2-1B-Instruct,0.525
discrimination,proportionality,Llama-3.1-8B-Instruct,Llama-3.2-3B-Instruct,0.472
discrimination,proportionality,Llama-3.1-8B-Instruct,Qwen2.5-14B-Instruct,0.517
discrimination,proportionality,Llama-3.1-8B-Instruct,Qwen2.5-72B-Instruct,0.491
discrimination,proportionality,Llama-3.1-8B-Instruct,Qwen2.5-7B-Instruct,0.527
discrimination,proportionality,Llama-3.2-1B-Instruct,Llama-3.2-3B-Instruct,0.569
discrimination,proportionality,Llama-3.2-1B-Instruct,Qwen2.5-14B-Instruct,0.547
discrimination,proportionality,Llama-3.2-1B-Instruct,Qwen2.5-72B-Instruct,0.505
discrimination,proportionality,Llama-3.2-1B-Instruct,Qwen2.5-7B-Instruct,0.535
discrimination,proportionality,Llama-3.2-3B-Instruct,Qwen2.5-14B-Instruct,0.554
discrimination,proportionality,Llama-3.2-3B-Instruct,Qwen2.5-72B-Instruct,0.573
discrimination,proportionality,Llama-3.2-3B-Instruct,Qwen2.5-7B-Instruct,0.573
discrimination,proportionality,Qwen2.5-14B-Instruct,Qwen2.5-72B-Instruct,0.389
discrimination,proportionality,Qwen2.5-14B-Instruct,Qwen2.5-7B-Instruct,0.494
discrimination,proportionality,Qwen2.5-72B-Instruct,Qwen2.5-7B-Instruct,0.408
discrimination,purity,Apertus-8B-Instruct-2509,Llama-3.1-70B-Instruct,0.555
discrimination,purity,Apertus-8B-Instruct-2509,Llama-3.1-8B-Instruct,0.555
discrimination,purity,Apertus-8B-Instruct-2509,Llama-3.2-1B-Instruct,0.556
discrimination,purity,Apertus-8B-Instruct-2509,Llama-3.2-3B-Instruct,0.545
discrimination,purity,Apertus-8B-Instruct-2509,Qwen2.5-14B-Instruct,0.503
discrimination,purity,Apertus-8B-Instruct-2509,Qwen2.5-72B-Instruct,0.544
discrimination,purity,Apertus-8B-Instruct-2509,Qwen2.5-7B-Instruct,0.565
discrimination,purity,Llama-3.1-70B-Instruct,Llama-3.1-8B-Instruct,0.443
discrimination,purity,Llama-3.1-70B-Instruct,Llama-3.2-1B-Instruct,0.556
discrimination,purity,Llama-3.1-70B-Instruct,Llama-3.2-3B-Instruct,0.471
discrimination,purity,Llama-3.1-70B-Instruct,Qwen2.5-14B-Instruct,0.494
discrimination,purity,Llama-3.1-70B-Instruct,Qwen2.5-72B-Instruct,0.461
discrimination,purity,Llama-3.1-70B-Instruct,Qwen2.5-7B-Instruct,0.518
discrimination,purity,Llama-3.1-8B-Instruct,Llama-3.2-1B-Instruct,0.571
discrimination,purity,Llama-3.1-8B-Instruct,Llama-3.2-3B-Instruct,0.486
discrimination,purity,Llama-3.1-8B-Instruct,Qwen2.5-14B-Instruct,0.506
discrimination,purity,Llama-3.1-8B-Instruct,Qwen2.5-72B-Instruct,0.498
discrimination,purity,Llama-3.1-8B-Instruct,Qwen2.5-7B-Instruct,0.509
discrimination,purity,Llama-3.2-1B-Instruct,Llama-3.2-3B-Instruct,0.596
discrimination,purity,Llama-3.2-1B-Instruct,Qwen2.5-14B-Instruct,0.564
discrimination,purity,Llama-3.2-1B-Instruct,Qwen2.5-72B-Instruct,0.571
discrimination,purity,Llama-3.2-1B-Instruct,Qwen2.5-7B-Instruct,0.56
discrimination,purity,Llama-3.2-3B-Instruct,Qwen2.5-14B-Instruct,0.562
discrimination,purity,Llama-3.2-3B-Instruct,Qwen2.5-72B-Instruct,0.539
discrimination,purity,Llama-3.2-3B-Instruct,Qwen2.5-7B-Instruct,0.52
discrimination,purity,Qwen2.5-14B-Instruct,Qwen2.5-72B-Instruct,0.488
discrimination,purity,Qwen2.5-14B-Instruct,Qwen2.5-7B-Instruct,0.5
discrimination,purity,Qwen2.5-72B-Instruct,Qwen2.5-7B-Instruct,0.479
environmentalist-environmentalism,authority,Apertus-8B-Instruct-2509,Llama-3.1-70B-Instruct,0.559
environmentalist-environmentalism,authority,Apertus-8B-Instruct-2509,Llama-3.1-8B-Instruct,0.531
environmentalist-environmentalism,authority,Apertus-8B-Instruct-2509,Llama-3.2-1B-Instruct,0.514
environmentalist-environmentalism,authority,Apertus-8B-Instruct-2509,Llama-3.2-3B-Instruct,0.538
environmentalist-environmentalism,authority,Apertus-8B-Instruct-2509,Qwen2.5-14B-Instruct,0.477
environmentalist-environmentalism,authority,Apertus-8B-Instruct-2509,Qwen2.5-72B-Instruct,0.468
environmentalist-environmentalism,authority,Apertus-8B-Instruct-2509,Qwen2.5-7B-Instruct,0.673
environmentalist-environmentalism,authority,Llama-3.1-70B-Instruct,Llama-3.1-8B-Instruct,0.493
environmentalist-environmentalism,authority,Llama-3.1-70B-Instruct,Llama-3.2-1B-Instruct,0.449
environmentalist-environmentalism,authority,Llama-3.1-70B-Instruct,Llama-3.2-3B-Instruct,0.449
environmentalist-environmentalism,authority,Llama-3.1-70B-Instruct,Qwen2.5-14B-Instruct,0.524
environmentalist-environmentalism,authority,Llama-3.1-70B-Instruct,Qwen2.5-72B-Instruct,0.478
environmentalist-environmentalism,authority,Llama-3.1-70B-Instruct,Qwen2.5-7B-Instruct,0.662
environmentalist-environmentalism,authority,Llama-3.1-8B-Instruct,Llama-3.2-1B-Instruct,0.455
environmentalist-environmentalism,authority,Llama-3.1-8B-Instruct,Llama-3.2-3B-Instruct,0.479
environmentalist-environmentalism,authority,Llama-3.1-8B-Instruct,Qwen2.5-14B-Instruct,0.49
environmentalist-environmentalism,authority,Llama-3.1-8B-Instruct,Qwen2.5-72B-Instruct,0.433
environmentalist-environmentalism,authority,Llama-3.1-8B-Instruct,Qwen2.5-7B-Instruct,0.668
environmentalist-environmentalism,authority,Llama-3.2-1B-Instruct,Llama-3.2-3B-Instruct,0.489
environmentalist-environmentalism,authority,Llama-3.2-1B-Instruct,Qwen2.5-14B-Instruct,0.523
environmentalist-environmentalism,authority,Llama-3.2-1B-Instruct,Qwen2.5-72B-Instruct,0.377
environmentalist-environmentalism,authority,Llama-3.2-1B-Instruct,Qwen2.5-7B-Instruct,0.665
environmentalist-environmentalism,authority,Llama-3.2-3B-Instruct,Qwen2.5-14B-Instruct,0.471
environmentalist-environmentalism,authority,Llama-3.2-3B-Instruct,Qwen2.5-72B-Instruct,0.492
environmentalist-environmentalism,authority,Llama-3.2-3B-Instruct,Qwen2.5-7B-Instruct,0.666
environmentalist-environmentalism,authority,Qwen2.5-14B-Instruct,Qwen2.5-72B-Instruct,0.434
environmentalist-environmentalism,authority,Qwen2.5-14B-Instruct,Qwen2.5-7B-Instruct,0.674
environmentalist-environmentalism,authority,Qwen2.5-72B-Instruct,Qwen2.5-7B-Instruct,0.671
environmentalist-environmentalism,base,Apertus-8B-Instruct-2509,Llama-3.1-70B-Instruct,0.405
environmentalist-environmentalism,base,Apertus-8B-Instruct-2509,Llama-3.1-8B-Instruct,0.397
environmentalist-environmentalism,base,Apertus-8B-Instruct-2509,Llama-3.2-1B-Instruct,0.559
environmentalist-environmentalism,base,Apertus-8B-Instruct-2509,Llama-3.2-3B-Instruct,0.466
environmentalist-environmentalism,base,Apertus-8B-Instruct-2509,Qwen2.5-14B-Instruct,0.45
environmentalist-environmentalism,base,Apertus-8B-Instruct-2509,Qwen2.5-72B-Instruct,0.458
environmentalist-environmentalism,base,Apertus-8B-Instruct-2509,Qwen2.5-7B-Instruct,0.44
environmentalist-environmentalism,base,Llama-3.1-70B-Instruct,Llama-3.1-8B-Instruct,0.369
environmentalist-environmentalism,base,Llama-3.1-70B-Instruct,Llama-3.2-1B-Instruct,0.456
environmentalist-environmentalism,base,Llama-3.1-70B-Instruct,Llama-3.2-3B-Instruct,0.372
environmentalist-environmentalism,base,Llama-3.1-70B-Instruct,Qwen2.5-14B-Instruct,0.378
environmentalist-environmentalism,base,Llama-3.1-70B-Instruct,Qwen2.5-72B-Instruct,0.448
environmentalist-environmentalism,base,Llama-3.1-70B-Instruct,Qwen2.5-7B-Instruct,0.441
environmentalist-environmentalism,base,Llama-3.1-8B-Instruct,Llama-3.2-1B-Instruct,0.47
environmentalist-environmentalism,base,Llama-3.1-8B-Instruct,Llama-3.2-3B-Instruct,0.325
environmentalist-environmentalism,base,Llama-3.1-8B-Instruct,Qwen2.5-14B-Instruct,0.397
environmentalist-environmentalism,base,Llama-3.1-8B-Instruct,Qwen2.5-72B-Instruct,0.448
environmentalist-environmentalism,base,Llama-3.1-8B-Instruct,Qwen2.5-7B-Instruct,0.432
environmentalist-environmentalism,base,Llama-3.2-1B-Instruct,Llama-3.2-3B-Instruct,0.41
environmentalist-environmentalism,base,Llama-3.2-1B-Instruct,Qwen2.5-14B-Instruct,0.507
environmentalist-environmentalism,base,Llama-3.2-1B-Instruct,Qwen2.5-72B-Instruct,0.576
environmentalist-environmentalism,base,Llama-3.2-1B-Instruct,Qwen2.5-7B-Instruct,0.513
environmentalist-environmentalism,base,Llama-3.2-3B-Instruct,Qwen2.5-14B-Instruct,0.432
environmentalist-environmentalism,base,Llama-3.2-3B-Instruct,Qwen2.5-72B-Instruct,0.502
environmentalist-environmentalism,base,Llama-3.2-3B-Instruct,Qwen2.5-7B-Instruct,0.475
environmentalist-environmentalism,base,Qwen2.5-14B-Instruct,Qwen2.5-72B-Instruct,0.467
environmentalist-environmentalism,base,Qwen2.5-14B-Instruct,Qwen2.5-7B-Instruct,0.437
environmentalist-environmentalism,base,Qwen2.5-72B-Instruct,Qwen2.5-7B-Instruct,0.519
environmentalist-environmentalism,care,Apertus-8B-Instruct-2509,Llama-3.1-70B-Instruct,0.453
environmentalist-environmentalism,care,Apertus-8B-Instruct-2509,Llama-3.1-8B-Instruct,0.517
environmentalist-environmentalism,care,Apertus-8B-Instruct-2509,Llama-3.2-1B-Instruct,0.503
environmentalist-environmentalism,care,Apertus-8B-Instruct-2509,Llama-3.2-3B-Instruct,0.544
environmentalist-environmentalism,care,Apertus-8B-Instruct-2509,Qwen2.5-14B-Instruct,0.507
environmentalist-environmentalism,care,Apertus-8B-Instruct-2509,Qwen2.5-72B-Instruct,0.527
environmentalist-environmentalism,care,Apertus-8B-Instruct-2509,Qwen2.5-7B-Instruct,0.595
environmentalist-environmentalism,care,Llama-3.1-70B-Instruct,Llama-3.1-8B-Instruct,0.413
environmentalist-environmentalism,care,Llama-3.1-70B-Instruct,Llama-3.2-1B-Instruct,0.421
environmentalist-environmentalism,care,Llama-3.1-70B-Instruct,Llama-3.2-3B-Instruct,0.408
environmentalist-environmentalism,care,Llama-3.1-70B-Instruct,Qwen2.5-14B-Instruct,0.483
environmentalist-environmentalism,care,Llama-3.1-70B-Instruct,Qwen2.5-72B-Instruct,0.42
environmentalist-environmentalism,care,Llama-3.1-70B-Instruct,Qwen2.5-7B-Instruct,0.623
environmentalist-environmentalism,care,Llama-3.1-8B-Instruct,Llama-3.2-1B-Instruct,0.499
environmentalist-environmentalism,care,Llama-3.1-8B-Instruct,Llama-3.2-3B-Instruct,0.474
environmentalist-environmentalism,care,Llama-3.1-8B-Instruct,Qwen2.5-14B-Instruct,0.504
environmentalist-environmentalism,care,Llama-3.1-8B-Instruct,Qwen2.5-72B-Instruct,0.522
environmentalist-environmentalism,care,Llama-3.1-8B-Instruct,Qwen2.5-7B-Instruct,0.652
environmentalist-environmentalism,care,Llama-3.2-1B-Instruct,Llama-3.2-3B-Instruct,0.542
environmentalist-environmentalism,care,Llama-3.2-1B-Instruct,Qwen2.5-14B-Instruct,0.497
environmentalist-environmentalism,care,Llama-3.2-1B-Instruct,Qwen2.5-72B-Instruct,0.516
environmentalist-environmentalism,care,Llama-3.2-1B-Instruct,Qwen2.5-7B-Instruct,0.605
environmentalist-environmentalism,care,Llama-3.2-3B-Instruct,Qwen2.5-14B-Instruct,0.51
environmentalist-environmentalism,care,Llama-3.2-3B-Instruct,Qwen2.5-72B-Instruct,0.405
environmentalist-environmentalism,care,Llama-3.2-3B-Instruct,Qwen2.5-7B-Instruct,0.656
environmentalist-environmentalism,care,Qwen2.5-14B-Instruct,Qwen2.5-72B-Instruct,0.477
environmentalist-environmentalism,care,Qwen2.5-14B-Instruct,Qwen2.5-7B-Instruct,0.637
environmentalist-environmentalism,care,Qwen2.5-72B-Instruct,Qwen2.5-7B-Instruct,0.633
environmentalist-environmentalism,equality,Apertus-8B-Instruct-2509,Llama-3.1-70B-Instruct,0.477
environmentalist-environmentalism,equality,Apertus-8B-Instruct-2509,Llama-3.1-8B-Instruct,0.502
environmentalist-environmentalism,equality,Apertus-8B-Instruct-2509,Llama-3.2-1B-Instruct,0.525
environmentalist-environmentalism,equality,Apertus-8B-Instruct-2509,Llama-3.2-3B-Instruct,0.383
environmentalist-environmentalism,equality,Apertus-8B-Instruct-2509,Qwen2.5-14B-Instruct,0.493
environmentalist-environmentalism,equality,Apertus-8B-Instruct-2509,Qwen2.5-72B-Instruct,0.498
environmentalist-environmentalism,equality,Apertus-8B-Instruct-2509,Qwen2.5-7B-Instruct,0.693
environmentalist-environmentalism,equality,Llama-3.1-70B-Instruct,Llama-3.1-8B-Instruct,0.436
environmentalist-environmentalism,equality,Llama-3.1-70B-Instruct,Llama-3.2-1B-Instruct,0.372
environmentalist-environmentalism,equality,Llama-3.1-70B-Instruct,Llama-3.2-3B-Instruct,0.465
environmentalist-environmentalism,equality,Llama-3.1-70B-Instruct,Qwen2.5-14B-Instruct,0.499
environmentalist-environmentalism,equality,Llama-3.1-70B-Instruct,Qwen2.5-72B-Instruct,0.423
environmentalist-environmentalism,equality,Llama-3.1-70B-Instruct,Qwen2.5-7B-Instruct,0.693
environmentalist-environmentalism,equality,Llama-3.1-8B-Instruct,Llama-3.2-1B-Instruct,0.491
environmentalist-environmentalism,equality,Llama-3.1-8B-Instruct,Llama-3.2-3B-Instruct,0.444
environmentalist-environmentalism,equality,Llama-3.1-8B-Instruct,Qwen2.5-14B-Instruct,0.578
environmentalist-environmentalism,equality,Llama-3.1-8B-Instruct,Qwen2.5-72B-Instruct,0.433
environmentalist-environmentalism,equality,Llama-3.1-8B-Instruct,Qwen2.5-7B-Instruct,0.693
environmentalist-environmentalism,equality,Llama-3.2-1B-Instruct,Llama-3.2-3B-Instruct,0.435
environmentalist-environmentalism,equality,Llama-3.2-1B-Instruct,Qwen2.5-14B-Instruct,0.508
environmentalist-environmentalism,equality,Llama-3.2-1B-Instruct,Qwen2.5-72B-Instruct,0.433
environmentalist-environmentalism,equality,Llama-3.2-1B-Instruct,Qwen2.5-7B-Instruct,0.693
environmentalist-environmentalism,equality,Llama-3.2-3B-Instruct,Qwen2.5-14B-Instruct,0.459
environmentalist-environmentalism,equality,Llama-3.2-3B-Instruct,Qwen2.5-72B-Instruct,0.489
environmentalist-environmentalism,equality,Llama-3.2-3B-Instruct,Qwen2.5-7B-Instruct,0.693
environmentalist-environmentalism,equality,Qwen2.5-14B-Instruct,Qwen2.5-72B-Instruct,0.516
environmentalist-environmentalism,equality,Qwen2.5-14B-Instruct,Qwen2.5-7B-Instruct,0.693
environmentalist-environmentalism,equality,Qwen2.5-72B-Instruct,Qwen2.5-7B-Instruct,0.693
environmentalist-environmentalism,loyalty,Apertus-8B-Instruct-2509,Llama-3.1-70B-Instruct,0.557
environmentalist-environmentalism,loyalty,Apertus-8B-Instruct-2509,Llama-3.1-8B-Instruct,0.578
environmentalist-environmentalism,loyalty,Apertus-8B-Instruct-2509,Llama-3.2-1B-Instruct,0.524
environmentalist-environmentalism,loyalty,Apertus-8B-Instruct-2509,Llama-3.2-3B-Instruct,0.568
environmentalist-environmentalism,loyalty,Apertus-8B-Instruct-2509,Qwen2.5-14B-Instruct,0.518
environmentalist-environmentalism,loyalty,Apertus-8B-Instruct-2509,Qwen2.5-72B-Instruct,0.505
environmentalist-environmentalism,loyalty,Apertus-8B-Instruct-2509,Qwen2.5-7B-Instruct,0.498
environmentalist-environmentalism,loyalty,Llama-3.1-70B-Instruct,Llama-3.1-8B-Instruct,0.329
environmentalist-environmentalism,loyalty,Llama-3.1-70B-Instruct,Llama-3.2-1B-Instruct,0.492
environmentalist-environmentalism,loyalty,Llama-3.1-70B-Instruct,Llama-3.2-3B-Instruct,0.37
environmentalist-environmentalism,loyalty,Llama-3.1-70B-Instruct,Qwen2.5-14B-Instruct,0.496
environmentalist-environmentalism,loyalty,Llama-3.1-70B-Instruct,Qwen2.5-72B-Instruct,0.399
environmentalist-environmentalism,loyalty,Llama-3.1-70B-Instruct,Qwen2.5-7B-Instruct,0.552
environmentalist-environmentalism,loyalty,Llama-3.1-8B-Instruct,Llama-3.2-1B-Instruct,0.485
environmentalist-environmentalism,loyalty,Llama-3.1-8B-Instruct,Llama-3.2-3B-Instruct,0.383
environmentalist-environmentalism,loyalty,Llama-3.1-8B-Instruct,Qwen2.5-14B-Instruct,0.529
environmentalist-environmentalism,loyalty,Llama-3.1-8B-Instruct,Qwen2.5-72B-Instruct,0.411
environmentalist-environmentalism,loyalty,Llama-3.1-8B-Instruct,Qwen2.5-7B-Instruct,0.59
environmentalist-environmentalism,loyalty,Llama-3.2-1B-Instruct,Llama-3.2-3B-Instruct,0.506
environmentalist-environmentalism,loyalty,Llama-3.2-1B-Instruct,Qwen2.5-14B-Instruct,0.494
environmentalist-environmentalism,loyalty,Llama-3.2-1B-Instruct,Qwen2.5-72B-Instruct,0.513
environmentalist-environmentalism,loyalty,Llama-3.2-1B-Instruct,Qwen2.5-7B-Instruct,0.557
environmentalist-environmentalism,loyalty,Llama-3.2-3B-Instruct,Qwen2.5-14B-Instruct,0.517
environmentalist-environmentalism,loyalty,Llama-3.2-3B-Instruct,Qwen2.5-72B-Instruct,0.425
environmentalist-environmentalism,loyalty,Llama-3.2-3B-Instruct,Qwen2.5-7B-Instruct,0.544
environmentalist-environmentalism,loyalty,Qwen2.5-14B-Instruct,Qwen2.5-72B-Instruct,0.419
environmentalist-environmentalism,loyalty,Qwen2.5-14B-Instruct,Qwen2.5-7B-Instruct,0.466
environmentalist-environmentalism,loyalty,Qwen2.5-72B-Instruct,Qwen2.5-7B-Instruct,0.536
environmentalist-environmentalism,proportionality,Apertus-8B-Instruct-2509,Llama-3.1-70B-Instruct,0.471
environmentalist-environmentalism,proportionality,Apertus-8B-Instruct-2509,Llama-3.1-8B-Instruct,0.556
environmentalist-environmentalism,proportionality,Apertus-8B-Instruct-2509,Llama-3.2-1B-Instruct,0.497
environmentalist-environmentalism,proportionality,Apertus-8B-Instruct-2509,Llama-3.2-3B-Instruct,0.536
environmentalist-environmentalism,proportionality,Apertus-8B-Instruct-2509,Qwen2.5-14B-Instruct,0.456
environmentalist-environmentalism,proportionality,Apertus-8B-Instruct-2509,Qwen2.5-72B-Instruct,0.495
environmentalist-environmentalism,proportionality,Apertus-8B-Instruct-2509,Qwen2.5-7B-Instruct,0.477
environmentalist-environmentalism,proportionality,Llama-3.1-70B-Instruct,Llama-3.1-8B-Instruct,0.407
environmentalist-environmentalism,proportionality,Llama-3.1-70B-Instruct,Llama-3.2-1B-Instruct,0.485
environmentalist-environmentalism,proportionality,Llama-3.1-70B-Instruct,Llama-3.2-3B-Instruct,0.457
environmentalist-environmentalism,proportionality,Llama-3.1-70B-Instruct,Qwen2.5-14B-Instruct,0.533
environmentalist-environmentalism,proportionality,Llama-3.1-70B-Instruct,Qwen2.5-72B-Instruct,0.449
environmentalist-environmentalism,proportionality,Llama-3.1-70B-Instruct,Qwen2.5-7B-Instruct,0.517
environmentalist-environmentalism,proportionality,Llama-3.1-8B-Instruct,Llama-3.2-1B-Instruct,0.444
environmentalist-environmentalism,proportionality,Llama-3.1-8B-Instruct,Llama-3.2-3B-Instruct,0.416
environmentalist-environmentalism,proportionality,Llama-3.1-8B-Instruct,Qwen2.5-14B-Instruct,0.579
environmentalist-environmentalism,proportionality,Llama-3.1-8B-Instruct,Qwen2.5-72B-Instruct,0.472
environmentalist-environmentalism,proportionality,Llama-3.1-8B-Instruct,Qwen2.5-7B-Instruct,0.516
environmentalist-environmentalism,proportionality,Llama-3.2-1B-Instruct,Llama-3.2-3B-Instruct,0.416
environmentalist-environmentalism,proportionality,Llama-3.2-1B-Instruct,Qwen2.5-14B-Instruct,0.447
environmentalist-environmentalism,proportionality,Llama-3.2-1B-Instruct,Qwen2.5-72B-Instruct,0.487
environmentalist-environmentalism,proportionality,Llama-3.2-1B-Instruct,Qwen2.5-7B-Instruct,0.447
environmentalist-environmentalism,proportionality,Llama-3.2-3B-Instruct,Qwen2.5-14B-Instruct,0.473
environmentalist-environmentalism,proportionality,Llama-3.2-3B-Instruct,Qwen2.5-72B-Instruct,0.453
environmentalist-environmentalism,proportionality,Llama-3.2-3B-Instruct,Qwen2.5-7B-Instruct,0.469
environmentalist-environmentalism,proportionality,Qwen2.5-14B-Instruct,Qwen2.5-72B-Instruct,0.441
environmentalist-environmentalism,proportionality,Qwen2.5-14B-Instruct,Qwen2.5-7B-Instruct,0.461
environmentalist-environmentalism,proportionality,Qwen2.5-72B-Instruct,Qwen2.5-7B-Instruct,0.441
environmentalist-environmentalism,purity,Apertus-8B-Instruct-2509,Llama-3.1-70B-Instruct,0.425
environmentalist-environmentalism,purity,Apertus-8B-Instruct-2509,Llama-3.1-8B-Instruct,0.465
environmentalist-environmentalism,purity,Apertus-8B-Instruct-2509,Llama-3.2-1B-Instruct,0.445
environmentalist-environmentalism,purity,Apertus-8B-Instruct-2509,Llama-3.2-3B-Instruct,0.393
environmentalist-environmentalism,purity,Apertus-8B-Instruct-2509,Qwen2.5-14B-Instruct,0.502
environmentalist-environmentalism,purity,Apertus-8B-Instruct-2509,Qwen2.5-72B-Instruct,0.479
environmentalist-environmentalism,purity,Apertus-8B-Instruct-2509,Qwen2.5-7B-Instruct,0.476
environmentalist-environmentalism,purity,Llama-3.1-70B-Instruct,Llama-3.1-8B-Instruct,0.379
environmentalist-environmentalism,purity,Llama-3.1-70B-Instruct,Llama-3.2-1B-Instruct,0.417
environmentalist-environmentalism,purity,Llama-3.1-70B-Instruct,Llama-3.2-3B-Instruct,0.4
environmentalist-environmentalism,purity,Llama-3.1-70B-Instruct,Qwen2.5-14B-Instruct,0.424
environmentalist-environmentalism,purity,Llama-3.1-70B-Instruct,Qwen2.5-72B-Instruct,0.473
environmentalist-environmentalism,purity,Llama-3.1-70B-Instruct,Qwen2.5-7B-Instruct,0.433
environmentalist-environmentalism,purity,Llama-3.1-8B-Instruct,Llama-3.2-1B-Instruct,0.406
environmentalist-environmentalism,purity,Llama-3.1-8B-Instruct,Llama-3.2-3B-Instruct,0.403
environmentalist-environmentalism,purity,Llama-3.1-8B-Instruct,Qwen2.5-14B-Instruct,0.474
environmentalist-environmentalism,purity,Llama-3.1-8B-Instruct,Qwen2.5-72B-Instruct,0.395
environmentalist-environmentalism,purity,Llama-3.1-8B-Instruct,Qwen2.5-7B-Instruct,0.501
environmentalist-environmentalism,purity,Llama-3.2-1B-Instruct,Llama-3.2-3B-Instruct,0.399
environmentalist-environmentalism,purity,Llama-3.2-1B-Instruct,Qwen2.5-14B-Instruct,0.479
environmentalist-environmentalism,purity,Llama-3.2-1B-Instruct,Qwen2.5-72B-Instruct,0.378
environmentalist-environmentalism,purity,Llama-3.2-1B-Instruct,Qwen2.5-7B-Instruct,0.476
environmentalist-environmentalism,purity,Llama-3.2-3B-Instruct,Qwen2.5-14B-Instruct,0.454
environmentalist-environmentalism,purity,Llama-3.2-3B-Instruct,Qwen2.5-72B-Instruct,0.399
environmentalist-environmentalism,purity,Llama-3.2-3B-Instruct,Qwen2.5-7B-Instruct,0.417
environmentalist-environmentalism,purity,Qwen2.5-14B-Instruct,Qwen2.5-72B-Instruct,0.455
environmentalist-environmentalism,purity,Qwen2.5-14B-Instruct,Qwen2.5-7B-Instruct,0.467
environmentalist-environmentalism,purity,Qwen2.5-72B-Instruct,Qwen2.5-7B-Instruct,0.447
equality,authority,Apertus-8B-Instruct-2509,Llama-3.1-70B-Instruct,0.33
equality,authority,Apertus-8B-Instruct-2509,Llama-3.1-8B-Instruct,0.345
equality,authority,Apertus-8B-Instruct-2509,Llama-3.2-1B-Instruct,0.413
equality,authority,Apertus-8B-Instruct-2509,Llama-3.2-3B-Instruct,0.327
equality,authority,Apertus-8B-Instruct-2509,Qwen2.5-14B-Instruct,0.373
equality,authority,Apertus-8B-Instruct-2509,Qwen2.5-72B-Instruct,0.378
equality,authority,Apertus-8B-Instruct-2509,Qwen2.5-7B-Instruct,0.378
equality,authority,Llama-3.1-70B-Instruct,Llama-3.1-8B-Instruct,0.331
equality,authority,Llama-3.1-70B-Instruct,Llama-3.2-1B-Instruct,0.379
equality,authority,Llama-3.1-70B-Instruct,Llama-3.2-3B-Instruct,0.298
equality,authority,Llama-3.1-70B-Instruct,Qwen2.5-14B-Instruct,0.372
equality,authority,Llama-3.1-70B-Instruct,Qwen2.5-72B-Instruct,0.356
equality,authority,Llama-3.1-70B-Instruct,Qwen2.5-7B-Instruct,0.361
equality,authority,Llama-3.1-8B-Instruct,Llama-3.2-1B-Instruct,0.4
equality,authority,Llama-3.1-8B-Instruct,Llama-3.2-3B-Instruct,0.291
equality,authority,Llama-3.1-8B-Instruct,Qwen2.5-14B-Instruct,0.398
equality,authority,Llama-3.1-8B-Instruct,Qwen2.5-72B-Instruct,0.39
equality,authority,Llama-3.1-8B-Instruct,Qwen2.5-7B-Instruct,0.394
equality,authority,Llama-3.2-1B-Instruct,Llama-3.2-3B-Instruct,0.383
equality,authority,Llama-3.2-1B-Instruct,Qwen2.5-14B-Instruct,0.486
equality,authority,Llama-3.2-1B-Instruct,Qwen2.5-72B-Instruct,0.492
equality,authority,Llama-3.2-1B-Instruct,Qwen2.5-7B-Instruct,0.436
equality,authority,Llama-3.2-3B-Instruct,Qwen2.5-14B-Instruct,0.37
equality,authority,Llama-3.2-3B-Instruct,Qwen2.5-72B-Instruct,0.383
equality,authority,Llama-3.2-3B-Instruct,Qwen2.5-7B-Instruct,0.385
equality,authority,Qwen2.5-14B-Instruct,Qwen2.5-72B-Instruct,0.33
equality,authority,Qwen2.5-14B-Instruct,Qwen2.5-7B-Instruct,0.343
equality,authority,Qwen2.5-72B-Instruct,Qwen2.5-7B-Instruct,0.348
equality,base,Apertus-8B-Instruct-2509,Llama-3.1-70B-Instruct,0.33
equality,base,Apertus-8B-Instruct-2509,Llama-3.1-8B-Instruct,0.388
equality,base,Apertus-8B-Instruct-2509,Llama-3.2-1B-Instruct,0.413
equality,base,Apertus-8B-Instruct-2509,Llama-3.2-3B-Instruct,0.356
equality,base,Apertus-8B-Instruct-2509,Qwen2.5-14B-Instruct,0.336
equality,base,Apertus-8B-Instruct-2509,Qwen2.5-72B-Instruct,0.432
equality,base,Apertus-8B-Instruct-2509,Qwen2.5-7B-Instruct,0.441
equality,base,Llama-3.1-70B-Instruct,Llama-3.1-8B-Instruct,0.301
equality,base,Llama-3.1-70B-Instruct,Llama-3.2-1B-Instruct,0.354
equality,base,Llama-3.1-70B-Instruct,Llama-3.2-3B-Instruct,0.328
equality,base,Llama-3.1-70B-Instruct,Qwen2.5-14B-Instruct,0.357
equality,base,Llama-3.1-70B-Instruct,Qwen2.5-72B-Instruct,0.412
equality,base,Llama-3.1-70B-Instruct,Qwen2.5-7B-Instruct,0.389
equality,base,Llama-3.1-8B-Instruct,Llama-3.2-1B-Instruct,0.39
equality,base,Llama-3.1-8B-Instruct,Llama-3.2-3B-Instruct,0.308
equality,base,Llama-3.1-8B-Instruct,Qwen2.5-14B-Instruct,0.357
equality,base,Llama-3.1-8B-Instruct,Qwen2.5-72B-Instruct,0.417
equality,base,Llama-3.1-8B-Instruct,Qwen2.5-7B-Instruct,0.4
equality,base,Llama-3.2-1B-Instruct,Llama-3.2-3B-Instruct,0.376
equality,base,Llama-3.2-1B-Instruct,Qwen2.5-14B-Instruct,0.435
equality,base,Llama-3.2-1B-Instruct,Qwen2.5-72B-Instruct,0.498
equality,base,Llama-3.2-1B-Instruct,Qwen2.5-7B-Instruct,0.447
equality,base,Llama-3.2-3B-Instruct,Qwen2.5-14B-Instruct,0.365
equality,base,Llama-3.2-3B-Instruct,Qwen2.5-72B-Instruct,0.417
equality,base,Llama-3.2-3B-Instruct,Qwen2.5-7B-Instruct,0.396
equality,base,Qwen2.5-14B-Instruct,Qwen2.5-72B-Instruct,0.398
equality,base,Qwen2.5-14B-Instruct,Qwen2.5-7B-Instruct,0.411
equality,base,Qwen2.5-72B-Instruct,Qwen2.5-7B-Instruct,0.478
equality,care,Apertus-8B-Instruct-2509,Llama-3.1-70B-Instruct,0.329
equality,care,Apertus-8B-Instruct-2509,Llama-3.1-8B-Instruct,0.341
equality,care,Apertus-8B-Instruct-2509,Llama-3.2-1B-Instruct,0.388
equality,care,Apertus-8B-Instruct-2509,Llama-3.2-3B-Instruct,0.357
equality,care,Apertus-8B-Instruct-2509,Qwen2.5-14B-Instruct,0.404
equality,care,Apertus-8B-Instruct-2509,Qwen2.5-72B-Instruct,0.372
equality,care,Apertus-8B-Instruct-2509,Qwen2.5-7B-Instruct,0.371
equality,care,Llama-3.1-70B-Instruct,Llama-3.1-8B-Instruct,0.287
equality,care,Llama-3.1-70B-Instruct,Llama-3.2-1B-Instruct,0.341
equality,care,Llama-3.1-70B-Instruct,Llama-3.2-3B-Instruct,0.299
equality,care,Llama-3.1-70B-Instruct,Qwen2.5-14B-Instruct,0.385
equality,care,Llama-3.1-70B-Instruct,Qwen2.5-72B-Instruct,0.354
equality,care,Llama-3.1-70B-Instruct,Qwen2.5-7B-Instruct,0.332
equality,care,Llama-3.1-8B-Instruct,Llama-3.2-1B-Instruct,0.391
equality,care,Llama-3.1-8B-Instruct,Llama-3.2-3B-Instruct,0.297
equality,care,Llama-3.1-8B-Instruct,Qwen2.5-14B-Instruct,0.412
equality,care,Llama-3.1-8B-Instruct,Qwen2.5-72B-Instruct,0.372
equality,care,Llama-3.1-8B-Instruct,Qwen2.5-7B-Instruct,0.361
equality,care,Llama-3.2-1B-Instruct,Llama-3.2-3B-Instruct,0.356
equality,care,Llama-3.2-1B-Instruct,Qwen2.5-14B-Instruct,0.446
equality,care,Llama-3.2-1B-Instruct,Qwen2.5-72B-Instruct,0.421
equality,care,Llama-3.2-1B-Instruct,Qwen2.5-7B-Instruct,0.402
equality,care,Llama-3.2-3B-Instruct,Qwen2.5-14B-Instruct,0.418
equality,care,Llama-3.2-3B-Instruct,Qwen2.5-72B-Instruct,0.37
equality,care,Llama-3.2-3B-Instruct,Qwen2.5-7B-Instruct,0.374
equality,care,Qwen2.5-14B-Instruct,Qwen2.5-72B-Instruct,0.305
equality,care,Qwen2.5-14B-Instruct,Qwen2.5-7B-Instruct,0.322
equality,care,Qwen2.5-72B-Instruct,Qwen2.5-7B-Instruct,0.334
equality,equality,Apertus-8B-Instruct-2509,Llama-3.1-70B-Instruct,0.337
equality,equality,Apertus-8B-Instruct-2509,Llama-3.1-8B-Instruct,0.343
equality,equality,Apertus-8B-Instruct-2509,Llama-3.2-1B-Instruct,0.369
equality,equality,Apertus-8B-Instruct-2509,Llama-3.2-3B-Instruct,0.352
equality,equality,Apertus-8B-Instruct-2509,Qwen2.5-14B-Instruct,0.385
equality,equality,Apertus-8B-Instruct-2509,Qwen2.5-72B-Instruct,0.382
equality,equality,Apertus-8B-Instruct-2509,Qwen2.5-7B-Instruct,0.418
equality,equality,Llama-3.1-70B-Instruct,Llama-3.1-8B-Instruct,0.255
equality,equality,Llama-3.1-70B-Instruct,Llama-3.2-1B-Instruct,0.293
equality,equality,Llama-3.1-70B-Instruct,Llama-3.2-3B-Instruct,0.286
equality,equality,Llama-3.1-70B-Instruct,Qwen2.5-14B-Instruct,0.373
equality,equality,Llama-3.1-70B-Instruct,Qwen2.5-72B-Instruct,0.359
equality,equality,Llama-3.1-70B-Instruct,Qwen2.5-7B-Instruct,0.402
equality,equality,Llama-3.1-8B-Instruct,Llama-3.2-1B-Instruct,0.274
equality,equality,Llama-3.1-8B-Instruct,Llama-3.2-3B-Instruct,0.26
equality,equality,Llama-3.1-8B-Instruct,Qwen2.5-14B-Instruct,0.349
equality,equality,Llama-3.1-8B-Instruct,Qwen2.5-72B-Instruct,0.347
equality,equality,Llama-3.1-8B-Instruct,Qwen2.5-7B-Instruct,0.393
equality,equality,Llama-3.2-1B-Instruct,Llama-3.2-3B-Instruct,0.305
equality,equality,Llama-3.2-1B-Instruct,Qwen2.5-14B-Instruct,0.408
equality,equality,Llama-3.2-1B-Instruct,Qwen2.5-72B-Instruct,0.393
equality,equality,Llama-3.2-1B-Instruct,Qwen2.5-7B-Instruct,0.406
equality,equality,Llama-3.2-3B-Instruct,Qwen2.5-14B-Instruct,0.387
equality,equality,Llama-3.2-3B-Instruct,Qwen2.5-72B-Instruct,0.36
equality,equality,Llama-3.2-3B-Instruct,Qwen2.5-7B-Instruct,0.391
equality,equality,Qwen2.5-14B-Instruct,Qwen2.5-72B-Instruct,0.339
equality,equality,Qwen2.5-14B-Instruct,Qwen2.5-7B-Instruct,0.326
equality,equality,Qwen2.5-72B-Instruct,Qwen2.5-7B-Instruct,0.357
equality,loyalty,Apertus-8B-Instruct-2509,Llama-3.1-70B-Instruct,0.336
equality,loyalty,Apertus-8B-Instruct-2509,Llama-3.1-8B-Instruct,0.374
equality,loyalty,Apertus-8B-Instruct-2509,Llama-3.2-1B-Instruct,0.399
equality,loyalty,Apertus-8B-Instruct-2509,Llama-3.2-3B-Instruct,0.345
equality,loyalty,Apertus-8B-Instruct-2509,Qwen2.5-14B-Instruct,0.329
equality,loyalty,Apertus-8B-Instruct-2509,Qwen2.5-72B-Instruct,0.375
equality,loyalty,Apertus-8B-Instruct-2509,Qwen2.5-7B-Instruct,0.344
equality,loyalty,Llama-3.1-70B-Instruct,Llama-3.1-8B-Instruct,0.301
equality,loyalty,Llama-3.1-70B-Instruct,Llama-3.2-1B-Instruct,0.373
equality,loyalty,Llama-3.1-70B-Instruct,Llama-3.2-3B-Instruct,0.302
equality,loyalty,Llama-3.1-70B-Instruct,Qwen2.5-14B-Instruct,0.333
equality,loyalty,Llama-3.1-70B-Instruct,Qwen2.5-72B-Instruct,0.358
equality,loyalty,Llama-3.1-70B-Instruct,Qwen2.5-7B-Instruct,0.362
equality,loyalty,Llama-3.1-8B-Instruct,Llama-3.2-1B-Instruct,0.432
equality,loyalty,Llama-3.1-8B-Instruct,Llama-3.2-3B-Instruct,0.333
equality,loyalty,Llama-3.1-8B-Instruct,Qwen2.5-14B-Instruct,0.374
equality,loyalty,Llama-3.1-8B-Instruct,Qwen2.5-72B-Instruct,0.369
equality,loyalty,Llama-3.1-8B-Instruct,Qwen2.5-7B-Instruct,0.372
equality,loyalty,Llama-3.2-1B-Instruct,Llama-3.2-3B-Instruct,0.353
equality,loyalty,Llama-3.2-1B-Instruct,Qwen2.5-14B-Instruct,0.423
equality,loyalty,Llama-3.2-1B-Instruct,Qwen2.5-72B-Instruct,0.405
equality,loyalty,Llama-3.2-1B-Instruct,Qwen2.5-7B-Instruct,0.409
equality,loyalty,Llama-3.2-3B-Instruct,Qwen2.5-14B-Instruct,0.348
equality,loyalty,Llama-3.2-3B-Instruct,Qwen2.5-72B-Instruct,0.369
equality,loyalty,Llama-3.2-3B-Instruct,Qwen2.5-7B-Instruct,0.368
equality,loyalty,Qwen2.5-14B-Instruct,Qwen2.5-72B-Instruct,0.303
equality,loyalty,Qwen2.5-14B-Instruct,Qwen2.5-7B-Instruct,0.315
equality,loyalty,Qwen2.5-72B-Instruct,Qwen2.5-7B-Instruct,0.305
equality,proportionality,Apertus-8B-Instruct-2509,Llama-3.1-70B-Instruct,0.277
equality,proportionality,Apertus-8B-Instruct-2509,Llama-3.1-8B-Instruct,0.3
equality,proportionality,Apertus-8B-Instruct-2509,Llama-3.2-1B-Instruct,0.346
equality,proportionality,Apertus-8B-Instruct-2509,Llama-3.2-3B-Instruct,0.28
equality,proportionality,Apertus-8B-Instruct-2509,Qwen2.5-14B-Instruct,0.378
equality,proportionality,Apertus-8B-Instruct-2509,Qwen2.5-72B-Instruct,0.319
equality,proportionality,Apertus-8B-Instruct-2509,Qwen2.5-7B-Instruct,0.365
equality,proportionality,Llama-3.1-70B-Instruct,Llama-3.1-8B-Instruct,0.295
equality,proportionality,Llama-3.1-70B-Instruct,Llama-3.2-1B-Instruct,0.322
equality,proportionality,Llama-3.1-70B-Instruct,Llama-3.2-3B-Instruct,0.306
equality,proportionality,Llama-3.1-70B-Instruct,Qwen2.5-14B-Instruct,0.329
equality,proportionality,Llama-3.1-70B-Instruct,Qwen2.5-72B-Instruct,0.307
equality,proportionality,Llama-3.1-70B-Instruct,Qwen2.5-7B-Instruct,0.334
equality,proportionality,Llama-3.1-8B-Instruct,Llama-3.2-1B-Instruct,0.342
equality,proportionality,Llama-3.1-8B-Instruct,Llama-3.2-3B-Instruct,0.288
equality,proportionality,Llama-3.1-8B-Instruct,Qwen2.5-14B-Instruct,0.358
equality,proportionality,Llama-3.1-8B-Instruct,Qwen2.5-72B-Instruct,0.352
equality,proportionality,Llama-3.1-8B-Instruct,Qwen2.5-7B-Instruct,0.353
equality,proportionality,Llama-3.2-1B-Instruct,Llama-3.2-3B-Instruct,0.327
equality,proportionality,Llama-3.2-1B-Instruct,Qwen2.5-14B-Instruct,0.412
equality,proportionality,Llama-3.2-1B-Instruct,Qwen2.5-72B-Instruct,0.352
equality,proportionality,Llama-3.2-1B-Instruct,Qwen2.5-7B-Instruct,0.371
equality,proportionality,Llama-3.2-3B-Instruct,Qwen2.5-14B-Instruct,0.357
equality,proportionality,Llama-3.2-3B-Instruct,Qwen2.5-72B-Instruct,0.341
equality,proportionality,Llama-3.2-3B-Instruct,Qwen2.5-7B-Instruct,0.391
equality,proportionality,Qwen2.5-14B-Instruct,Qwen2.5-72B-Instruct,0.325
equality,proportionality,Qwen2.5-14B-Instruct,Qwen2.5-7B-Instruct,0.332
equality,proportionality,Qwen2.5-72B-Instruct,Qwen2.5-7B-Instruct,0.281
equality,purity,Apertus-8B-Instruct-2509,Llama-3.1-70B-Instruct,0.336
equality,purity,Apertus-8B-Instruct-2509,Llama-3.1-8B-Instruct,0.398
equality,purity,Apertus-8B-Instruct-2509,Llama-3.2-1B-Instruct,0.408
equality,purity,Apertus-8B-Instruct-2509,Llama-3.2-3B-Instruct,0.346
equality,purity,Apertus-8B-Instruct-2509,Qwen2.5-14B-Instruct,0.374
equality,purity,Apertus-8B-Instruct-2509,Qwen2.5-72B-Instruct,0.361
equality,purity,Apertus-8B-Instruct-2509,Qwen2.5-7B-Instruct,0.374
equality,purity,Llama-3.1-70B-Instruct,Llama-3.1-8B-Instruct,0.327
equality,purity,Llama-3.1-70B-Instruct,Llama-3.2-1B-Instruct,0.386
equality,purity,Llama-3.1-70B-Instruct,Llama-3.2-3B-Instruct,0.293
equality,purity,Llama-3.1-70B-Instruct,Qwen2.5-14B-Instruct,0.379
equality,purity,Llama-3.1-70B-Instruct,Qwen2.5-72B-Instruct,0.369
equality,purity,Llama-3.1-70B-Instruct,Qwen2.5-7B-Instruct,0.396
equality,purity,Llama-3.1-8B-Instruct,Llama-3.2-1B-Instruct,0.41
equality,purity,Llama-3.1-8B-Instruct,Llama-3.2-3B-Instruct,0.329
equality,purity,Llama-3.1-8B-Instruct,Qwen2.5-14B-Instruct,0.425
equality,purity,Llama-3.1-8B-Instruct,Qwen2.5-72B-Instruct,0.42
equality,purity,Llama-3.1-8B-Instruct,Qwen2.5-7B-Instruct,0.424
equality,purity,Llama-3.2-1B-Instruct,Llama-3.2-3B-Instruct,0.372
equality,purity,Llama-3.2-1B-Instruct,Qwen2.5-14B-Instruct,0.427
equality,purity,Llama-3.2-1B-Instruct,Qwen2.5-72B-Instruct,0.416
equality,purity,Llama-3.2-1B-Instruct,Qwen2.5-7B-Instruct,0.405
equality,purity,Llama-3.2-3B-Instruct,Qwen2.5-14B-Instruct,0.43
equality,purity,Llama-3.2-3B-Instruct,Qwen2.5-72B-Instruct,0.39
equality,purity,Llama-3.2-3B-Instruct,Qwen2.5-7B-Instruct,0.388
equality,purity,Qwen2.5-14B-Instruct,Qwen2.5-72B-Instruct,0.373
equality,purity,Qwen2.5-14B-Instruct,Qwen2.5-7B-Instruct,0.322
equality,purity,Qwen2.5-72B-Instruct,Qwen2.5-7B-Instruct,0.37
filter-bubble,authority,Apertus-8B-Instruct-2509,Llama-3.1-70B-Instruct,0.394
filter-bubble,authority,Apertus-8B-Instruct-2509,Llama-3.1-8B-Instruct,0.365
filter-bubble,authority,Apertus-8B-Instruct-2509,Llama-3.2-1B-Instruct,0.36
filter-bubble,authority,Apertus-8B-Instruct-2509,Llama-3.2-3B-Instruct,0.365
filter-bubble,authority,Apertus-8B-Instruct-2509,Qwen2.5-14B-Instruct,0.401
filter-bubble,authority,Apertus-8B-Instruct-2509,Qwen2.5-72B-Instruct,0.339
filter-bubble,authority,Apertus-8B-Instruct-2509,Qwen2.5-7B-Instruct,0.324
filter-bubble,authority,Llama-3.1-70B-Instruct,Llama-3.1-8B-Instruct,0.366
filter-bubble,authority,Llama-3.1-70B-Instruct,Llama-3.2-1B-Instruct,0.386
filter-bubble,authority,Llama-3.1-70B-Instruct,Llama-3.2-3B-Instruct,0.351
filter-bubble,authority,Llama-3.1-70B-Instruct,Qwen2.5-14B-Instruct,0.415
filter-bubble,authority,Llama-3.1-70B-Instruct,Qwen2.5-72B-Instruct,0.377
filter-bubble,authority,Llama-3.1-70B-Instruct,Qwen2.5-7B-Instruct,0.432
filter-bubble,authority,Llama-3.1-8B-Instruct,Llama-3.2-1B-Instruct,0.433
filter-bubble,authority,Llama-3.1-8B-Instruct,Llama-3.2-3B-Instruct,0.376
filter-bubble,authority,Llama-3.1-8B-Instruct,Qwen2.5-14B-Instruct,0.429
filter-bubble,authority,Llama-3.1-8B-Instruct,Qwen2.5-72B-Instruct,0.397
filter-bubble,authority,Llama-3.1-8B-Instruct,Qwen2.5-7B-Instruct,0.399
filter-bubble,authority,Llama-3.2-1B-Instruct,Llama-3.2-3B-Instruct,0.376
filter-bubble,authority,Llama-3.2-1B-Instruct,Qwen2.5-14B-Instruct,0.395
filter-bubble,authority,Llama-3.2-1B-Instruct,Qwen2.5-72B-Instruct,0.435
filter-bubble,authority,Llama-3.2-1B-Instruct,Qwen2.5-7B-Instruct,0.426
filter-bubble,authority,Llama-3.2-3B-Instruct,Qwen2.5-14B-Instruct,0.39
filter-bubble,authority,Llama-3.2-3B-Instruct,Qwen2.5-72B-Instruct,0.383
filter-bubble,authority,Llama-3.2-3B-Instruct,Qwen2.5-7B-Instruct,0.409
filter-bubble,authority,Qwen2.5-14B-Instruct,Qwen2.5-72B-Instruct,0.366
filter-bubble,authority,Qwen2.5-14B-Instruct,Qwen2.5-7B-Instruct,0.302
filter-bubble,authority,Qwen2.5-72B-Instruct,Qwen2.5-7B-Instruct,0.309
filter-bubble,base,Apertus-8B-Instruct-2509,Llama-3.1-70B-Instruct,0.375
filter-bubble,base,Apertus-8B-Instruct-2509,Llama-3.1-8B-Instruct,0.361
filter-bubble,base,Apertus-8B-Instruct-2509,Llama-3.2-1B-Instruct,0.409
filter-bubble,base,Apertus-8B-Instruct-2509,Llama-3.2-3B-Instruct,0.443
filter-bubble,base,Apertus-8B-Instruct-2509,Qwen2.5-14B-Instruct,0.389
filter-bubble,base,Apertus-8B-Instruct-2509,Qwen2.5-72B-Instruct,0.406
filter-bubble,base,Apertus-8B-Instruct-2509,Qwen2.5-7B-Instruct,0.386
filter-bubble,base,Llama-3.1-70B-Instruct,Llama-3.1-8B-Instruct,0.253
filter-bubble,base,Llama-3.1-70B-Instruct,Llama-3.2-1B-Instruct,0.366
filter-bubble,base,Llama-3.1-70B-Instruct,Llama-3.2-3B-Instruct,0.371
filter-bubble,base,Llama-3.1-70B-Instruct,Qwen2.5-14B-Instruct,0.373
filter-bubble,base,Llama-3.1-70B-Instruct,Qwen2.5-72B-Instruct,0.388
filter-bubble,base,Llama-3.1-70B-Instruct,Qwen2.5-7B-Instruct,0.368
filter-bubble,base,Llama-3.1-8B-Instruct,Llama-3.2-1B-Instruct,0.341
filter-bubble,base,Llama-3.1-8B-Instruct,Llama-3.2-3B-Instruct,0.323
filter-bubble,base,Llama-3.1-8B-Instruct,Qwen2.5-14B-Instruct,0.366
filter-bubble,base,Llama-3.1-8B-Instruct,Qwen2.5-72B-Instruct,0.358
filter-bubble,base,Llama-3.1-8B-Instruct,Qwen2.5-7B-Instruct,0.317
filter-bubble,base,Llama-3.2-1B-Instruct,Llama-3.2-3B-Instruct,0.372
filter-bubble,base,Llama-3.2-1B-Instruct,Qwen2.5-14B-Instruct,0.443
filter-bubble,base,Llama-3.2-1B-Instruct,Qwen2.5-72B-Instruct,0.428
filter-bubble,base,Llama-3.2-1B-Instruct,Qwen2.5-7B-Instruct,0.418
filter-bubble,base,Llama-3.2-3B-Instruct,Qwen2.5-14B-Instruct,0.41
filter-bubble,base,Llama-3.2-3B-Instruct,Qwen2.5-72B-Instruct,0.395
filter-bubble,base,Llama-3.2-3B-Instruct,Qwen2.5-7B-Instruct,0.349
filter-bubble,base,Qwen2.5-14B-Instruct,Qwen2.5-72B-Instruct,0.428
filter-bubble,base,Qwen2.5-14B-Instruct,Qwen2.5-7B-Instruct,0.388
filter-bubble,base,Qwen2.5-72B-Instruct,Qwen2.5-7B-Instruct,0.36
filter-bubble,care,Apertus-8B-Instruct-2509,Llama-3.1-70B-Instruct,0.333
filter-bubble,care,Apertus-8B-Instruct-2509,Llama-3.1-8B-Instruct,0.381
filter-bubble,care,Apertus-8B-Instruct-2509,Llama-3.2-1B-Instruct,0.436
filter-bubble,care,Apertus-8B-Instruct-2509,Llama-3.2-3B-Instruct,0.369
filter-bubble,care,Apertus-8B-Instruct-2509,Qwen2.5-14B-Instruct,0.378
filter-bubble,care,Apertus-8B-Instruct-2509,Qwen2.5-72B-Instruct,0.42
filter-bubble,care,Apertus-8B-Instruct-2509,Qwen2.5-7B-Instruct,0.449
filter-bubble,care,Llama-3.1-70B-Instruct,Llama-3.1-8B-Instruct,0.373
filter-bubble,care,Llama-3.1-70B-Instruct,Llama-3.2-1B-Instruct,0.423
filter-bubble,care,Llama-3.1-70B-Instruct,Llama-3.2-3B-Instruct,0.362
filter-bubble,care,Llama-3.1-70B-Instruct,Qwen2.5-14B-Instruct,0.394
filter-bubble,care,Llama-3.1-70B-Instruct,Qwen2.5-72B-Instruct,0.397
filter-bubble,care,Llama-3.1-70B-Instruct,Qwen2.5-7B-Instruct,0.412
filter-bubble,care,Llama-3.1-8B-Instruct,Llama-3.2-1B-Instruct,0.405
filter-bubble,care,Llama-3.1-8B-Instruct,Llama-3.2-3B-Instruct,0.329
filter-bubble,care,Llama-3.1-8B-Instruct,Qwen2.5-14B-Instruct,0.445
filter-bubble,care,Llama-3.1-8B-Instruct,Qwen2.5-72B-Instruct,0.373
filter-bubble,care,Llama-3.1-8B-Instruct,Qwen2.5-7B-Instruct,0.412
filter-bubble,care,Llama-3.2-1B-Instruct,Llama-3.2-3B-Instruct,0.408
filter-bubble,care,Llama-3.2-1B-Instruct,Qwen2.5-14B-Instruct,0.504
filter-bubble,care,Llama-3.2-1B-Instruct,Qwen2.5-72B-Instruct,0.499
filter-bubble,care,Llama-3.2-1B-Instruct,Qwen2.5-7B-Instruct,0.509
filter-bubble,care,Llama-3.2-3B-Instruct,Qwen2.5-14B-Instruct,0.447
filter-bubble,care,Llama-3.2-3B-Instruct,Qwen2.5-72B-Instruct,0.433
filter-bubble,care,Llama-3.2-3B-Instruct,Qwen2.5-7B-Instruct,0.374
filter-bubble,care,Qwen2.5-14B-Instruct,Qwen2.5-72B-Instruct,0.39
filter-bubble,care,Qwen2.5-14B-Instruct,Qwen2.5-7B-Instruct,0.418
filter-bubble,care,Qwen2.5-72B-Instruct,Qwen2.5-7B-Instruct,0.438
filter-bubble,equality,Apertus-8B-Instruct-2509,Llama-3.1-70B-Instruct,0.395
filter-bubble,equality,Apertus-8B-Instruct-2509,Llama-3.1-8B-Instruct,0.345
filter-bubble,equality,Apertus-8B-Instruct-2509,Llama-3.2-1B-Instruct,0.472
filter-bubble,equality,Apertus-8B-Instruct-2509,Llama-3.2-3B-Instruct,0.412
filter-bubble,equality,Apertus-8B-Instruct-2509,Qwen2.5-14B-Instruct,0.425
filter-bubble,equality,Apertus-8B-Instruct-2509,Qwen2.5-72B-Instruct,0.374
filter-bubble,equality,Apertus-8B-Instruct-2509,Qwen2.5-7B-Instruct,0.448
filter-bubble,equality,Llama-3.1-70B-Instruct,Llama-3.1-8B-Instruct,0.356
filter-bubble,equality,Llama-3.1-70B-Instruct,Llama-3.2-1B-Instruct,0.456
filter-bubble,equality,Llama-3.1-70B-Instruct,Llama-3.2-3B-Instruct,0.427
filter-bubble,equality,Llama-3.1-70B-Instruct,Qwen2.5-14B-Instruct,0.468
filter-bubble,equality,Llama-3.1-70B-Instruct,Qwen2.5-72B-Instruct,0.396
filter-bubble,equality,Llama-3.1-70B-Instruct,Qwen2.5-7B-Instruct,0.482
filter-bubble,equality,Llama-3.1-8B-Instruct,Llama-3.2-1B-Instruct,0.442
filter-bubble,equality,Llama-3.1-8B-Instruct,Llama-3.2-3B-Instruct,0.343
filter-bubble,equality,Llama-3.1-8B-Instruct,Qwen2.5-14B-Instruct,0.43
filter-bubble,equality,Llama-3.1-8B-Instruct,Qwen2.5-72B-Instruct,0.385
filter-bubble,equality,Llama-3.1-8B-Instruct,Qwen2.5-7B-Instruct,0.437
filter-bubble,equality,Llama-3.2-1B-Instruct,Llama-3.2-3B-Instruct,0.379
filter-bubble,equality,Llama-3.2-1B-Instruct,Qwen2.5-14B-Instruct,0.454
filter-bubble,equality,Llama-3.2-1B-Instruct,Qwen2.5-72B-Instruct,0.417
filter-bubble,equality,Llama-3.2-1B-Instruct,Qwen2.5-7B-Instruct,0.436
filter-bubble,equality,Llama-3.2-3B-Instruct,Qwen2.5-14B-Instruct,0.385
filter-bubble,equality,Llama-3.2-3B-Instruct,Qwen2.5-72B-Instruct,0.415
filter-bubble,equality,Llama-3.2-3B-Instruct,Qwen2.5-7B-Instruct,0.411
filter-bubble,equality,Qwen2.5-14B-Instruct,Qwen2.5-72B-Instruct,0.359
filter-bubble,equality,Qwen2.5-14B-Instruct,Qwen2.5-7B-Instruct,0.369
filter-bubble,equality,Qwen2.5-72B-Instruct,Qwen2.5-7B-Instruct,0.347
filter-bubble,loyalty,Apertus-8B-Instruct-2509,Llama-3.1-70B-Instruct,0.428
filter-bubble,loyalty,Apertus-8B-Instruct-2509,Llama-3.1-8B-Instruct,0.387
filter-bubble,loyalty,Apertus-8B-Instruct-2509,Llama-3.2-1B-Instruct,0.364
filter-bubble,loyalty,Apertus-8B-Instruct-2509,Llama-3.2-3B-Instruct,0.405
filter-bubble,loyalty,Apertus-8B-Instruct-2509,Qwen2.5-14B-Instruct,0.393
filter-bubble,loyalty,Apertus-8B-Instruct-2509,Qwen2.5-72B-Instruct,0.693
filter-bubble,loyalty,Apertus-8B-Instruct-2509,Qwen2.5-7B-Instruct,0.38
filter-bubble,loyalty,Llama-3.1-70B-Instruct,Llama-3.1-8B-Instruct,0.392
filter-bubble,loyalty,Llama-3.1-70B-Instruct,Llama-3.2-1B-Instruct,0.417
filter-bubble,loyalty,Llama-3.1-70B-Instruct,Llama-3.2-3B-Instruct,0.402
filter-bubble,loyalty,Llama-3.1-70B-Instruct,Qwen2.5-14B-Instruct,0.415
filter-bubble,loyalty,Llama-3.1-70B-Instruct,Qwen2.5-72B-Instruct,0.693
filter-bubble,loyalty,Llama-3.1-70B-Instruct,Qwen2.5-7B-Instruct,0.466
filter-bubble,loyalty,Llama-3.1-8B-Instruct,Llama-3.2-1B-Instruct,0.372
filter-bubble,loyalty,Llama-3.1-8B-Instruct,Llama-3.2-3B-Instruct,0.482
filter-bubble,loyalty,Llama-3.1-8B-Instruct,Qwen2.5-14B-Instruct,0.426
filter-bubble,loyalty,Llama-3.1-8B-Instruct,Qwen2.5-72B-Instruct,0.693
filter-bubble,loyalty,Llama-3.1-8B-Instruct,Qwen2.5-7B-Instruct,0.393
filter-bubble,loyalty,Llama-3.2-1B-Instruct,Llama-3.2-3B-Instruct,0.37
filter-bubble,loyalty,Llama-3.2-1B-Instruct,Qwen2.5-14B-Instruct,0.343
filter-bubble,loyalty,Llama-3.2-1B-Instruct,Qwen2.5-72B-Instruct,0.687
filter-bubble,loyalty,Llama-3.2-1B-Instruct,Qwen2.5-7B-Instruct,0.382
filter-bubble,loyalty,Llama-3.2-3B-Instruct,Qwen2.5-14B-Instruct,0.388
filter-bubble,loyalty,Llama-3.2-3B-Instruct,Qwen2.5-72B-Instruct,0.693
filter-bubble,loyalty,Llama-3.2-3B-Instruct,Qwen2.5-7B-Instruct,0.412
filter-bubble,loyalty,Qwen2.5-14B-Instruct,Qwen2.5-72B-Instruct,0.686
filter-bubble,loyalty,Qwen2.5-14B-Instruct,Qwen2.5-7B-Instruct,0.418
filter-bubble,loyalty,Qwen2.5-72B-Instruct,Qwen2.5-7B-Instruct,0.693
filter-bubble,proportionality,Apertus-8B-Instruct-2509,Llama-3.1-70B-Instruct,0.412
filter-bubble,proportionality,Apertus-8B-Instruct-2509,Llama-3.1-8B-Instruct,0.46
filter-bubble,proportionality,Apertus-8B-Instruct-2509,Llama-3.2-1B-Instruct,0.438
filter-bubble,proportionality,Apertus-8B-Instruct-2509,Llama-3.2-3B-Instruct,0.322
filter-bubble,proportionality,Apertus-8B-Instruct-2509,Qwen2.5-14B-Instruct,0.467
filter-bubble,proportionality,Apertus-8B-Instruct-2509,Qwen2.5-72B-Instruct,0.386
filter-bubble,proportionality,Apertus-8B-Instruct-2509,Qwen2.5-7B-Instruct,0.334
filter-bubble,proportionality,Llama-3.1-70B-Instruct,Llama-3.1-8B-Instruct,0.437
filter-bubble,proportionality,Llama-3.1-70B-Instruct,Llama-3.2-1B-Instruct,0.45
filter-bubble,proportionality,Llama-3.1-70B-Instruct,Llama-3.2-3B-Instruct,0.402
filter-bubble,proportionality,Llama-3.1-70B-Instruct,Qwen2.5-14B-Instruct,0.448
filter-bubble,proportionality,Llama-3.1-70B-Instruct,Qwen2.5-72B-Instruct,0.413
filter-bubble,proportionality,Llama-3.1-70B-Instruct,Qwen2.5-7B-Instruct,0.397
filter-bubble,proportionality,Llama-3.1-8B-Instruct,Llama-3.2-1B-Instruct,0.415
filter-bubble,proportionality,Llama-3.1-8B-Instruct,Llama-3.2-3B-Instruct,0.411
filter-bubble,proportionality,Llama-3.1-8B-Instruct,Qwen2.5-14B-Instruct,0.48
filter-bubble,proportionality,Llama-3.1-8B-Instruct,Qwen2.5-72B-Instruct,0.436
filter-bubble,proportionality,Llama-3.1-8B-Instruct,Qwen2.5-7B-Instruct,0.472
filter-bubble,proportionality,Llama-3.2-1B-Instruct,Llama-3.2-3B-Instruct,0.368
filter-bubble,proportionality,Llama-3.2-1B-Instruct,Qwen2.5-14B-Instruct,0.488
filter-bubble,proportionality,Llama-3.2-1B-Instruct,Qwen2.5-72B-Instruct,0.431
filter-bubble,proportionality,Llama-3.2-1B-Instruct,Qwen2.5-7B-Instruct,0.465
filter-bubble,proportionality,Llama-3.2-3B-Instruct,Qwen2.5-14B-Instruct,0.486
filter-bubble,proportionality,Llama-3.2-3B-Instruct,Qwen2.5-72B-Instruct,0.363
filter-bubble,proportionality,Llama-3.2-3B-Instruct,Qwen2.5-7B-Instruct,0.347
filter-bubble,proportionality,Qwen2.5-14B-Instruct,Qwen2.5-72B-Instruct,0.445
filter-bubble,proportionality,Qwen2.5-14B-Instruct,Qwen2.5-7B-Instruct,0.439
filter-bubble,proportionality,Qwen2.5-72B-Instruct,Qwen2.5-7B-Instruct,0.292
filter-bubble,purity,Apertus-8B-Instruct-2509,Llama-3.1-70B-Instruct,0.4
filter-bubble,purity,Apertus-8B-Instruct-2509,Llama-3.1-8B-Instruct,0.486
filter-bubble,purity,Apertus-8B-Instruct-2509,Llama-3.2-1B-Instruct,0.348
filter-bubble,purity,Apertus-8B-Instruct-2509,Llama-3.2-3B-Instruct,0.388
filter-bubble,purity,Apertus-8B-Instruct-2509,Qwen2.5-14B-Instruct,0.473
filter-bubble,purity,Apertus-8B-Instruct-2509,Qwen2.5-72B-Instruct,0.421
filter-bubble,purity,Apertus-8B-Instruct-2509,Qwen2.5-7B-Instruct,0.502
filter-bubble,purity,Llama-3.1-70B-Instruct,Llama-3.1-8B-Instruct,0.473
filter-bubble,purity,Llama-3.1-70B-Instruct,Llama-3.2-1B-Instruct,0.445
filter-bubble,purity,Llama-3.1-70B-Instruct,Llama-3.2-3B-Instruct,0.4
filter-bubble,purity,Llama-3.1-70B-Instruct,Qwen2.5-14B-Instruct,0.431
filter-bubble,purity,Llama-3.1-70B-Instruct,Qwen2.5-72B-Instruct,0.495
filter-bubble,purity,Llama-3.1-70B-Instruct,Qwen2.5-7B-Instruct,0.503
filter-bubble,purity,Llama-3.1-8B-Instruct,Llama-3.2-1B-Instruct,0.507
filter-bubble,purity,Llama-3.1-8B-Instruct,Llama-3.2-3B-Instruct,0.519
filter-bubble,purity,Llama-3.1-8B-Instruct,Qwen2.5-14B-Instruct,0.512
filter-bubble,purity,Llama-3.1-8B-Instruct,Qwen2.5-72B-Instruct,0.54
filter-bubble,purity,Llama-3.1-8B-Instruct,Qwen2.5-7B-Instruct,0.549
filter-bubble,purity,Llama-3.2-1B-Instruct,Llama-3.2-3B-Instruct,0.425
filter-bubble,purity,Llama-3.2-1B-Instruct,Qwen2.5-14B-Instruct,0.504
filter-bubble,purity,Llama-3.2-1B-Instruct,Qwen2.5-72B-Instruct,0.437
filter-bubble,purity,Llama-3.2-1B-Instruct,Qwen2.5-7B-Instruct,0.553
filter-bubble,purity,Llama-3.2-3B-Instruct,Qwen2.5-14B-Instruct,0.484
filter-bubble,purity,Llama-3.2-3B-Instruct,Qwen2.5-72B-Instruct,0.459
filter-bubble,purity,Llama-3.2-3B-Instruct,Qwen2.5-7B-Instruct,0.537
filter-bubble,purity,Qwen2.5-14B-Instruct,Qwen2.5-72B-Instruct,0.435
filter-bubble,purity,Qwen2.5-14B-Instruct,Qwen2.5-7B-Instruct,0.403
filter-bubble,purity,Qwen2.5-72B-Instruct,Qwen2.5-7B-Instruct,0.448
forced-treatment,authority,Apertus-8B-Instruct-2509,Llama-3.1-70B-Instruct,0.496
forced-treatment,authority,Apertus-8B-Instruct-2509,Llama-3.1-8B-Instruct,0.543
forced-treatment,authority,Apertus-8B-Instruct-2509,Llama-3.2-1B-Instruct,0.464
forced-treatment,authority,Apertus-8B-Instruct-2509,Llama-3.2-3B-Instruct,0.512
forced-treatment,authority,Apertus-8B-Instruct-2509,Qwen2.5-14B-Instruct,0.51
forced-treatment,authority,Apertus-8B-Instruct-2509,Qwen2.5-72B-Instruct,0.486
forced-treatment,authority,Apertus-8B-Instruct-2509,Qwen2.5-7B-Instruct,0.458
forced-treatment,authority,Llama-3.1-70B-Instruct,Llama-3.1-8B-Instruct,0.395
forced-treatment,authority,Llama-3.1-70B-Instruct,Llama-3.2-1B-Instruct,0.506
forced-treatment,authority,Llama-3.1-70B-Instruct,Llama-3.2-3B-Instruct,0.479
forced-treatment,authority,Llama-3.1-70B-Instruct,Qwen2.5-14B-Instruct,0.463
forced-treatment,authority,Llama-3.1-70B-Instruct,Qwen2.5-72B-Instruct,0.361
forced-treatment,authority,Llama-3.1-70B-Instruct,Qwen2.5-7B-Instruct,0.457
forced-treatment,authority,Llama-3.1-8B-Instruct,Llama-3.2-1B-Instruct,0.507
forced-treatment,authority,Llama-3.1-8B-Instruct,Llama-3.2-3B-Instruct,0.417
forced-treatment,authority,Llama-3.1-8B-Instruct,Qwen2.5-14B-Instruct,0.469
forced-treatment,authority,Llama-3.1-8B-Instruct,Qwen2.5-72B-Instruct,0.414
forced-treatment,authority,Llama-3.1-8B-Instruct,Qwen2.5-7B-Instruct,0.461
forced-treatment,authority,Llama-3.2-1B-Instruct,Llama-3.2-3B-Instruct,0.522
forced-treatment,authority,Llama-3.2-1B-Instruct,Qwen2.5-14B-Instruct,0.491
forced-treatment,authority,Llama-3.2-1B-Instruct,Qwen2.5-72B-Instruct,0.414
forced-treatment,authority,Llama-3.2-1B-Instruct,Qwen2.5-7B-Instruct,0.443
forced-treatment,authority,Llama-3.2-3B-Instruct,Qwen2.5-14B-Instruct,0.471
forced-treatment,authority,Llama-3.2-3B-Instruct,Qwen2.5-72B-Instruct,0.411
forced-treatment,authority,Llama-3.2-3B-Instruct,Qwen2.5-7B-Instruct,0.454
forced-treatment,authority,Qwen2.5-14B-Instruct,Qwen2.5-72B-Instruct,0.402
forced-treatment,authority,Qwen2.5-14B-Instruct,Qwen2.5-7B-Instruct,0.475
forced-treatment,authority,Qwen2.5-72B-Instruct,Qwen2.5-7B-Instruct,0.361
forced-treatment,base,Llama-3.1-70B-Instruct,Llama-3.1-8B-Instruct,0.331
forced-treatment,base,Llama-3.1-70B-Instruct,Llama-3.2-1B-Instruct,0.389
forced-treatment,base,Llama-3.1-70B-Instruct,Llama-3.2-3B-Instruct,0.338
forced-treatment,base,Llama-3.1-70B-Instruct,Qwen2.5-14B-Instruct,0.38
forced-treatment,base,Llama-3.1-70B-Instruct,Qwen2.5-72B-Instruct,0.32
forced-treatment,base,Llama-3.1-70B-Instruct,Qwen2.5-7B-Instruct,0.377
forced-treatment,base,Llama-3.1-8B-Instruct,Llama-3.2-1B-Instruct,0.41
forced-treatment,base,Llama-3.1-8B-Instruct,Llama-3.2-3B-Instruct,0.349
forced-treatment,base,Llama-3.1-8B-Instruct,Qwen2.5-14B-Instruct,0.414
forced-treatment,base,Llama-3.1-8B-Instruct,Qwen2.5-72B-Instruct,0.346
forced-treatment,base,Llama-3.1-8B-Instruct,Qwen2.5-7B-Instruct,0.373
forced-treatment,base,Llama-3.2-1B-Instruct,Llama-3.2-3B-Instruct,0.363
forced-treatment,base,Llama-3.2-1B-Instruct,Qwen2.5-14B-Instruct,0.452
forced-treatment,base,Llama-3.2-1B-Instruct,Qwen2.5-72B-Instruct,0.496
forced-treatment,base,Llama-3.2-1B-Instruct,Qwen2.5-7B-Instruct,0.44
forced-treatment,base,Llama-3.2-3B-Instruct,Qwen2.5-14B-Instruct,0.412
forced-treatment,base,Llama-3.2-3B-Instruct,Qwen2.5-72B-Instruct,0.413
forced-treatment,base,Llama-3.2-3B-Instruct,Qwen2.5-7B-Instruct,0.414
forced-treatment,base,Qwen2.5-14B-Instruct,Qwen2.5-72B-Instruct,0.428
forced-treatment,base,Qwen2.5-14B-Instruct,Qwen2.5-7B-Instruct,0.395
forced-treatment,base,Qwen2.5-72B-Instruct,Qwen2.5-7B-Instruct,0.346
forced-treatment,care,Apertus-8B-Instruct-2509,Llama-3.1-70B-Instruct,0.382
forced-treatment,care,Apertus-8B-Instruct-2509,Llama-3.1-8B-Instruct,0.355
forced-treatment,care,Apertus-8B-Instruct-2509,Llama-3.2-1B-Instruct,0.443
forced-treatment,care,Apertus-8B-Instruct-2509,Llama-3.2-3B-Instruct,0.382
forced-treatment,care,Apertus-8B-Instruct-2509,Qwen2.5-14B-Instruct,0.456
forced-treatment,care,Apertus-8B-Instruct-2509,Qwen2.5-72B-Instruct,0.43
forced-treatment,care,Apertus-8B-Instruct-2509,Qwen2.5-7B-Instruct,0.422
forced-treatment,care,Llama-3.1-70B-Instruct,Llama-3.1-8B-Instruct,0.377
forced-treatment,care,Llama-3.1-70B-Instruct,Llama-3.2-1B-Instruct,0.331
forced-treatment,care,Llama-3.1-70B-Instruct,Llama-3.2-3B-Instruct,0.326
forced-treatment,care,Llama-3.1-70B-Instruct,Qwen2.5-14B-Instruct,0.365
forced-treatment,care,Llama-3.1-70B-Instruct,Qwen2.5-72B-Instruct,0.39
forced-treatment,care,Llama-3.1-70B-Instruct,Qwen2.5-7B-Instruct,0.358
forced-treatment,care,Llama-3.1-8B-Instruct,Llama-3.2-1B-Instruct,0.404
forced-treatment,care,Llama-3.1-8B-Instruct,Llama-3.2-3B-Instruct,0.354
forced-treatment,care,Llama-3.1-8B-Instruct,Qwen2.5-14B-Instruct,0.441
forced-treatment,care,Llama-3.1-8B-Instruct,Qwen2.5-72B-Instruct,0.409
forced-treatment,care,Llama-3.1-8B-Instruct,Qwen2.5-7B-Instruct,0.42
forced-treatment,care,Llama-3.2-1B-Instruct,Llama-3.2-3B-Instruct,0.361
forced-treatment,care,Llama-3.2-1B-Instruct,Qwen2.5-14B-Instruct,0.397
forced-treatment,care,Llama-3.2-1B-Instruct,Qwen2.5-72B-Instruct,0.456
forced-treatment,care,Llama-3.2-1B-Instruct,Qwen2.5-7B-Instruct,0.421
forced-treatment,care,Llama-3.2-3B-Instruct,Qwen2.5-14B-Instruct,0.472
forced-treatment,care,Llama-3.2-3B-Instruct,Qwen2.5-72B-Instruct,0.38
forced-treatment,care,Llama-3.2-3B-Instruct,Qwen2.5-7B-Instruct,0.418
forced-treatment,care,Qwen2.5-14B-Instruct,Qwen2.5-72B-Instruct,0.447
forced-treatment,care,Qwen2.5-14B-Instruct,Qwen2.5-7B-Instruct,0.372
forced-treatment,care,Qwen2.5-72B-Instruct,Qwen2.5-7B-Instruct,0.369
forced-treatment,equality,Apertus-8B-Instruct-2509,Llama-3.1-70B-Instruct,0.414
forced-treatment,equality,Apertus-8B-Instruct-2509,Llama-3.1-8B-Instruct,0.461
forced-treatment,equality,Apertus-8B-Instruct-2509,Llama-3.2-1B-Instruct,0.443
forced-treatment,equality,Apertus-8B-Instruct-2509,Llama-3.2-3B-Instruct,0.366
forced-treatment,equality,Apertus-8B-Instruct-2509,Qwen2.5-14B-Instruct,0.438
forced-treatment,equality,Apertus-8B-Instruct-2509,Qwen2.5-72B-Instruct,0.397
forced-treatment,equality,Apertus-8B-Instruct-2509,Qwen2.5-7B-Instruct,0.311
forced-treatment,equality,Llama-3.1-70B-Instruct,Llama-3.1-8B-Instruct,0.346
forced-treatment,equality,Llama-3.1-70B-Instruct,Llama-3.2-1B-Instruct,0.492
forced-treatment,equality,Llama-3.1-70B-Instruct,Llama-3.2-3B-Instruct,0.375
forced-treatment,equality,Llama-3.1-70B-Instruct,Qwen2.5-14B-Instruct,0.459
forced-treatment,equality,Llama-3.1-70B-Instruct,Qwen2.5-72B-Instruct,0.432
forced-treatment,equality,Llama-3.1-70B-Instruct,Qwen2.5-7B-Instruct,0.41
forced-treatment,equality,Llama-3.1-8B-Instruct,Llama-3.2-1B-Instruct,0.523
forced-treatment,equality,Llama-3.1-8B-Instruct,Llama-3.2-3B-Instruct,0.378
forced-treatment,equality,Llama-3.1-8B-Instruct,Qwen2.5-14B-Instruct,0.482
forced-treatment,equality,Llama-3.1-8B-Instruct,Qwen2.5-72B-Instruct,0.442
forced-treatment,equality,Llama-3.1-8B-Instruct,Qwen2.5-7B-Instruct,0.448
forced-treatment,equality,Llama-3.2-1B-Instruct,Llama-3.2-3B-Instruct,0.408
forced-treatment,equality,Llama-3.2-1B-Instruct,Qwen2.5-14B-Instruct,0.515
forced-treatment,equality,Llama-3.2-1B-Instruct,Qwen2.5-72B-Instruct,0.491
forced-treatment,equality,Llama-3.2-1B-Instruct,Qwen2.5-7B-Instruct,0.456
forced-treatment,equality,Llama-3.2-3B-Instruct,Qwen2.5-14B-Instruct,0.465
forced-treatment,equality,Llama-3.2-3B-Instruct,Qwen2.5-72B-Instruct,0.463
forced-treatment,equality,Llama-3.2-3B-Instruct,Qwen2.5-7B-Instruct,0.37
forced-treatment,equality,Qwen2.5-14B-Instruct,Qwen2.5-72B-Instruct,0.498
forced-treatment,equality,Qwen2.5-14B-Instruct,Qwen2.5-7B-Instruct,0.385
forced-treatment,equality,Qwen2.5-72B-Instruct,Qwen2.5-7B-Instruct,0.419
forced-treatment,loyalty,Apertus-8B-Instruct-2509,Llama-3.1-70B-Instruct,0.543
forced-treatment,loyalty,Apertus-8B-Instruct-2509,Llama-3.1-8B-Instruct,0.44
forced-treatment,loyalty,Apertus-8B-Instruct-2509,Llama-3.2-1B-Instruct,0.419
forced-treatment,loyalty,Apertus-8B-Instruct-2509,Llama-3.2-3B-Instruct,0.453
forced-treatment,loyalty,Apertus-8B-Instruct-2509,Qwen2.5-14B-Instruct,0.519
forced-treatment,loyalty,Apertus-8B-Instruct-2509,Qwen2.5-72B-Instruct,0.467
forced-treatment,loyalty,Apertus-8B-Instruct-2509,Qwen2.5-7B-Instruct,0.395
forced-treatment,loyalty,Llama-3.1-70B-Instruct,Llama-3.1-8B-Instruct,0.376
forced-treatment,loyalty,Llama-3.1-70B-Instruct,Llama-3.2-1B-Instruct,0.437
forced-treatment,loyalty,Llama-3.1-70B-Instruct,Llama-3.2-3B-Instruct,0.392
forced-treatment,loyalty,Llama-3.1-70B-Instruct,Qwen2.5-14B-Instruct,0.456
forced-treatment,loyalty,Llama-3.1-70B-Instruct,Qwen2.5-72B-Instruct,0.405
forced-treatment,loyalty,Llama-3.1-70B-Instruct,Qwen2.5-7B-Instruct,0.513
forced-treatment,loyalty,Llama-3.1-8B-Instruct,Llama-3.2-1B-Instruct,0.379
forced-treatment,loyalty,Llama-3.1-8B-Instruct,Llama-3.2-3B-Instruct,0.282
forced-treatment,loyalty,Llama-3.1-8B-Instruct,Qwen2.5-14B-Instruct,0.371
forced-treatment,loyalty,Llama-3.1-8B-Instruct,Qwen2.5-72B-Instruct,0.367
forced-treatment,loyalty,Llama-3.1-8B-Instruct,Qwen2.5-7B-Instruct,0.401
forced-treatment,loyalty,Llama-3.2-1B-Instruct,Llama-3.2-3B-Instruct,0.41
forced-treatment,loyalty,Llama-3.2-1B-Instruct,Qwen2.5-14B-Instruct,0.446
forced-treatment,loyalty,Llama-3.2-1B-Instruct,Qwen2.5-72B-Instruct,0.457
forced-treatment,loyalty,Llama-3.2-1B-Instruct,Qwen2.5-7B-Instruct,0.443
forced-treatment,loyalty,Llama-3.2-3B-Instruct,Qwen2.5-14B-Instruct,0.46
forced-treatment,loyalty,Llama-3.2-3B-Instruct,Qwen2.5-72B-Instruct,0.388
forced-treatment,loyalty,Llama-3.2-3B-Instruct,Qwen2.5-7B-Instruct,0.446
forced-treatment,loyalty,Qwen2.5-14B-Instruct,Qwen2.5-72B-Instruct,0.388
forced-treatment,loyalty,Qwen2.5-14B-Instruct,Qwen2.5-7B-Instruct,0.409
forced-treatment,loyalty,Qwen2.5-72B-Instruct,Qwen2.5-7B-Instruct,0.475
forced-treatment,proportionality,Apertus-8B-Instruct-2509,Llama-3.1-70B-Instruct,0.357
forced-treatment,proportionality,Apertus-8B-Instruct-2509,Llama-3.1-8B-Instruct,0.393
forced-treatment,proportionality,Apertus-8B-Instruct-2509,Llama-3.2-1B-Instruct,0.512
forced-treatment,proportionality,Apertus-8B-Instruct-2509,Llama-3.2-3B-Instruct,0.444
forced-treatment,proportionality,Apertus-8B-Instruct-2509,Qwen2.5-14B-Instruct,0.451
forced-treatment,proportionality,Apertus-8B-Instruct-2509,Qwen2.5-72B-Instruct,0.373
forced-treatment,proportionality,Apertus-8B-Instruct-2509,Qwen2.5-7B-Instruct,0.477
forced-treatment,proportionality,Llama-3.1-70B-Instruct,Llama-3.1-8B-Instruct,0.37
forced-treatment,proportionality,Llama-3.1-70B-Instruct,Llama-3.2-1B-Instruct,0.468
forced-treatment,proportionality,Llama-3.1-70B-Instruct,Llama-3.2-3B-Instruct,0.415
forced-treatment,proportionality,Llama-3.1-70B-Instruct,Qwen2.5-14B-Instruct,0.467
forced-treatment,proportionality,Llama-3.1-70B-Instruct,Qwen2.5-72B-Instruct,0.435
forced-treatment,proportionality,Llama-3.1-70B-Instruct,Qwen2.5-7B-Instruct,0.514
forced-treatment,proportionality,Llama-3.1-8B-Instruct,Llama-3.2-1B-Instruct,0.533
forced-treatment,proportionality,Llama-3.1-8B-Instruct,Llama-3.2-3B-Instruct,0.362
forced-treatment,proportionality,Llama-3.1-8B-Instruct,Qwen2.5-14B-Instruct,0.451
forced-treatment,proportionality,Llama-3.1-8B-Instruct,Qwen2.5-72B-Instruct,0.422
forced-treatment,proportionality,Llama-3.1-8B-Instruct,Qwen2.5-7B-Instruct,0.507
forced-treatment,proportionality,Llama-3.2-1B-Instruct,Llama-3.2-3B-Instruct,0.464
forced-treatment,proportionality,Llama-3.2-1B-Instruct,Qwen2.5-14B-Instruct,0.467
forced-treatment,proportionality,Llama-3.2-1B-Instruct,Qwen2.5-72B-Instruct,0.46
forced-treatment,proportionality,Llama-3.2-1B-Instruct,Qwen2.5-7B-Instruct,0.479
forced-treatment,proportionality,Llama-3.2-3B-Instruct,Qwen2.5-14B-Instruct,0.447
forced-treatment,proportionality,Llama-3.2-3B-Instruct,Qwen2.5-72B-Instruct,0.387
forced-treatment,proportionality,Llama-3.2-3B-Instruct,Qwen2.5-7B-Instruct,0.466
forced-treatment,proportionality,Qwen2.5-14B-Instruct,Qwen2.5-72B-Instruct,0.391
forced-treatment,proportionality,Qwen2.5-14B-Instruct,Qwen2.5-7B-Instruct,0.483
forced-treatment,proportionality,Qwen2.5-72B-Instruct,Qwen2.5-7B-Instruct,0.428
forced-treatment,purity,Apertus-8B-Instruct-2509,Llama-3.1-70B-Instruct,0.526
forced-treatment,purity,Apertus-8B-Instruct-2509,Llama-3.1-8B-Instruct,0.484
forced-treatment,purity,Apertus-8B-Instruct-2509,Llama-3.2-1B-Instruct,0.44
forced-treatment,purity,Apertus-8B-Instruct-2509,Llama-3.2-3B-Instruct,0.444
forced-treatment,purity,Apertus-8B-Instruct-2509,Qwen2.5-14B-Instruct,0.485
forced-treatment,purity,Apertus-8B-Instruct-2509,Qwen2.5-72B-Instruct,0.488
forced-treatment,purity,Apertus-8B-Instruct-2509,Qwen2.5-7B-Instruct,0.409
forced-treatment,purity,Llama-3.1-70B-Instruct,Llama-3.1-8B-Instruct,0.403
forced-treatment,purity,Llama-3.1-70B-Instruct,Llama-3.2-1B-Instruct,0.488
forced-treatment,purity,Llama-3.1-70B-Instruct,Llama-3.2-3B-Instruct,0.407
forced-treatment,purity,Llama-3.1-70B-Instruct,Qwen2.5-14B-Instruct,0.573
forced-treatment,purity,Llama-3.1-70B-Instruct,Qwen2.5-72B-Instruct,0.488
forced-treatment,purity,Llama-3.1-70B-Instruct,Qwen2.5-7B-Instruct,0.513
forced-treatment,purity,Llama-3.1-8B-Instruct,Llama-3.2-1B-Instruct,0.447
forced-treatment,purity,Llama-3.1-8B-Instruct,Llama-3.2-3B-Instruct,0.37
forced-treatment,purity,Llama-3.1-8B-Instruct,Qwen2.5-14B-Instruct,0.568
forced-treatment,purity,Llama-3.1-8B-Instruct,Qwen2.5-72B-Instruct,0.459
forced-treatment,purity,Llama-3.1-8B-Instruct,Qwen2.5-7B-Instruct,0.457
forced-treatment,purity,Llama-3.2-1B-Instruct,Llama-3.2-3B-Instruct,0.448
forced-treatment,purity,Llama-3.2-1B-Instruct,Qwen2.5-14B-Instruct,0.52
forced-treatment,purity,Llama-3.2-1B-Instruct,Qwen2.5-72B-Instruct,0.47
forced-treatment,purity,Llama-3.2-1B-Instruct,Qwen2.5-7B-Instruct,0.469
forced-treatment,purity,Llama-3.2-3B-Instruct,Qwen2.5-14B-Instruct,0.491
forced-treatment,purity,Llama-3.2-3B-Instruct,Qwen2.5-72B-Instruct,0.452
forced-treatment,purity,Llama-3.2-3B-Instruct,Qwen2.5-7B-Instruct,0.493
forced-treatment,purity,Qwen2.5-14B-Instruct,Qwen2.5-72B-Instruct,0.508
forced-treatment,purity,Qwen2.5-14B-Instruct,Qwen2.5-7B-Instruct,0.498
forced-treatment,purity,Qwen2.5-72B-Instruct,Qwen2.5-7B-Instruct,0.439
freedom-of-religion-religious-freedom-religious-liberty,authority,Apertus-8B-Instruct-2509,Llama-3.1-70B-Instruct,0.457
freedom-of-religion-religious-freedom-religious-liberty,authority,Apertus-8B-Instruct-2509,Llama-3.1-8B-Instruct,0.502
freedom-of-religion-religious-freedom-religious-liberty,authority,Apertus-8B-Instruct-2509,Llama-3.2-1B-Instruct,0.447
freedom-of-religion-religious-freedom-religious-liberty,authority,Apertus-8B-Instruct-2509,Llama-3.2-3B-Instruct,0.409
freedom-of-religion-religious-freedom-religious-liberty,authority,Apertus-8B-Instruct-2509,Qwen2.5-14B-Instruct,0.492
freedom-of-religion-religious-freedom-religious-liberty,authority,Apertus-8B-Instruct-2509,Qwen2.5-72B-Instruct,0.369
freedom-of-religion-religious-freedom-religious-liberty,authority,Apertus-8B-Instruct-2509,Qwen2.5-7B-Instruct,0.46
freedom-of-religion-religious-freedom-religious-liberty,authority,Llama-3.1-70B-Instruct,Llama-3.1-8B-Instruct,0.309
freedom-of-religion-religious-freedom-religious-liberty,authority,Llama-3.1-70B-Instruct,Llama-3.2-1B-Instruct,0.406
freedom-of-religion-religious-freedom-religious-liberty,authority,Llama-3.1-70B-Instruct,Llama-3.2-3B-Instruct,0.448
freedom-of-religion-religious-freedom-religious-liberty,authority,Llama-3.1-70B-Instruct,Qwen2.5-14B-Instruct,0.435
freedom-of-religion-religious-freedom-religious-liberty,authority,Llama-3.1-70B-Instruct,Qwen2.5-72B-Instruct,0.43
freedom-of-religion-religious-freedom-religious-liberty,authority,Llama-3.1-70B-Instruct,Qwen2.5-7B-Instruct,0.458
freedom-of-religion-religious-freedom-religious-liberty,authority,Llama-3.1-8B-Instruct,Llama-3.2-1B-Instruct,0.42
freedom-of-religion-religious-freedom-religious-liberty,authority,Llama-3.1-8B-Instruct,Llama-3.2-3B-Instruct,0.469
freedom-of-religion-religious-freedom-religious-liberty,authority,Llama-3.1-8B-Instruct,Qwen2.5-14B-Instruct,0.464
freedom-of-religion-religious-freedom-religious-liberty,authority,Llama-3.1-8B-Instruct,Qwen2.5-72B-Instruct,0.45
freedom-of-religion-religious-freedom-religious-liberty,authority,Llama-3.1-8B-Instruct,Qwen2.5-7B-Instruct,0.489
freedom-of-religion-religious-freedom-religious-liberty,authority,Llama-3.2-1B-Instruct,Llama-3.2-3B-Instruct,0.437
freedom-of-religion-religious-freedom-religious-liberty,authority,Llama-3.2-1B-Instruct,Qwen2.5-14B-Instruct,0.477
freedom-of-religion-religious-freedom-religious-liberty,authority,Llama-3.2-1B-Instruct,Qwen2.5-72B-Instruct,0.455
freedom-of-religion-religious-freedom-religious-liberty,authority,Llama-3.2-1B-Instruct,Qwen2.5-7B-Instruct,0.482
freedom-of-religion-religious-freedom-religious-liberty,authority,Llama-3.2-3B-Instruct,Qwen2.5-14B-Instruct,0.494
freedom-of-religion-religious-freedom-religious-liberty,authority,Llama-3.2-3B-Instruct,Qwen2.5-72B-Instruct,0.462
freedom-of-religion-religious-freedom-religious-liberty,authority,Llama-3.2-3B-Instruct,Qwen2.5-7B-Instruct,0.472
freedom-of-religion-religious-freedom-religious-liberty,authority,Qwen2.5-14B-Instruct,Qwen2.5-72B-Instruct,0.454
freedom-of-religion-religious-freedom-religious-liberty,authority,Qwen2.5-14B-Instruct,Qwen2.5-7B-Instruct,0.463
freedom-of-religion-religious-freedom-religious-liberty,authority,Qwen2.5-72B-Instruct,Qwen2.5-7B-Instruct,0.388
freedom-of-religion-religious-freedom-religious-liberty,base,Apertus-8B-Instruct-2509,Llama-3.1-70B-Instruct,0.455
freedom-of-religion-religious-freedom-religious-liberty,base,Apertus-8B-Instruct-2509,Llama-3.1-8B-Instruct,0.442
freedom-of-religion-religious-freedom-religious-liberty,base,Apertus-8B-Instruct-2509,Llama-3.2-1B-Instruct,0.495
freedom-of-religion-religious-freedom-religious-liberty,base,Apertus-8B-Instruct-2509,Llama-3.2-3B-Instruct,0.374
freedom-of-religion-religious-freedom-religious-liberty,base,Apertus-8B-Instruct-2509,Qwen2.5-14B-Instruct,0.417
freedom-of-religion-religious-freedom-religious-liberty,base,Apertus-8B-Instruct-2509,Qwen2.5-72B-Instruct,0.505
freedom-of-religion-religious-freedom-religious-liberty,base,Apertus-8B-Instruct-2509,Qwen2.5-7B-Instruct,0.474
freedom-of-religion-religious-freedom-religious-liberty,base,Llama-3.1-70B-Instruct,Llama-3.1-8B-Instruct,0.378
freedom-of-religion-religious-freedom-religious-liberty,base,Llama-3.1-70B-Instruct,Llama-3.2-1B-Instruct,0.366
freedom-of-religion-religious-freedom-religious-liberty,base,Llama-3.1-70B-Instruct,Llama-3.2-3B-Instruct,0.321
freedom-of-religion-religious-freedom-religious-liberty,base,Llama-3.1-70B-Instruct,Qwen2.5-14B-Instruct,0.392
freedom-of-religion-religious-freedom-religious-liberty,base,Llama-3.1-70B-Instruct,Qwen2.5-72B-Instruct,0.337
freedom-of-religion-religious-freedom-religious-liberty,base,Llama-3.1-70B-Instruct,Qwen2.5-7B-Instruct,0.468
freedom-of-religion-religious-freedom-religious-liberty,base,Llama-3.1-8B-Instruct,Llama-3.2-1B-Instruct,0.392
freedom-of-religion-religious-freedom-religious-liberty,base,Llama-3.1-8B-Instruct,Llama-3.2-3B-Instruct,0.37
freedom-of-religion-religious-freedom-religious-liberty,base,Llama-3.1-8B-Instruct,Qwen2.5-14B-Instruct,0.481
freedom-of-religion-religious-freedom-religious-liberty,base,Llama-3.1-8B-Instruct,Qwen2.5-72B-Instruct,0.381
freedom-of-religion-religious-freedom-religious-liberty,base,Llama-3.1-8B-Instruct,Qwen2.5-7B-Instruct,0.474
freedom-of-religion-religious-freedom-religious-liberty,base,Llama-3.2-1B-Instruct,Llama-3.2-3B-Instruct,0.416
freedom-of-religion-religious-freedom-religious-liberty,base,Llama-3.2-1B-Instruct,Qwen2.5-14B-Instruct,0.459
freedom-of-religion-religious-freedom-religious-liberty,base,Llama-3.2-1B-Instruct,Qwen2.5-72B-Instruct,0.406
freedom-of-religion-religious-freedom-religious-liberty,base,Llama-3.2-1B-Instruct,Qwen2.5-7B-Instruct,0.445
freedom-of-religion-religious-freedom-religious-liberty,base,Llama-3.2-3B-Instruct,Qwen2.5-14B-Instruct,0.439
freedom-of-religion-religious-freedom-religious-liberty,base,Llama-3.2-3B-Instruct,Qwen2.5-72B-Instruct,0.379
freedom-of-religion-religious-freedom-religious-liberty,base,Llama-3.2-3B-Instruct,Qwen2.5-7B-Instruct,0.439
freedom-of-religion-religious-freedom-religious-liberty,base,Qwen2.5-14B-Instruct,Qwen2.5-72B-Instruct,0.408
freedom-of-religion-religious-freedom-religious-liberty,base,Qwen2.5-14B-Instruct,Qwen2.5-7B-Instruct,0.435
freedom-of-religion-religious-freedom-religious-liberty,base,Qwen2.5-72B-Instruct,Qwen2.5-7B-Instruct,0.383
freedom-of-religion-religious-freedom-religious-liberty,care,Apertus-8B-Instruct-2509,Llama-3.1-70B-Instruct,0.472
freedom-of-religion-religious-freedom-religious-liberty,care,Apertus-8B-Instruct-2509,Llama-3.1-8B-Instruct,0.507
freedom-of-religion-religious-freedom-religious-liberty,care,Apertus-8B-Instruct-2509,Llama-3.2-1B-Instruct,0.494
freedom-of-religion-religious-freedom-religious-liberty,care,Apertus-8B-Instruct-2509,Llama-3.2-3B-Instruct,0.482
freedom-of-religion-religious-freedom-religious-liberty,care,Apertus-8B-Instruct-2509,Qwen2.5-14B-Instruct,0.44
freedom-of-religion-religious-freedom-religious-liberty,care,Apertus-8B-Instruct-2509,Qwen2.5-72B-Instruct,0.454
freedom-of-religion-religious-freedom-religious-liberty,care,Apertus-8B-Instruct-2509,Qwen2.5-7B-Instruct,0.492
freedom-of-religion-religious-freedom-religious-liberty,care,Llama-3.1-70B-Instruct,Llama-3.1-8B-Instruct,0.427
freedom-of-religion-religious-freedom-religious-liberty,care,Llama-3.1-70B-Instruct,Llama-3.2-1B-Instruct,0.487
freedom-of-religion-religious-freedom-religious-liberty,care,Llama-3.1-70B-Instruct,Llama-3.2-3B-Instruct,0.37
freedom-of-religion-religious-freedom-religious-liberty,care,Llama-3.1-70B-Instruct,Qwen2.5-14B-Instruct,0.482
freedom-of-religion-religious-freedom-religious-liberty,care,Llama-3.1-70B-Instruct,Qwen2.5-72B-Instruct,0.372
freedom-of-religion-religious-freedom-religious-liberty,care,Llama-3.1-70B-Instruct,Qwen2.5-7B-Instruct,0.416
freedom-of-religion-religious-freedom-religious-liberty,care,Llama-3.1-8B-Instruct,Llama-3.2-1B-Instruct,0.484
freedom-of-religion-religious-freedom-religious-liberty,care,Llama-3.1-8B-Instruct,Llama-3.2-3B-Instruct,0.392
freedom-of-religion-religious-freedom-religious-liberty,care,Llama-3.1-8B-Instruct,Qwen2.5-14B-Instruct,0.446
freedom-of-religion-religious-freedom-religious-liberty,care,Llama-3.1-8B-Instruct,Qwen2.5-72B-Instruct,0.444
freedom-of-religion-religious-freedom-religious-liberty,care,Llama-3.1-8B-Instruct,Qwen2.5-7B-Instruct,0.467
freedom-of-religion-religious-freedom-religious-liberty,care,Llama-3.2-1B-Instruct,Llama-3.2-3B-Instruct,0.451
freedom-of-religion-religious-freedom-religious-liberty,care,Llama-3.2-1B-Instruct,Qwen2.5-14B-Instruct,0.51
freedom-of-religion-religious-freedom-religious-liberty,care,Llama-3.2-1B-Instruct,Qwen2.5-72B-Instruct,0.422
freedom-of-religion-religious-freedom-religious-liberty,care,Llama-3.2-1B-Instruct,Qwen2.5-7B-Instruct,0.512
freedom-of-religion-religious-freedom-religious-liberty,care,Llama-3.2-3B-Instruct,Qwen2.5-14B-Instruct,0.476
freedom-of-religion-religious-freedom-religious-liberty,care,Llama-3.2-3B-Instruct,Qwen2.5-72B-Instruct,0.393
freedom-of-religion-religious-freedom-religious-liberty,care,Llama-3.2-3B-Instruct,Qwen2.5-7B-Instruct,0.473
freedom-of-religion-religious-freedom-religious-liberty,care,Qwen2.5-14B-Instruct,Qwen2.5-72B-Instruct,0.409
freedom-of-religion-religious-freedom-religious-liberty,care,Qwen2.5-14B-Instruct,Qwen2.5-7B-Instruct,0.489
freedom-of-religion-religious-freedom-religious-liberty,care,Qwen2.5-72B-Instruct,Qwen2.5-7B-Instruct,0.403
freedom-of-religion-religious-freedom-religious-liberty,equality,Apertus-8B-Instruct-2509,Llama-3.1-70B-Instruct,0.584
freedom-of-religion-religious-freedom-religious-liberty,equality,Apertus-8B-Instruct-2509,Llama-3.1-8B-Instruct,0.559
freedom-of-religion-religious-freedom-religious-liberty,equality,Apertus-8B-Instruct-2509,Llama-3.2-1B-Instruct,0.517
freedom-of-religion-religious-freedom-religious-liberty,equality,Apertus-8B-Instruct-2509,Llama-3.2-3B-Instruct,0.572
freedom-of-religion-religious-freedom-religious-liberty,equality,Apertus-8B-Instruct-2509,Qwen2.5-14B-Instruct,0.338
freedom-of-religion-religious-freedom-religious-liberty,equality,Apertus-8B-Instruct-2509,Qwen2.5-72B-Instruct,0.477
freedom-of-religion-religious-freedom-religious-liberty,equality,Apertus-8B-Instruct-2509,Qwen2.5-7B-Instruct,0.474
freedom-of-religion-religious-freedom-religious-liberty,equality,Llama-3.1-70B-Instruct,Llama-3.1-8B-Instruct,0.472
freedom-of-religion-religious-freedom-religious-liberty,equality,Llama-3.1-70B-Instruct,Llama-3.2-1B-Instruct,0.542
freedom-of-religion-religious-freedom-religious-liberty,equality,Llama-3.1-70B-Instruct,Llama-3.2-3B-Instruct,0.475
freedom-of-religion-religious-freedom-religious-liberty,equality,Llama-3.1-70B-Instruct,Qwen2.5-14B-Instruct,0.551
freedom-of-religion-religious-freedom-religious-liberty,equality,Llama-3.1-70B-Instruct,Qwen2.5-72B-Instruct,0.522
freedom-of-religion-religious-freedom-religious-liberty,equality,Llama-3.1-70B-Instruct,Qwen2.5-7B-Instruct,0.567
freedom-of-religion-religious-freedom-religious-liberty,equality,Llama-3.1-8B-Instruct,Llama-3.2-1B-Instruct,0.512
freedom-of-religion-religious-freedom-religious-liberty,equality,Llama-3.1-8B-Instruct,Llama-3.2-3B-Instruct,0.472
freedom-of-religion-religious-freedom-religious-liberty,equality,Llama-3.1-8B-Instruct,Qwen2.5-14B-Instruct,0.526
freedom-of-religion-religious-freedom-religious-liberty,equality,Llama-3.1-8B-Instruct,Qwen2.5-72B-Instruct,0.459
freedom-of-religion-religious-freedom-religious-liberty,equality,Llama-3.1-8B-Instruct,Qwen2.5-7B-Instruct,0.535
freedom-of-religion-religious-freedom-religious-liberty,equality,Llama-3.2-1B-Instruct,Llama-3.2-3B-Instruct,0.478
freedom-of-religion-religious-freedom-religious-liberty,equality,Llama-3.2-1B-Instruct,Qwen2.5-14B-Instruct,0.487
freedom-of-religion-religious-freedom-religious-liberty,equality,Llama-3.2-1B-Instruct,Qwen2.5-72B-Instruct,0.503
freedom-of-religion-religious-freedom-religious-liberty,equality,Llama-3.2-1B-Instruct,Qwen2.5-7B-Instruct,0.511
freedom-of-religion-religious-freedom-religious-liberty,equality,Llama-3.2-3B-Instruct,Qwen2.5-14B-Instruct,0.52
freedom-of-religion-religious-freedom-religious-liberty,equality,Llama-3.2-3B-Instruct,Qwen2.5-72B-Instruct,0.487
freedom-of-religion-religious-freedom-religious-liberty,equality,Llama-3.2-3B-Instruct,Qwen2.5-7B-Instruct,0.529
freedom-of-religion-religious-freedom-religious-liberty,equality,Qwen2.5-14B-Instruct,Qwen2.5-72B-Instruct,0.448
freedom-of-religion-religious-freedom-religious-liberty,equality,Qwen2.5-14B-Instruct,Qwen2.5-7B-Instruct,0.449
freedom-of-religion-religious-freedom-religious-liberty,equality,Qwen2.5-72B-Instruct,Qwen2.5-7B-Instruct,0.45
freedom-of-religion-religious-freedom-religious-liberty,loyalty,Apertus-8B-Instruct-2509,Llama-3.1-70B-Instruct,0.492
freedom-of-religion-religious-freedom-religious-liberty,loyalty,Apertus-8B-Instruct-2509,Llama-3.1-8B-Instruct,0.499
freedom-of-religion-religious-freedom-religious-liberty,loyalty,Apertus-8B-Instruct-2509,Llama-3.2-1B-Instruct,0.446
freedom-of-religion-religious-freedom-religious-liberty,loyalty,Apertus-8B-Instruct-2509,Llama-3.2-3B-Instruct,0.473
freedom-of-religion-religious-freedom-religious-liberty,loyalty,Apertus-8B-Instruct-2509,Qwen2.5-14B-Instruct,0.393
freedom-of-religion-religious-freedom-religious-liberty,loyalty,Apertus-8B-Instruct-2509,Qwen2.5-72B-Instruct,0.464
freedom-of-religion-religious-freedom-religious-liberty,loyalty,Apertus-8B-Instruct-2509,Qwen2.5-7B-Instruct,0.471
freedom-of-religion-religious-freedom-religious-liberty,loyalty,Llama-3.1-70B-Instruct,Llama-3.1-8B-Instruct,0.372
freedom-of-religion-religious-freedom-religious-liberty,loyalty,Llama-3.1-70B-Instruct,Llama-3.2-1B-Instruct,0.464
freedom-of-religion-religious-freedom-religious-liberty,loyalty,Llama-3.1-70B-Instruct,Llama-3.2-3B-Instruct,0.424
freedom-of-religion-religious-freedom-religious-liberty,loyalty,Llama-3.1-70B-Instruct,Qwen2.5-14B-Instruct,0.524
freedom-of-religion-religious-freedom-religious-liberty,loyalty,Llama-3.1-70B-Instruct,Qwen2.5-72B-Instruct,0.452
freedom-of-religion-religious-freedom-religious-liberty,loyalty,Llama-3.1-70B-Instruct,Qwen2.5-7B-Instruct,0.432
freedom-of-religion-religious-freedom-religious-liberty,loyalty,Llama-3.1-8B-Instruct,Llama-3.2-1B-Instruct,0.465
freedom-of-religion-religious-freedom-religious-liberty,loyalty,Llama-3.1-8B-Instruct,Llama-3.2-3B-Instruct,0.422
freedom-of-religion-religious-freedom-religious-liberty,loyalty,Llama-3.1-8B-Instruct,Qwen2.5-14B-Instruct,0.533
freedom-of-religion-religious-freedom-religious-liberty,loyalty,Llama-3.1-8B-Instruct,Qwen2.5-72B-Instruct,0.481
freedom-of-religion-religious-freedom-religious-liberty,loyalty,Llama-3.1-8B-Instruct,Qwen2.5-7B-Instruct,0.46
freedom-of-religion-religious-freedom-religious-liberty,loyalty,Llama-3.2-1B-Instruct,Llama-3.2-3B-Instruct,0.427
freedom-of-religion-religious-freedom-religious-liberty,loyalty,Llama-3.2-1B-Instruct,Qwen2.5-14B-Instruct,0.45
freedom-of-religion-religious-freedom-religious-liberty,loyalty,Llama-3.2-1B-Instruct,Qwen2.5-72B-Instruct,0.448
freedom-of-religion-religious-freedom-religious-liberty,loyalty,Llama-3.2-1B-Instruct,Qwen2.5-7B-Instruct,0.453
freedom-of-religion-religious-freedom-religious-liberty,loyalty,Llama-3.2-3B-Instruct,Qwen2.5-14B-Instruct,0.525
freedom-of-religion-religious-freedom-religious-liberty,loyalty,Llama-3.2-3B-Instruct,Qwen2.5-72B-Instruct,0.486
freedom-of-religion-religious-freedom-religious-liberty,loyalty,Llama-3.2-3B-Instruct,Qwen2.5-7B-Instruct,0.45
freedom-of-religion-religious-freedom-religious-liberty,loyalty,Qwen2.5-14B-Instruct,Qwen2.5-72B-Instruct,0.492
freedom-of-religion-religious-freedom-religious-liberty,loyalty,Qwen2.5-14B-Instruct,Qwen2.5-7B-Instruct,0.456
freedom-of-religion-religious-freedom-religious-liberty,loyalty,Qwen2.5-72B-Instruct,Qwen2.5-7B-Instruct,0.432
freedom-of-religion-religious-freedom-religious-liberty,proportionality,Apertus-8B-Instruct-2509,Llama-3.1-70B-Instruct,0.448
freedom-of-religion-religious-freedom-religious-liberty,proportionality,Apertus-8B-Instruct-2509,Llama-3.1-8B-Instruct,0.51
freedom-of-religion-religious-freedom-religious-liberty,proportionality,Apertus-8B-Instruct-2509,Llama-3.2-1B-Instruct,0.434
freedom-of-religion-religious-freedom-religious-liberty,proportionality,Apertus-8B-Instruct-2509,Llama-3.2-3B-Instruct,0.497
freedom-of-religion-religious-freedom-religious-liberty,proportionality,Apertus-8B-Instruct-2509,Qwen2.5-14B-Instruct,0.363
freedom-of-religion-religious-freedom-religious-liberty,proportionality,Apertus-8B-Instruct-2509,Qwen2.5-72B-Instruct,0.375
freedom-of-religion-religious-freedom-religious-liberty,proportionality,Apertus-8B-Instruct-2509,Qwen2.5-7B-Instruct,0.5
freedom-of-religion-religious-freedom-religious-liberty,proportionality,Llama-3.1-70B-Instruct,Llama-3.1-8B-Instruct,0.358
freedom-of-religion-religious-freedom-religious-liberty,proportionality,Llama-3.1-70B-Instruct,Llama-3.2-1B-Instruct,0.512
freedom-of-religion-religious-freedom-religious-liberty,proportionality,Llama-3.1-70B-Instruct,Llama-3.2-3B-Instruct,0.392
freedom-of-religion-religious-freedom-religious-liberty,proportionality,Llama-3.1-70B-Instruct,Qwen2.5-14B-Instruct,0.442
freedom-of-religion-religious-freedom-religious-liberty,proportionality,Llama-3.1-70B-Instruct,Qwen2.5-72B-Instruct,0.402
freedom-of-religion-religious-freedom-religious-liberty,proportionality,Llama-3.1-70B-Instruct,Qwen2.5-7B-Instruct,0.491
freedom-of-religion-religious-freedom-religious-liberty,proportionality,Llama-3.1-8B-Instruct,Llama-3.2-1B-Instruct,0.534
freedom-of-religion-religious-freedom-religious-liberty,proportionality,Llama-3.1-8B-Instruct,Llama-3.2-3B-Instruct,0.377
freedom-of-religion-religious-freedom-religious-liberty,proportionality,Llama-3.1-8B-Instruct,Qwen2.5-14B-Instruct,0.506
freedom-of-religion-religious-freedom-religious-liberty,proportionality,Llama-3.1-8B-Instruct,Qwen2.5-72B-Instruct,0.484
freedom-of-religion-religious-freedom-religious-liberty,proportionality,Llama-3.1-8B-Instruct,Qwen2.5-7B-Instruct,0.504
freedom-of-religion-religious-freedom-religious-liberty,proportionality,Llama-3.2-1B-Instruct,Llama-3.2-3B-Instruct,0.486
freedom-of-religion-religious-freedom-religious-liberty,proportionality,Llama-3.2-1B-Instruct,Qwen2.5-14B-Instruct,0.47
freedom-of-religion-religious-freedom-religious-liberty,proportionality,Llama-3.2-1B-Instruct,Qwen2.5-72B-Instruct,0.477
freedom-of-religion-religious-freedom-religious-liberty,proportionality,Llama-3.2-1B-Instruct,Qwen2.5-7B-Instruct,0.517
freedom-of-religion-religious-freedom-religious-liberty,proportionality,Llama-3.2-3B-Instruct,Qwen2.5-14B-Instruct,0.489
freedom-of-religion-religious-freedom-religious-liberty,proportionality,Llama-3.2-3B-Instruct,Qwen2.5-72B-Instruct,0.431
freedom-of-religion-religious-freedom-religious-liberty,proportionality,Llama-3.2-3B-Instruct,Qwen2.5-7B-Instruct,0.473
freedom-of-religion-religious-freedom-religious-liberty,proportionality,Qwen2.5-14B-Instruct,Qwen2.5-72B-Instruct,0.36
freedom-of-religion-religious-freedom-religious-liberty,proportionality,Qwen2.5-14B-Instruct,Qwen2.5-7B-Instruct,0.482
freedom-of-religion-religious-freedom-religious-liberty,proportionality,Qwen2.5-72B-Instruct,Qwen2.5-7B-Instruct,0.437
freedom-of-religion-religious-freedom-religious-liberty,purity,Apertus-8B-Instruct-2509,Llama-3.1-70B-Instruct,0.464
freedom-of-religion-religious-freedom-religious-liberty,purity,Apertus-8B-Instruct-2509,Llama-3.1-8B-Instruct,0.542
freedom-of-religion-religious-freedom-religious-liberty,purity,Apertus-8B-Instruct-2509,Llama-3.2-1B-Instruct,0.525
freedom-of-religion-religious-freedom-religious-liberty,purity,Apertus-8B-Instruct-2509,Llama-3.2-3B-Instruct,0.522
freedom-of-religion-religious-freedom-religious-liberty,purity,Apertus-8B-Instruct-2509,Qwen2.5-14B-Instruct,0.45
freedom-of-religion-religious-freedom-religious-liberty,purity,Apertus-8B-Instruct-2509,Qwen2.5-72B-Instruct,0.47
freedom-of-religion-religious-freedom-religious-liberty,purity,Apertus-8B-Instruct-2509,Qwen2.5-7B-Instruct,0.478
freedom-of-religion-religious-freedom-religious-liberty,purity,Llama-3.1-70B-Instruct,Llama-3.1-8B-Instruct,0.435
freedom-of-religion-religious-freedom-religious-liberty,purity,Llama-3.1-70B-Instruct,Llama-3.2-1B-Instruct,0.514
freedom-of-religion-religious-freedom-religious-liberty,purity,Llama-3.1-70B-Instruct,Llama-3.2-3B-Instruct,0.443
freedom-of-religion-religious-freedom-religious-liberty,purity,Llama-3.1-70B-Instruct,Qwen2.5-14B-Instruct,0.506
freedom-of-religion-religious-freedom-religious-liberty,purity,Llama-3.1-70B-Instruct,Qwen2.5-72B-Instruct,0.488
freedom-of-religion-religious-freedom-religious-liberty,purity,Llama-3.1-70B-Instruct,Qwen2.5-7B-Instruct,0.482
freedom-of-religion-religious-freedom-religious-liberty,purity,Llama-3.1-8B-Instruct,Llama-3.2-1B-Instruct,0.529
freedom-of-religion-religious-freedom-religious-liberty,purity,Llama-3.1-8B-Instruct,Llama-3.2-3B-Instruct,0.409
freedom-of-religion-religious-freedom-religious-liberty,purity,Llama-3.1-8B-Instruct,Qwen2.5-14B-Instruct,0.509
freedom-of-religion-religious-freedom-religious-liberty,purity,Llama-3.1-8B-Instruct,Qwen2.5-72B-Instruct,0.525
freedom-of-religion-religious-freedom-religious-liberty,purity,Llama-3.1-8B-Instruct,Qwen2.5-7B-Instruct,0.495
freedom-of-religion-religious-freedom-religious-liberty,purity,Llama-3.2-1B-Instruct,Llama-3.2-3B-Instruct,0.556
freedom-of-religion-religious-freedom-religious-liberty,purity,Llama-3.2-1B-Instruct,Qwen2.5-14B-Instruct,0.523
freedom-of-religion-religious-freedom-religious-liberty,purity,Llama-3.2-1B-Instruct,Qwen2.5-72B-Instruct,0.502
freedom-of-religion-religious-freedom-religious-liberty,purity,Llama-3.2-1B-Instruct,Qwen2.5-7B-Instruct,0.503
freedom-of-religion-religious-freedom-religious-liberty,purity,Llama-3.2-3B-Instruct,Qwen2.5-14B-Instruct,0.494
freedom-of-religion-religious-freedom-religious-liberty,purity,Llama-3.2-3B-Instruct,Qwen2.5-72B-Instruct,0.498
freedom-of-religion-religious-freedom-religious-liberty,purity,Llama-3.2-3B-Instruct,Qwen2.5-7B-Instruct,0.454
freedom-of-religion-religious-freedom-religious-liberty,purity,Qwen2.5-14B-Instruct,Qwen2.5-72B-Instruct,0.387
freedom-of-religion-religious-freedom-religious-liberty,purity,Qwen2.5-14B-Instruct,Qwen2.5-7B-Instruct,0.417
freedom-of-religion-religious-freedom-religious-liberty,purity,Qwen2.5-72B-Instruct,Qwen2.5-7B-Instruct,0.419
gun-control,authority,Apertus-8B-Instruct-2509,Llama-3.1-70B-Instruct,0.277
gun-control,authority,Apertus-8B-Instruct-2509,Llama-3.1-8B-Instruct,0.324
gun-control,authority,Apertus-8B-Instruct-2509,Llama-3.2-1B-Instruct,0.346
gun-control,authority,Apertus-8B-Instruct-2509,Llama-3.2-3B-Instruct,0.294
gun-control,authority,Apertus-8B-Instruct-2509,Qwen2.5-14B-Instruct,0.291
gun-control,authority,Apertus-8B-Instruct-2509,Qwen2.5-72B-Instruct,0.343
gun-control,authority,Apertus-8B-Instruct-2509,Qwen2.5-7B-Instruct,0.291
gun-control,authority,Llama-3.1-70B-Instruct,Llama-3.1-8B-Instruct,0.285
gun-control,authority,Llama-3.1-70B-Instruct,Llama-3.2-1B-Instruct,0.364
gun-control,authority,Llama-3.1-70B-Instruct,Llama-3.2-3B-Instruct,0.265
gun-control,authority,Llama-3.1-70B-Instruct,Qwen2.5-14B-Instruct,0.349
gun-control,authority,Llama-3.1-70B-Instruct,Qwen2.5-72B-Instruct,0.349
gun-control,authority,Llama-3.1-70B-Instruct,Qwen2.5-7B-Instruct,0.34
gun-control,authority,Llama-3.1-8B-Instruct,Llama-3.2-1B-Instruct,0.387
gun-control,authority,Llama-3.1-8B-Instruct,Llama-3.2-3B-Instruct,0.333
gun-control,authority,Llama-3.1-8B-Instruct,Qwen2.5-14B-Instruct,0.348
gun-control,authority,Llama-3.1-8B-Instruct,Qwen2.5-72B-Instruct,0.371
gun-control,authority,Llama-3.1-8B-Instruct,Qwen2.5-7B-Instruct,0.373
gun-control,authority,Llama-3.2-1B-Instruct,Llama-3.2-3B-Instruct,0.354
gun-control,authority,Llama-3.2-1B-Instruct,Qwen2.5-14B-Instruct,0.417
gun-control,authority,Llama-3.2-1B-Instruct,Qwen2.5-72B-Instruct,0.414
gun-control,authority,Llama-3.2-1B-Instruct,Qwen2.5-7B-Instruct,0.379
gun-control,authority,Llama-3.2-3B-Instruct,Qwen2.5-14B-Instruct,0.376
gun-control,authority,Llama-3.2-3B-Instruct,Qwen2.5-72B-Instruct,0.362
gun-control,authority,Llama-3.2-3B-Instruct,Qwen2.5-7B-Instruct,0.337
gun-control,authority,Qwen2.5-14B-Instruct,Qwen2.5-72B-Instruct,0.269
gun-control,authority,Qwen2.5-14B-Instruct,Qwen2.5-7B-Instruct,0.288
gun-control,authority,Qwen2.5-72B-Instruct,Qwen2.5-7B-Instruct,0.285
gun-control,base,Apertus-8B-Instruct-2509,Llama-3.1-70B-Instruct,0.359
gun-control,base,Apertus-8B-Instruct-2509,Llama-3.1-8B-Instruct,0.381
gun-control,base,Apertus-8B-Instruct-2509,Llama-3.2-1B-Instruct,0.448
gun-control,base,Apertus-8B-Instruct-2509,Llama-3.2-3B-Instruct,0.372
gun-control,base,Apertus-8B-Instruct-2509,Qwen2.5-14B-Instruct,0.345
gun-control,base,Apertus-8B-Instruct-2509,Qwen2.5-72B-Instruct,0.4
gun-control,base,Apertus-8B-Instruct-2509,Qwen2.5-7B-Instruct,0.373
gun-control,base,Llama-3.1-70B-Instruct,Llama-3.1-8B-Instruct,0.237
gun-control,base,Llama-3.1-70B-Instruct,Llama-3.2-1B-Instruct,0.344
gun-control,base,Llama-3.1-70B-Instruct,Llama-3.2-3B-Instruct,0.252
gun-control,base,Llama-3.1-70B-Instruct,Qwen2.5-14B-Instruct,0.304
gun-control,base,Llama-3.1-70B-Instruct,Qwen2.5-72B-Instruct,0.325
gun-control,base,Llama-3.1-70B-Instruct,Qwen2.5-7B-Instruct,0.326
gun-control,base,Llama-3.1-8B-Instruct,Llama-3.2-1B-Instruct,0.317
gun-control,base,Llama-3.1-8B-Instruct,Llama-3.2-3B-Instruct,0.283
gun-control,base,Llama-3.1-8B-Instruct,Qwen2.5-14B-Instruct,0.349
gun-control,base,Llama-3.1-8B-Instruct,Qwen2.5-72B-Instruct,0.375
gun-control,base,Llama-3.1-8B-Instruct,Qwen2.5-7B-Instruct,0.342
gun-control,base,Llama-3.2-1B-Instruct,Llama-3.2-3B-Instruct,0.327
gun-control,base,Llama-3.2-1B-Instruct,Qwen2.5-14B-Instruct,0.401
gun-control,base,Llama-3.2-1B-Instruct,Qwen2.5-72B-Instruct,0.442
gun-control,base,Llama-3.2-1B-Instruct,Qwen2.5-7B-Instruct,0.394
gun-control,base,Llama-3.2-3B-Instruct,Qwen2.5-14B-Instruct,0.347
gun-control,base,Llama-3.2-3B-Instruct,Qwen2.5-72B-Instruct,0.339
gun-control,base,Llama-3.2-3B-Instruct,Qwen2.5-7B-Instruct,0.359
gun-control,base,Qwen2.5-14B-Instruct,Qwen2.5-72B-Instruct,0.299
gun-control,base,Qwen2.5-14B-Instruct,Qwen2.5-7B-Instruct,0.316
gun-control,base,Qwen2.5-72B-Instruct,Qwen2.5-7B-Instruct,0.397
gun-control,care,Apertus-8B-Instruct-2509,Llama-3.1-70B-Instruct,0.369
gun-control,care,Apertus-8B-Instruct-2509,Llama-3.1-8B-Instruct,0.359
gun-control,care,Apertus-8B-Instruct-2509,Llama-3.2-1B-Instruct,0.421
gun-control,care,Apertus-8B-Instruct-2509,Llama-3.2-3B-Instruct,0.395
gun-control,care,Apertus-8B-Instruct-2509,Qwen2.5-14B-Instruct,0.339
gun-control,care,Apertus-8B-Instruct-2509,Qwen2.5-72B-Instruct,0.368
gun-control,care,Apertus-8B-Instruct-2509,Qwen2.5-7B-Instruct,0.371
gun-control,care,Llama-3.1-70B-Instruct,Llama-3.1-8B-Instruct,0.268
gun-control,care,Llama-3.1-70B-Instruct,Llama-3.2-1B-Instruct,0.369
gun-control,care,Llama-3.1-70B-Instruct,Llama-3.2-3B-Instruct,0.292
gun-control,care,Llama-3.1-70B-Instruct,Qwen2.5-14B-Instruct,0.328
gun-control,care,Llama-3.1-70B-Instruct,Qwen2.5-72B-Instruct,0.372
gun-control,care,Llama-3.1-70B-Instruct,Qwen2.5-7B-Instruct,0.352
gun-control,care,Llama-3.1-8B-Instruct,Llama-3.2-1B-Instruct,0.351
gun-control,care,Llama-3.1-8B-Instruct,Llama-3.2-3B-Instruct,0.281
gun-control,care,Llama-3.1-8B-Instruct,Qwen2.5-14B-Instruct,0.34
gun-control,care,Llama-3.1-8B-Instruct,Qwen2.5-72B-Instruct,0.318
gun-control,care,Llama-3.1-8B-Instruct,Qwen2.5-7B-Instruct,0.366
gun-control,care,Llama-3.2-1B-Instruct,Llama-3.2-3B-Instruct,0.342
gun-control,care,Llama-3.2-1B-Instruct,Qwen2.5-14B-Instruct,0.426
gun-control,care,Llama-3.2-1B-Instruct,Qwen2.5-72B-Instruct,0.418
gun-control,care,Llama-3.2-1B-Instruct,Qwen2.5-7B-Instruct,0.423
gun-control,care,Llama-3.2-3B-Instruct,Qwen2.5-14B-Instruct,0.378
gun-control,care,Llama-3.2-3B-Instruct,Qwen2.5-72B-Instruct,0.36
gun-control,care,Llama-3.2-3B-Instruct,Qwen2.5-7B-Instruct,0.395
gun-control,care,Qwen2.5-14B-Instruct,Qwen2.5-72B-Instruct,0.314
gun-control,care,Qwen2.5-14B-Instruct,Qwen2.5-7B-Instruct,0.35
gun-control,care,Qwen2.5-72B-Instruct,Qwen2.5-7B-Instruct,0.363
gun-control,equality,Apertus-8B-Instruct-2509,Llama-3.1-70B-Instruct,0.356
gun-control,equality,Apertus-8B-Instruct-2509,Llama-3.1-8B-Instruct,0.417
gun-control,equality,Apertus-8B-Instruct-2509,Llama-3.2-1B-Instruct,0.374
gun-control,equality,Apertus-8B-Instruct-2509,Llama-3.2-3B-Instruct,0.427
gun-control,equality,Apertus-8B-Instruct-2509,Qwen2.5-14B-Instruct,0.354
gun-control,equality,Apertus-8B-Instruct-2509,Qwen2.5-72B-Instruct,0.414
gun-control,equality,Apertus-8B-Instruct-2509,Qwen2.5-7B-Instruct,0.385
gun-control,equality,Llama-3.1-70B-Instruct,Llama-3.1-8B-Instruct,0.262
gun-control,equality,Llama-3.1-70B-Instruct,Llama-3.2-1B-Instruct,0.385
gun-control,equality,Llama-3.1-70B-Instruct,Llama-3.2-3B-Instruct,0.359
gun-control,equality,Llama-3.1-70B-Instruct,Qwen2.5-14B-Instruct,0.413
gun-control,equality,Llama-3.1-70B-Instruct,Qwen2.5-72B-Instruct,0.4
gun-control,equality,Llama-3.1-70B-Instruct,Qwen2.5-7B-Instruct,0.359
gun-control,equality,Llama-3.1-8B-Instruct,Llama-3.2-1B-Instruct,0.411
gun-control,equality,Llama-3.1-8B-Instruct,Llama-3.2-3B-Instruct,0.356
gun-control,equality,Llama-3.1-8B-Instruct,Qwen2.5-14B-Instruct,0.484
gun-control,equality,Llama-3.1-8B-Instruct,Qwen2.5-72B-Instruct,0.462
gun-control,equality,Llama-3.1-8B-Instruct,Qwen2.5-7B-Instruct,0.404
gun-control,equality,Llama-3.2-1B-Instruct,Llama-3.2-3B-Instruct,0.392
gun-control,equality,Llama-3.2-1B-Instruct,Qwen2.5-14B-Instruct,0.45
gun-control,equality,Llama-3.2-1B-Instruct,Qwen2.5-72B-Instruct,0.446
gun-control,equality,Llama-3.2-1B-Instruct,Qwen2.5-7B-Instruct,0.415
gun-control,equality,Llama-3.2-3B-Instruct,Qwen2.5-14B-Instruct,0.476
gun-control,equality,Llama-3.2-3B-Instruct,Qwen2.5-72B-Instruct,0.455
gun-control,equality,Llama-3.2-3B-Instruct,Qwen2.5-7B-Instruct,0.401
gun-control,equality,Qwen2.5-14B-Instruct,Qwen2.5-72B-Instruct,0.386
gun-control,equality,Qwen2.5-14B-Instruct,Qwen2.5-7B-Instruct,0.355
gun-control,equality,Qwen2.5-72B-Instruct,Qwen2.5-7B-Instruct,0.322
gun-control,loyalty,Apertus-8B-Instruct-2509,Llama-3.1-70B-Instruct,0.323
gun-control,loyalty,Apertus-8B-Instruct-2509,Llama-3.1-8B-Instruct,0.318
gun-control,loyalty,Apertus-8B-Instruct-2509,Llama-3.2-1B-Instruct,0.355
gun-control,loyalty,Apertus-8B-Instruct-2509,Llama-3.2-3B-Instruct,0.34
gun-control,loyalty,Apertus-8B-Instruct-2509,Qwen2.5-14B-Instruct,0.339
gun-control,loyalty,Apertus-8B-Instruct-2509,Qwen2.5-72B-Instruct,0.328
gun-control,loyalty,Apertus-8B-Instruct-2509,Qwen2.5-7B-Instruct,0.34
gun-control,loyalty,Llama-3.1-70B-Instruct,Llama-3.1-8B-Instruct,0.292
gun-control,loyalty,Llama-3.1-70B-Instruct,Llama-3.2-1B-Instruct,0.378
gun-control,loyalty,Llama-3.1-70B-Instruct,Llama-3.2-3B-Instruct,0.3
gun-control,loyalty,Llama-3.1-70B-Instruct,Qwen2.5-14B-Instruct,0.32
gun-control,loyalty,Llama-3.1-70B-Instruct,Qwen2.5-72B-Instruct,0.31
gun-control,loyalty,Llama-3.1-70B-Instruct,Qwen2.5-7B-Instruct,0.325
gun-control,loyalty,Llama-3.1-8B-Instruct,Llama-3.2-1B-Instruct,0.392
gun-control,loyalty,Llama-3.1-8B-Instruct,Llama-3.2-3B-Instruct,0.284
gun-control,loyalty,Llama-3.1-8B-Instruct,Qwen2.5-14B-Instruct,0.353
gun-control,loyalty,Llama-3.1-8B-Instruct,Qwen2.5-72B-Instruct,0.365
gun-control,loyalty,Llama-3.1-8B-Instruct,Qwen2.5-7B-Instruct,0.37
gun-control,loyalty,Llama-3.2-1B-Instruct,Llama-3.2-3B-Instruct,0.359
gun-control,loyalty,Llama-3.2-1B-Instruct,Qwen2.5-14B-Instruct,0.381
gun-control,loyalty,Llama-3.2-1B-Instruct,Qwen2.5-72B-Instruct,0.362
gun-control,loyalty,Llama-3.2-1B-Instruct,Qwen2.5-7B-Instruct,0.396
gun-control,loyalty,Llama-3.2-3B-Instruct,Qwen2.5-14B-Instruct,0.357
gun-control,loyalty,Llama-3.2-3B-Instruct,Qwen2.5-72B-Instruct,0.351
gun-control,loyalty,Llama-3.2-3B-Instruct,Qwen2.5-7B-Instruct,0.388
gun-control,loyalty,Qwen2.5-14B-Instruct,Qwen2.5-72B-Instruct,0.291
gun-control,loyalty,Qwen2.5-14B-Instruct,Qwen2.5-7B-Instruct,0.312
gun-control,loyalty,Qwen2.5-72B-Instruct,Qwen2.5-7B-Instruct,0.321
gun-control,proportionality,Apertus-8B-Instruct-2509,Llama-3.1-70B-Instruct,0.351
gun-control,proportionality,Apertus-8B-Instruct-2509,Llama-3.1-8B-Instruct,0.437
gun-control,proportionality,Apertus-8B-Instruct-2509,Llama-3.2-1B-Instruct,0.381
gun-control,proportionality,Apertus-8B-Instruct-2509,Llama-3.2-3B-Instruct,0.387
gun-control,proportionality,Apertus-8B-Instruct-2509,Qwen2.5-14B-Instruct,0.344
gun-control,proportionality,Apertus-8B-Instruct-2509,Qwen2.5-72B-Instruct,0.379
gun-control,proportionality,Apertus-8B-Instruct-2509,Qwen2.5-7B-Instruct,0.342
gun-control,proportionality,Llama-3.1-70B-Instruct,Llama-3.1-8B-Instruct,0.341
gun-control,proportionality,Llama-3.1-70B-Instruct,Llama-3.2-1B-Instruct,0.425
gun-control,proportionality,Llama-3.1-70B-Instruct,Llama-3.2-3B-Instruct,0.325
gun-control,proportionality,Llama-3.1-70B-Instruct,Qwen2.5-14B-Instruct,0.384
gun-control,proportionality,Llama-3.1-70B-Instruct,Qwen2.5-72B-Instruct,0.389
gun-control,proportionality,Llama-3.1-70B-Instruct,Qwen2.5-7B-Instruct,0.325
gun-control,proportionality,Llama-3.1-8B-Instruct,Llama-3.2-1B-Instruct,0.429
gun-control,proportionality,Llama-3.1-8B-Instruct,Llama-3.2-3B-Instruct,0.365
gun-control,proportionality,Llama-3.1-8B-Instruct,Qwen2.5-14B-Instruct,0.447
gun-control,proportionality,Llama-3.1-8B-Instruct,Qwen2.5-72B-Instruct,0.456
gun-control,proportionality,Llama-3.1-8B-Instruct,Qwen2.5-7B-Instruct,0.413
gun-control,proportionality,Llama-3.2-1B-Instruct,Llama-3.2-3B-Instruct,0.39
gun-control,proportionality,Llama-3.2-1B-Instruct,Qwen2.5-14B-Instruct,0.397
gun-control,proportionality,Llama-3.2-1B-Instruct,Qwen2.5-72B-Instruct,0.387
gun-control,proportionality,Llama-3.2-1B-Instruct,Qwen2.5-7B-Instruct,0.399
gun-control,proportionality,Llama-3.2-3B-Instruct,Qwen2.5-14B-Instruct,0.391
gun-control,proportionality,Llama-3.2-3B-Instruct,Qwen2.5-72B-Instruct,0.343
gun-control,proportionality,Llama-3.2-3B-Instruct,Qwen2.5-7B-Instruct,0.373
gun-control,proportionality,Qwen2.5-14B-Instruct,Qwen2.5-72B-Instruct,0.339
gun-control,proportionality,Qwen2.5-14B-Instruct,Qwen2.5-7B-Instruct,0.293
gun-control,proportionality,Qwen2.5-72B-Instruct,Qwen2.5-7B-Instruct,0.344
gun-control,purity,Apertus-8B-Instruct-2509,Llama-3.1-70B-Instruct,0.36
gun-control,purity,Apertus-8B-Instruct-2509,Llama-3.1-8B-Instruct,0.336
gun-control,purity,Apertus-8B-Instruct-2509,Llama-3.2-1B-Instruct,0.374
gun-control,purity,Apertus-8B-Instruct-2509,Llama-3.2-3B-Instruct,0.371
gun-control,purity,Apertus-8B-Instruct-2509,Qwen2.5-14B-Instruct,0.366
gun-control,purity,Apertus-8B-Instruct-2509,Qwen2.5-72B-Instruct,0.349
gun-control,purity,Apertus-8B-Instruct-2509,Qwen2.5-7B-Instruct,0.366
gun-control,purity,Llama-3.1-70B-Instruct,Llama-3.1-8B-Instruct,0.334
gun-control,purity,Llama-3.1-70B-Instruct,Llama-3.2-1B-Instruct,0.374
gun-control,purity,Llama-3.1-70B-Instruct,Llama-3.2-3B-Instruct,0.334
gun-control,purity,Llama-3.1-70B-Instruct,Qwen2.5-14B-Instruct,0.41
gun-control,purity,Llama-3.1-70B-Instruct,Qwen2.5-72B-Instruct,0.362
gun-control,purity,Llama-3.1-70B-Instruct,Qwen2.5-7B-Instruct,0.363
gun-control,purity,Llama-3.1-8B-Instruct,Llama-3.2-1B-Instruct,0.372
gun-control,purity,Llama-3.1-8B-Instruct,Llama-3.2-3B-Instruct,0.357
gun-control,purity,Llama-3.1-8B-Instruct,Qwen2.5-14B-Instruct,0.391
gun-control,purity,Llama-3.1-8B-Instruct,Qwen2.5-72B-Instruct,0.378
gun-control,purity,Llama-3.1-8B-Instruct,Qwen2.5-7B-Instruct,0.397
gun-control,purity,Llama-3.2-1B-Instruct,Llama-3.2-3B-Instruct,0.363
gun-control,purity,Llama-3.2-1B-Instruct,Qwen2.5-14B-Instruct,0.432
gun-control,purity,Llama-3.2-1B-Instruct,Qwen2.5-72B-Instruct,0.406
gun-control,purity,Llama-3.2-1B-Instruct,Qwen2.5-7B-Instruct,0.416
gun-control,purity,Llama-3.2-3B-Instruct,Qwen2.5-14B-Instruct,0.42
gun-control,purity,Llama-3.2-3B-Instruct,Qwen2.5-72B-Instruct,0.399
gun-control,purity,Llama-3.2-3B-Instruct,Qwen2.5-7B-Instruct,0.392
gun-control,purity,Qwen2.5-14B-Instruct,Qwen2.5-72B-Instruct,0.333
gun-control,purity,Qwen2.5-14B-Instruct,Qwen2.5-7B-Instruct,0.396
gun-control,purity,Qwen2.5-72B-Instruct,Qwen2.5-7B-Instruct,0.336
gun-rights,authority,Apertus-8B-Instruct-2509,Llama-3.1-70B-Instruct,0.377
gun-rights,authority,Apertus-8B-Instruct-2509,Llama-3.1-8B-Instruct,0.387
gun-rights,authority,Apertus-8B-Instruct-2509,Llama-3.2-1B-Instruct,0.515
gun-rights,authority,Apertus-8B-Instruct-2509,Llama-3.2-3B-Instruct,0.394
gun-rights,authority,Apertus-8B-Instruct-2509,Qwen2.5-14B-Instruct,0.411
gun-rights,authority,Apertus-8B-Instruct-2509,Qwen2.5-72B-Instruct,0.42
gun-rights,authority,Apertus-8B-Instruct-2509,Qwen2.5-7B-Instruct,0.414
gun-rights,authority,Llama-3.1-70B-Instruct,Llama-3.1-8B-Instruct,0.307
gun-rights,authority,Llama-3.1-70B-Instruct,Llama-3.2-1B-Instruct,0.472
gun-rights,authority,Llama-3.1-70B-Instruct,Llama-3.2-3B-Instruct,0.334
gun-rights,authority,Llama-3.1-70B-Instruct,Qwen2.5-14B-Instruct,0.348
gun-rights,authority,Llama-3.1-70B-Instruct,Qwen2.5-72B-Instruct,0.368
gun-rights,authority,Llama-3.1-70B-Instruct,Qwen2.5-7B-Instruct,0.352
gun-rights,authority,Llama-3.1-8B-Instruct,Llama-3.2-1B-Instruct,0.481
gun-rights,authority,Llama-3.1-8B-Instruct,Llama-3.2-3B-Instruct,0.365
gun-rights,authority,Llama-3.1-8B-Instruct,Qwen2.5-14B-Instruct,0.421
gun-rights,authority,Llama-3.1-8B-Instruct,Qwen2.5-72B-Instruct,0.373
gun-rights,authority,Llama-3.1-8B-Instruct,Qwen2.5-7B-Instruct,0.338
gun-rights,authority,Llama-3.2-1B-Instruct,Llama-3.2-3B-Instruct,0.493
gun-rights,authority,Llama-3.2-1B-Instruct,Qwen2.5-14B-Instruct,0.467
gun-rights,authority,Llama-3.2-1B-Instruct,Qwen2.5-72B-Instruct,0.465
gun-rights,authority,Llama-3.2-1B-Instruct,Qwen2.5-7B-Instruct,0.507
gun-rights,authority,Llama-3.2-3B-Instruct,Qwen2.5-14B-Instruct,0.398
gun-rights,authority,Llama-3.2-3B-Instruct,Qwen2.5-72B-Instruct,0.414
gun-rights,authority,Llama-3.2-3B-Instruct,Qwen2.5-7B-Instruct,0.412
gun-rights,authority,Qwen2.5-14B-Instruct,Qwen2.5-72B-Instruct,0.391
gun-rights,authority,Qwen2.5-14B-Instruct,Qwen2.5-7B-Instruct,0.341
gun-rights,authority,Qwen2.5-72B-Instruct,Qwen2.5-7B-Instruct,0.36
gun-rights,base,Apertus-8B-Instruct-2509,Llama-3.1-70B-Instruct,0.312
gun-rights,base,Apertus-8B-Instruct-2509,Llama-3.1-8B-Instruct,0.381
gun-rights,base,Apertus-8B-Instruct-2509,Llama-3.2-1B-Instruct,0.506
gun-rights,base,Apertus-8B-Instruct-2509,Llama-3.2-3B-Instruct,0.396
gun-rights,base,Apertus-8B-Instruct-2509,Qwen2.5-14B-Instruct,0.313
gun-rights,base,Apertus-8B-Instruct-2509,Qwen2.5-72B-Instruct,0.303
gun-rights,base,Apertus-8B-Instruct-2509,Qwen2.5-7B-Instruct,0.375
gun-rights,base,Llama-3.1-70B-Instruct,Llama-3.1-8B-Instruct,0.219
gun-rights,base,Llama-3.1-70B-Instruct,Llama-3.2-1B-Instruct,0.404
gun-rights,base,Llama-3.1-70B-Instruct,Llama-3.2-3B-Instruct,0.257
gun-rights,base,Llama-3.1-70B-Instruct,Qwen2.5-14B-Instruct,0.313
gun-rights,base,Llama-3.1-70B-Instruct,Qwen2.5-72B-Instruct,0.313
gun-rights,base,Llama-3.1-70B-Instruct,Qwen2.5-7B-Instruct,0.311
gun-rights,base,Llama-3.1-8B-Instruct,Llama-3.2-1B-Instruct,0.444
gun-rights,base,Llama-3.1-8B-Instruct,Llama-3.2-3B-Instruct,0.307
gun-rights,base,Llama-3.1-8B-Instruct,Qwen2.5-14B-Instruct,0.359
gun-rights,base,Llama-3.1-8B-Instruct,Qwen2.5-72B-Instruct,0.368
gun-rights,base,Llama-3.1-8B-Instruct,Qwen2.5-7B-Instruct,0.355
gun-rights,base,Llama-3.2-1B-Instruct,Llama-3.2-3B-Instruct,0.457
gun-rights,base,Llama-3.2-1B-Instruct,Qwen2.5-14B-Instruct,0.491
gun-rights,base,Llama-3.2-1B-Instruct,Qwen2.5-72B-Instruct,0.476
gun-rights,base,Llama-3.2-1B-Instruct,Qwen2.5-7B-Instruct,0.507
gun-rights,base,Llama-3.2-3B-Instruct,Qwen2.5-14B-Instruct,0.432
gun-rights,base,Llama-3.2-3B-Instruct,Qwen2.5-72B-Instruct,0.404
gun-rights,base,Llama-3.2-3B-Instruct,Qwen2.5-7B-Instruct,0.371
gun-rights,base,Qwen2.5-14B-Instruct,Qwen2.5-72B-Instruct,0.353
gun-rights,base,Qwen2.5-14B-Instruct,Qwen2.5-7B-Instruct,0.407
gun-rights,base,Qwen2.5-72B-Instruct,Qwen2.5-7B-Instruct,0.304
gun-rights,care,Apertus-8B-Instruct-2509,Llama-3.1-70B-Instruct,0.41
gun-rights,care,Apertus-8B-Instruct-2509,Llama-3.1-8B-Instruct,0.398
gun-rights,care,Apertus-8B-Instruct-2509,Llama-3.2-1B-Instruct,0.511
gun-rights,care,Apertus-8B-Instruct-2509,Llama-3.2-3B-Instruct,0.432
gun-rights,care,Apertus-8B-Instruct-2509,Qwen2.5-14B-Instruct,0.499
gun-rights,care,Apertus-8B-Instruct-2509,Qwen2.5-72B-Instruct,0.408
gun-rights,care,Apertus-8B-Instruct-2509,Qwen2.5-7B-Instruct,0.376
gun-rights,care,Llama-3.1-70B-Instruct,Llama-3.1-8B-Instruct,0.265
gun-rights,care,Llama-3.1-70B-Instruct,Llama-3.2-1B-Instruct,0.41
gun-rights,care,Llama-3.1-70B-Instruct,Llama-3.2-3B-Instruct,0.344
gun-rights,care,Llama-3.1-70B-Instruct,Qwen2.5-14B-Instruct,0.542
gun-rights,care,Llama-3.1-70B-Instruct,Qwen2.5-72B-Instruct,0.407
gun-rights,care,Llama-3.1-70B-Instruct,Qwen2.5-7B-Instruct,0.394
gun-rights,care,Llama-3.1-8B-Instruct,Llama-3.2-1B-Instruct,0.422
gun-rights,care,Llama-3.1-8B-Instruct,Llama-3.2-3B-Instruct,0.327
gun-rights,care,Llama-3.1-8B-Instruct,Qwen2.5-14B-Instruct,0.557
gun-rights,care,Llama-3.1-8B-Instruct,Qwen2.5-72B-Instruct,0.402
gun-rights,care,Llama-3.1-8B-Instruct,Qwen2.5-7B-Instruct,0.38
gun-rights,care,Llama-3.2-1B-Instruct,Llama-3.2-3B-Instruct,0.371
gun-rights,care,Llama-3.2-1B-Instruct,Qwen2.5-14B-Instruct,0.491
gun-rights,care,Llama-3.2-1B-Instruct,Qwen2.5-72B-Instruct,0.44
gun-rights,care,Llama-3.2-1B-Instruct,Qwen2.5-7B-Instruct,0.493
gun-rights,care,Llama-3.2-3B-Instruct,Qwen2.5-14B-Instruct,0.522
gun-rights,care,Llama-3.2-3B-Instruct,Qwen2.5-72B-Instruct,0.351
gun-rights,care,Llama-3.2-3B-Instruct,Qwen2.5-7B-Instruct,0.38
gun-rights,care,Qwen2.5-14B-Instruct,Qwen2.5-72B-Instruct,0.556
gun-rights,care,Qwen2.5-14B-Instruct,Qwen2.5-7B-Instruct,0.552
gun-rights,care,Qwen2.5-72B-Instruct,Qwen2.5-7B-Instruct,0.373
gun-rights,equality,Apertus-8B-Instruct-2509,Llama-3.1-70B-Instruct,0.422
gun-rights,equality,Apertus-8B-Instruct-2509,Llama-3.1-8B-Instruct,0.417
gun-rights,equality,Apertus-8B-Instruct-2509,Llama-3.2-1B-Instruct,0.416
gun-rights,equality,Apertus-8B-Instruct-2509,Llama-3.2-3B-Instruct,0.462
gun-rights,equality,Apertus-8B-Instruct-2509,Qwen2.5-14B-Instruct,0.324
gun-rights,equality,Apertus-8B-Instruct-2509,Qwen2.5-72B-Instruct,0.314
gun-rights,equality,Apertus-8B-Instruct-2509,Qwen2.5-7B-Instruct,0.305
gun-rights,equality,Llama-3.1-70B-Instruct,Llama-3.1-8B-Instruct,0.376
gun-rights,equality,Llama-3.1-70B-Instruct,Llama-3.2-1B-Instruct,0.447
gun-rights,equality,Llama-3.1-70B-Instruct,Llama-3.2-3B-Instruct,0.413
gun-rights,equality,Llama-3.1-70B-Instruct,Qwen2.5-14B-Instruct,0.415
gun-rights,equality,Llama-3.1-70B-Instruct,Qwen2.5-72B-Instruct,0.406
gun-rights,equality,Llama-3.1-70B-Instruct,Qwen2.5-7B-Instruct,0.414
gun-rights,equality,Llama-3.1-8B-Instruct,Llama-3.2-1B-Instruct,0.463
gun-rights,equality,Llama-3.1-8B-Instruct,Llama-3.2-3B-Instruct,0.332
gun-rights,equality,Llama-3.1-8B-Instruct,Qwen2.5-14B-Instruct,0.446
gun-rights,equality,Llama-3.1-8B-Instruct,Qwen2.5-72B-Instruct,0.403
gun-rights,equality,Llama-3.1-8B-Instruct,Qwen2.5-7B-Instruct,0.475
gun-rights,equality,Llama-3.2-1B-Instruct,Llama-3.2-3B-Instruct,0.49
gun-rights,equality,Llama-3.2-1B-Instruct,Qwen2.5-14B-Instruct,0.494
gun-rights,equality,Llama-3.2-1B-Instruct,Qwen2.5-72B-Instruct,0.473
gun-rights,equality,Llama-3.2-1B-Instruct,Qwen2.5-7B-Instruct,0.476
gun-rights,equality,Llama-3.2-3B-Instruct,Qwen2.5-14B-Instruct,0.485
gun-rights,equality,Llama-3.2-3B-Instruct,Qwen2.5-72B-Instruct,0.475
gun-rights,equality,Llama-3.2-3B-Instruct,Qwen2.5-7B-Instruct,0.514
gun-rights,equality,Qwen2.5-14B-Instruct,Qwen2.5-72B-Instruct,0.313
gun-rights,equality,Qwen2.5-14B-Instruct,Qwen2.5-7B-Instruct,0.276
gun-rights,equality,Qwen2.5-72B-Instruct,Qwen2.5-7B-Instruct,0.368
gun-rights,loyalty,Apertus-8B-Instruct-2509,Llama-3.1-70B-Instruct,0.368
gun-rights,loyalty,Apertus-8B-Instruct-2509,Llama-3.1-8B-Instruct,0.371
gun-rights,loyalty,Apertus-8B-Instruct-2509,Llama-3.2-1B-Instruct,0.452
gun-rights,loyalty,Apertus-8B-Instruct-2509,Llama-3.2-3B-Instruct,0.419
gun-rights,loyalty,Apertus-8B-Instruct-2509,Qwen2.5-14B-Instruct,0.431
gun-rights,loyalty,Apertus-8B-Instruct-2509,Qwen2.5-72B-Instruct,0.418
gun-rights,loyalty,Apertus-8B-Instruct-2509,Qwen2.5-7B-Instruct,0.358
gun-rights,loyalty,Llama-3.1-70B-Instruct,Llama-3.1-8B-Instruct,0.303
gun-rights,loyalty,Llama-3.1-70B-Instruct,Llama-3.2-1B-Instruct,0.39
gun-rights,loyalty,Llama-3.1-70B-Instruct,Llama-3.2-3B-Instruct,0.362
gun-rights,loyalty,Llama-3.1-70B-Instruct,Qwen2.5-14B-Instruct,0.368
gun-rights,loyalty,Llama-3.1-70B-Instruct,Qwen2.5-72B-Instruct,0.352
gun-rights,loyalty,Llama-3.1-70B-Instruct,Qwen2.5-7B-Instruct,0.356
gun-rights,loyalty,Llama-3.1-8B-Instruct,Llama-3.2-1B-Instruct,0.392
gun-rights,loyalty,Llama-3.1-8B-Instruct,Llama-3.2-3B-Instruct,0.355
gun-rights,loyalty,Llama-3.1-8B-Instruct,Qwen2.5-14B-Instruct,0.42
gun-rights,loyalty,Llama-3.1-8B-Instruct,Qwen2.5-72B-Instruct,0.336
gun-rights,loyalty,Llama-3.1-8B-Instruct,Qwen2.5-7B-Instruct,0.349
gun-rights,loyalty,Llama-3.2-1B-Instruct,Llama-3.2-3B-Instruct,0.385
gun-rights,loyalty,Llama-3.2-1B-Instruct,Qwen2.5-14B-Instruct,0.424
gun-rights,loyalty,Llama-3.2-1B-Instruct,Qwen2.5-72B-Instruct,0.442
gun-rights,loyalty,Llama-3.2-1B-Instruct,Qwen2.5-7B-Instruct,0.445
gun-rights,loyalty,Llama-3.2-3B-Instruct,Qwen2.5-14B-Instruct,0.398
gun-rights,loyalty,Llama-3.2-3B-Instruct,Qwen2.5-72B-Instruct,0.391
gun-rights,loyalty,Llama-3.2-3B-Instruct,Qwen2.5-7B-Instruct,0.427
gun-rights,loyalty,Qwen2.5-14B-Instruct,Qwen2.5-72B-Instruct,0.387
gun-rights,loyalty,Qwen2.5-14B-Instruct,Qwen2.5-7B-Instruct,0.34
gun-rights,loyalty,Qwen2.5-72B-Instruct,Qwen2.5-7B-Instruct,0.414
gun-rights,proportionality,Apertus-8B-Instruct-2509,Llama-3.1-70B-Instruct,0.378
gun-rights,proportionality,Apertus-8B-Instruct-2509,Llama-3.1-8B-Instruct,0.38
gun-rights,proportionality,Apertus-8B-Instruct-2509,Llama-3.2-1B-Instruct,0.362
gun-rights,proportionality,Apertus-8B-Instruct-2509,Llama-3.2-3B-Instruct,0.5
gun-rights,proportionality,Apertus-8B-Instruct-2509,Qwen2.5-14B-Instruct,0.422
gun-rights,proportionality,Apertus-8B-Instruct-2509,Qwen2.5-72B-Instruct,0.37
gun-rights,proportionality,Apertus-8B-Instruct-2509,Qwen2.5-7B-Instruct,0.375
gun-rights,proportionality,Llama-3.1-70B-Instruct,Llama-3.1-8B-Instruct,0.392
gun-rights,proportionality,Llama-3.1-70B-Instruct,Llama-3.2-1B-Instruct,0.401
gun-rights,proportionality,Llama-3.1-70B-Instruct,Llama-3.2-3B-Instruct,0.371
gun-rights,proportionality,Llama-3.1-70B-Instruct,Qwen2.5-14B-Instruct,0.41
gun-rights,proportionality,Llama-3.1-70B-Instruct,Qwen2.5-72B-Instruct,0.396
gun-rights,proportionality,Llama-3.1-70B-Instruct,Qwen2.5-7B-Instruct,0.391
gun-rights,proportionality,Llama-3.1-8B-Instruct,Llama-3.2-1B-Instruct,0.434
gun-rights,proportionality,Llama-3.1-8B-Instruct,Llama-3.2-3B-Instruct,0.521
gun-rights,proportionality,Llama-3.1-8B-Instruct,Qwen2.5-14B-Instruct,0.425
gun-rights,proportionality,Llama-3.1-8B-Instruct,Qwen2.5-72B-Instruct,0.426
gun-rights,proportionality,Llama-3.1-8B-Instruct,Qwen2.5-7B-Instruct,0.426
gun-rights,proportionality,Llama-3.2-1B-Instruct,Llama-3.2-3B-Instruct,0.489
gun-rights,proportionality,Llama-3.2-1B-Instruct,Qwen2.5-14B-Instruct,0.457
gun-rights,proportionality,Llama-3.2-1B-Instruct,Qwen2.5-72B-Instruct,0.443
gun-rights,proportionality,Llama-3.2-1B-Instruct,Qwen2.5-7B-Instruct,0.465
gun-rights,proportionality,Llama-3.2-3B-Instruct,Qwen2.5-14B-Instruct,0.474
gun-rights,proportionality,Llama-3.2-3B-Instruct,Qwen2.5-72B-Instruct,0.446
gun-rights,proportionality,Llama-3.2-3B-Instruct,Qwen2.5-7B-Instruct,0.459
gun-rights,proportionality,Qwen2.5-14B-Instruct,Qwen2.5-72B-Instruct,0.372
gun-rights,proportionality,Qwen2.5-14B-Instruct,Qwen2.5-7B-Instruct,0.384
gun-rights,proportionality,Qwen2.5-72B-Instruct,Qwen2.5-7B-Instruct,0.354
gun-rights,purity,Apertus-8B-Instruct-2509,Llama-3.1-70B-Instruct,0.369
gun-rights,purity,Apertus-8B-Instruct-2509,Llama-3.1-8B-Instruct,0.338
gun-rights,purity,Apertus-8B-Instruct-2509,Llama-3.2-1B-Instruct,0.427
gun-rights,purity,Apertus-8B-Instruct-2509,Llama-3.2-3B-Instruct,0.372
gun-rights,purity,Apertus-8B-Instruct-2509,Qwen2.5-14B-Instruct,0.471
gun-rights,purity,Apertus-8B-Instruct-2509,Qwen2.5-72B-Instruct,0.381
gun-rights,purity,Apertus-8B-Instruct-2509,Qwen2.5-7B-Instruct,0.354
gun-rights,purity,Llama-3.1-70B-Instruct,Llama-3.1-8B-Instruct,0.358
gun-rights,purity,Llama-3.1-70B-Instruct,Llama-3.2-1B-Instruct,0.433
gun-rights,purity,Llama-3.1-70B-Instruct,Llama-3.2-3B-Instruct,0.335
gun-rights,purity,Llama-3.1-70B-Instruct,Qwen2.5-14B-Instruct,0.474
gun-rights,purity,Llama-3.1-70B-Instruct,Qwen2.5-72B-Instruct,0.444
gun-rights,purity,Llama-3.1-70B-Instruct,Qwen2.5-7B-Instruct,0.384
gun-rights,purity,Llama-3.1-8B-Instruct,Llama-3.2-1B-Instruct,0.432
gun-rights,purity,Llama-3.1-8B-Instruct,Llama-3.2-3B-Instruct,0.382
gun-rights,purity,Llama-3.1-8B-Instruct,Qwen2.5-14B-Instruct,0.433
gun-rights,purity,Llama-3.1-8B-Instruct,Qwen2.5-72B-Instruct,0.444
gun-rights,purity,Llama-3.1-8B-Instruct,Qwen2.5-7B-Instruct,0.406
gun-rights,purity,Llama-3.2-1B-Instruct,Llama-3.2-3B-Instruct,0.425
gun-rights,purity,Llama-3.2-1B-Instruct,Qwen2.5-14B-Instruct,0.505
gun-rights,purity,Llama-3.2-1B-Instruct,Qwen2.5-72B-Instruct,0.476
gun-rights,purity,Llama-3.2-1B-Instruct,Qwen2.5-7B-Instruct,0.455
gun-rights,purity,Llama-3.2-3B-Instruct,Qwen2.5-14B-Instruct,0.48
gun-rights,purity,Llama-3.2-3B-Instruct,Qwen2.5-72B-Instruct,0.499
gun-rights,purity,Llama-3.2-3B-Instruct,Qwen2.5-7B-Instruct,0.382
gun-rights,purity,Qwen2.5-14B-Instruct,Qwen2.5-72B-Instruct,0.495
gun-rights,purity,Qwen2.5-14B-Instruct,Qwen2.5-7B-Instruct,0.501
gun-rights,purity,Qwen2.5-72B-Instruct,Qwen2.5-7B-Instruct,0.364
gun-violence,authority,Apertus-8B-Instruct-2509,Llama-3.1-70B-Instruct,0.404
gun-violence,authority,Apertus-8B-Instruct-2509,Llama-3.1-8B-Instruct,0.443
gun-violence,authority,Apertus-8B-Instruct-2509,Llama-3.2-1B-Instruct,0.398
gun-violence,authority,Apertus-8B-Instruct-2509,Llama-3.2-3B-Instruct,0.43
gun-violence,authority,Apertus-8B-Instruct-2509,Qwen2.5-14B-Instruct,0.421
gun-violence,authority,Apertus-8B-Instruct-2509,Qwen2.5-72B-Instruct,0.478
gun-violence,authority,Apertus-8B-Instruct-2509,Qwen2.5-7B-Instruct,0.402
gun-violence,authority,Llama-3.1-70B-Instruct,Llama-3.1-8B-Instruct,0.335
gun-violence,authority,Llama-3.1-70B-Instruct,Llama-3.2-1B-Instruct,0.406
gun-violence,authority,Llama-3.1-70B-Instruct,Llama-3.2-3B-Instruct,0.381
gun-violence,authority,Llama-3.1-70B-Instruct,Qwen2.5-14B-Instruct,0.45
gun-violence,authority,Llama-3.1-70B-Instruct,Qwen2.5-72B-Instruct,0.42
gun-violence,authority,Llama-3.1-70B-Instruct,Qwen2.5-7B-Instruct,0.394
gun-violence,authority,Llama-3.1-8B-Instruct,Llama-3.2-1B-Instruct,0.445
gun-violence,authority,Llama-3.1-8B-Instruct,Llama-3.2-3B-Instruct,0.433
gun-violence,authority,Llama-3.1-8B-Instruct,Qwen2.5-14B-Instruct,0.472
gun-violence,authority,Llama-3.1-8B-Instruct,Qwen2.5-72B-Instruct,0.433
gun-violence,authority,Llama-3.1-8B-Instruct,Qwen2.5-7B-Instruct,0.44
gun-violence,authority,Llama-3.2-1B-Instruct,Llama-3.2-3B-Instruct,0.422
gun-violence,authority,Llama-3.2-1B-Instruct,Qwen2.5-14B-Instruct,0.508
gun-violence,authority,Llama-3.2-1B-Instruct,Qwen2.5-72B-Instruct,0.511
gun-violence,authority,Llama-3.2-1B-Instruct,Qwen2.5-7B-Instruct,0.445
gun-violence,authority,Llama-3.2-3B-Instruct,Qwen2.5-14B-Instruct,0.481
gun-violence,authority,Llama-3.2-3B-Instruct,Qwen2.5-72B-Instruct,0.495
gun-violence,authority,Llama-3.2-3B-Instruct,Qwen2.5-7B-Instruct,0.42
gun-violence,authority,Qwen2.5-14B-Instruct,Qwen2.5-72B-Instruct,0.433
gun-violence,authority,Qwen2.5-14B-Instruct,Qwen2.5-7B-Instruct,0.41
gun-violence,authority,Qwen2.5-72B-Instruct,Qwen2.5-7B-Instruct,0.429
gun-violence,base,Apertus-8B-Instruct-2509,Llama-3.1-70B-Instruct,0.378
gun-violence,base,Apertus-8B-Instruct-2509,Llama-3.1-8B-Instruct,0.43
gun-violence,base,Apertus-8B-Instruct-2509,Llama-3.2-1B-Instruct,0.412
gun-violence,base,Apertus-8B-Instruct-2509,Llama-3.2-3B-Instruct,0.393
gun-violence,base,Apertus-8B-Instruct-2509,Qwen2.5-14B-Instruct,0.479
gun-violence,base,Apertus-8B-Instruct-2509,Qwen2.5-72B-Instruct,0.398
gun-violence,base,Apertus-8B-Instruct-2509,Qwen2.5-7B-Instruct,0.434
gun-violence,base,Llama-3.1-70B-Instruct,Llama-3.1-8B-Instruct,0.319
gun-violence,base,Llama-3.1-70B-Instruct,Llama-3.2-1B-Instruct,0.35
gun-violence,base,Llama-3.1-70B-Instruct,Llama-3.2-3B-Instruct,0.356
gun-violence,base,Llama-3.1-70B-Instruct,Qwen2.5-14B-Instruct,0.451
gun-violence,base,Llama-3.1-70B-Instruct,Qwen2.5-72B-Instruct,0.404
gun-violence,base,Llama-3.1-70B-Instruct,Qwen2.5-7B-Instruct,0.41
gun-violence,base,Llama-3.1-8B-Instruct,Llama-3.2-1B-Instruct,0.372
gun-violence,base,Llama-3.1-8B-Instruct,Llama-3.2-3B-Instruct,0.369
gun-violence,base,Llama-3.1-8B-Instruct,Qwen2.5-14B-Instruct,0.459
gun-violence,base,Llama-3.1-8B-Instruct,Qwen2.5-72B-Instruct,0.436
gun-violence,base,Llama-3.1-8B-Instruct,Qwen2.5-7B-Instruct,0.43
gun-violence,base,Llama-3.2-1B-Instruct,Llama-3.2-3B-Instruct,0.375
gun-violence,base,Llama-3.2-1B-Instruct,Qwen2.5-14B-Instruct,0.469
gun-violence,base,Llama-3.2-1B-Instruct,Qwen2.5-72B-Instruct,0.429
gun-violence,base,Llama-3.2-1B-Instruct,Qwen2.5-7B-Instruct,0.433
gun-violence,base,Llama-3.2-3B-Instruct,Qwen2.5-14B-Instruct,0.451
gun-violence,base,Llama-3.2-3B-Instruct,Qwen2.5-72B-Instruct,0.432
gun-violence,base,Llama-3.2-3B-Instruct,Qwen2.5-7B-Instruct,0.433
gun-violence,base,Qwen2.5-14B-Instruct,Qwen2.5-72B-Instruct,0.43
gun-violence,base,Qwen2.5-14B-Instruct,Qwen2.5-7B-Instruct,0.404
gun-violence,base,Qwen2.5-72B-Instruct,Qwen2.5-7B-Instruct,0.422
gun-violence,care,Apertus-8B-Instruct-2509,Llama-3.1-70B-Instruct,0.399
gun-violence,care,Apertus-8B-Instruct-2509,Llama-3.1-8B-Instruct,0.437
gun-violence,care,Apertus-8B-Instruct-2509,Llama-3.2-1B-Instruct,0.458
gun-violence,care,Apertus-8B-Instruct-2509,Llama-3.2-3B-Instruct,0.393
gun-violence,care,Apertus-8B-Instruct-2509,Qwen2.5-14B-Instruct,0.439
gun-violence,care,Apertus-8B-Instruct-2509,Qwen2.5-72B-Instruct,0.4
gun-violence,care,Apertus-8B-Instruct-2509,Qwen2.5-7B-Instruct,0.416
gun-violence,care,Llama-3.1-70B-Instruct,Llama-3.1-8B-Instruct,0.344
gun-violence,care,Llama-3.1-70B-Instruct,Llama-3.2-1B-Instruct,0.392
gun-violence,care,Llama-3.1-70B-Instruct,Llama-3.2-3B-Instruct,0.316
gun-violence,care,Llama-3.1-70B-Instruct,Qwen2.5-14B-Instruct,0.442
gun-violence,care,Llama-3.1-70B-Instruct,Qwen2.5-72B-Instruct,0.414
gun-violence,care,Llama-3.1-70B-Instruct,Qwen2.5-7B-Instruct,0.408
gun-violence,care,Llama-3.1-8B-Instruct,Llama-3.2-1B-Instruct,0.39
gun-violence,care,Llama-3.1-8B-Instruct,Llama-3.2-3B-Instruct,0.331
gun-violence,care,Llama-3.1-8B-Instruct,Qwen2.5-14B-Instruct,0.471
gun-violence,care,Llama-3.1-8B-Instruct,Qwen2.5-72B-Instruct,0.462
gun-violence,care,Llama-3.1-8B-Instruct,Qwen2.5-7B-Instruct,0.422
gun-violence,care,Llama-3.2-1B-Instruct,Llama-3.2-3B-Instruct,0.347
gun-violence,care,Llama-3.2-1B-Instruct,Qwen2.5-14B-Instruct,0.478
gun-violence,care,Llama-3.2-1B-Instruct,Qwen2.5-72B-Instruct,0.468
gun-violence,care,Llama-3.2-1B-Instruct,Qwen2.5-7B-Instruct,0.397
gun-violence,care,Llama-3.2-3B-Instruct,Qwen2.5-14B-Instruct,0.467
gun-violence,care,Llama-3.2-3B-Instruct,Qwen2.5-72B-Instruct,0.409
gun-violence,care,Llama-3.2-3B-Instruct,Qwen2.5-7B-Instruct,0.37
gun-violence,care,Qwen2.5-14B-Instruct,Qwen2.5-72B-Instruct,0.403
gun-violence,care,Qwen2.5-14B-Instruct,Qwen2.5-7B-Instruct,0.455
gun-violence,care,Qwen2.5-72B-Instruct,Qwen2.5-7B-Instruct,0.431
gun-violence,equality,Apertus-8B-Instruct-2509,Llama-3.1-70B-Instruct,0.482
gun-violence,equality,Apertus-8B-Instruct-2509,Llama-3.1-8B-Instruct,0.449
gun-violence,equality,Apertus-8B-Instruct-2509,Llama-3.2-1B-Instruct,0.449
gun-violence,equality,Apertus-8B-Instruct-2509,Llama-3.2-3B-Instruct,0.452
gun-violence,equality,Apertus-8B-Instruct-2509,Qwen2.5-14B-Instruct,0.395
gun-violence,equality,Apertus-8B-Instruct-2509,Qwen2.5-72B-Instruct,0.393
gun-violence,equality,Apertus-8B-Instruct-2509,Qwen2.5-7B-Instruct,0.443
gun-violence,equality,Llama-3.1-70B-Instruct,Llama-3.1-8B-Instruct,0.346
gun-violence,equality,Llama-3.1-70B-Instruct,Llama-3.2-1B-Instruct,0.438
gun-violence,equality,Llama-3.1-70B-Instruct,Llama-3.2-3B-Instruct,0.399
gun-violence,equality,Llama-3.1-70B-Instruct,Qwen2.5-14B-Instruct,0.449
gun-violence,equality,Llama-3.1-70B-Instruct,Qwen2.5-72B-Instruct,0.45
gun-violence,equality,Llama-3.1-70B-Instruct,Qwen2.5-7B-Instruct,0.467
gun-violence,equality,Llama-3.1-8B-Instruct,Llama-3.2-1B-Instruct,0.467
gun-violence,equality,Llama-3.1-8B-Instruct,Llama-3.2-3B-Instruct,0.382
gun-violence,equality,Llama-3.1-8B-Instruct,Qwen2.5-14B-Instruct,0.453
gun-violence,equality,Llama-3.1-8B-Instruct,Qwen2.5-72B-Instruct,0.421
gun-violence,equality,Llama-3.1-8B-Instruct,Qwen2.5-7B-Instruct,0.493
gun-violence,equality,Llama-3.2-1B-Instruct,Llama-3.2-3B-Instruct,0.392
gun-violence,equality,Llama-3.2-1B-Instruct,Qwen2.5-14B-Instruct,0.471
gun-violence,equality,Llama-3.2-1B-Instruct,Qwen2.5-72B-Instruct,0.442
gun-violence,equality,Llama-3.2-1B-Instruct,Qwen2.5-7B-Instruct,0.422
gun-violence,equality,Llama-3.2-3B-Instruct,Qwen2.5-14B-Instruct,0.474
gun-violence,equality,Llama-3.2-3B-Instruct,Qwen2.5-72B-Instruct,0.39
gun-violence,equality,Llama-3.2-3B-Instruct,Qwen2.5-7B-Instruct,0.406
gun-violence,equality,Qwen2.5-14B-Instruct,Qwen2.5-72B-Instruct,0.382
gun-violence,equality,Qwen2.5-14B-Instruct,Qwen2.5-7B-Instruct,0.417
gun-violence,equality,Qwen2.5-72B-Instruct,Qwen2.5-7B-Instruct,0.426
gun-violence,loyalty,Apertus-8B-Instruct-2509,Llama-3.1-70B-Instruct,0.421
gun-violence,loyalty,Apertus-8B-Instruct-2509,Llama-3.1-8B-Instruct,0.423
gun-violence,loyalty,Apertus-8B-Instruct-2509,Llama-3.2-1B-Instruct,0.415
gun-violence,loyalty,Apertus-8B-Instruct-2509,Llama-3.2-3B-Instruct,0.382
gun-violence,loyalty,Apertus-8B-Instruct-2509,Qwen2.5-14B-Instruct,0.431
gun-violence,loyalty,Apertus-8B-Instruct-2509,Qwen2.5-72B-Instruct,0.433
gun-violence,loyalty,Apertus-8B-Instruct-2509,Qwen2.5-7B-Instruct,0.448
gun-violence,loyalty,Llama-3.1-70B-Instruct,Llama-3.1-8B-Instruct,0.318
gun-violence,loyalty,Llama-3.1-70B-Instruct,Llama-3.2-1B-Instruct,0.405
gun-violence,loyalty,Llama-3.1-70B-Instruct,Llama-3.2-3B-Instruct,0.361
gun-violence,loyalty,Llama-3.1-70B-Instruct,Qwen2.5-14B-Instruct,0.424
gun-violence,loyalty,Llama-3.1-70B-Instruct,Qwen2.5-72B-Instruct,0.422
gun-violence,loyalty,Llama-3.1-70B-Instruct,Qwen2.5-7B-Instruct,0.498
gun-violence,loyalty,Llama-3.1-8B-Instruct,Llama-3.2-1B-Instruct,0.426
gun-violence,loyalty,Llama-3.1-8B-Instruct,Llama-3.2-3B-Instruct,0.365
gun-violence,loyalty,Llama-3.1-8B-Instruct,Qwen2.5-14B-Instruct,0.455
gun-violence,loyalty,Llama-3.1-8B-Instruct,Qwen2.5-72B-Instruct,0.408
gun-violence,loyalty,Llama-3.1-8B-Instruct,Qwen2.5-7B-Instruct,0.516
gun-violence,loyalty,Llama-3.2-1B-Instruct,Llama-3.2-3B-Instruct,0.343
gun-violence,loyalty,Llama-3.2-1B-Instruct,Qwen2.5-14B-Instruct,0.496
gun-violence,loyalty,Llama-3.2-1B-Instruct,Qwen2.5-72B-Instruct,0.46
gun-violence,loyalty,Llama-3.2-1B-Instruct,Qwen2.5-7B-Instruct,0.485
gun-violence,loyalty,Llama-3.2-3B-Instruct,Qwen2.5-14B-Instruct,0.46
gun-violence,loyalty,Llama-3.2-3B-Instruct,Qwen2.5-72B-Instruct,0.432
gun-violence,loyalty,Llama-3.2-3B-Instruct,Qwen2.5-7B-Instruct,0.482
gun-violence,loyalty,Qwen2.5-14B-Instruct,Qwen2.5-72B-Instruct,0.405
gun-violence,loyalty,Qwen2.5-14B-Instruct,Qwen2.5-7B-Instruct,0.48
gun-violence,loyalty,Qwen2.5-72B-Instruct,Qwen2.5-7B-Instruct,0.426
gun-violence,proportionality,Apertus-8B-Instruct-2509,Llama-3.1-70B-Instruct,0.451
gun-violence,proportionality,Apertus-8B-Instruct-2509,Llama-3.1-8B-Instruct,0.448
gun-violence,proportionality,Apertus-8B-Instruct-2509,Llama-3.2-1B-Instruct,0.445
gun-violence,proportionality,Apertus-8B-Instruct-2509,Llama-3.2-3B-Instruct,0.456
gun-violence,proportionality,Apertus-8B-Instruct-2509,Qwen2.5-14B-Instruct,0.416
gun-violence,proportionality,Apertus-8B-Instruct-2509,Qwen2.5-72B-Instruct,0.423
gun-violence,proportionality,Apertus-8B-Instruct-2509,Qwen2.5-7B-Instruct,0.498
gun-violence,proportionality,Llama-3.1-70B-Instruct,Llama-3.1-8B-Instruct,0.327
gun-violence,proportionality,Llama-3.1-70B-Instruct,Llama-3.2-1B-Instruct,0.425
gun-violence,proportionality,Llama-3.1-70B-Instruct,Llama-3.2-3B-Instruct,0.418
gun-violence,proportionality,Llama-3.1-70B-Instruct,Qwen2.5-14B-Instruct,0.446
gun-violence,proportionality,Llama-3.1-70B-Instruct,Qwen2.5-72B-Instruct,0.431
gun-violence,proportionality,Llama-3.1-70B-Instruct,Qwen2.5-7B-Instruct,0.475
gun-violence,proportionality,Llama-3.1-8B-Instruct,Llama-3.2-1B-Instruct,0.414
gun-violence,proportionality,Llama-3.1-8B-Instruct,Llama-3.2-3B-Instruct,0.354
gun-violence,proportionality,Llama-3.1-8B-Instruct,Qwen2.5-14B-Instruct,0.457
gun-violence,proportionality,Llama-3.1-8B-Instruct,Qwen2.5-72B-Instruct,0.42
gun-violence,proportionality,Llama-3.1-8B-Instruct,Qwen2.5-7B-Instruct,0.411
gun-violence,proportionality,Llama-3.2-1B-Instruct,Llama-3.2-3B-Instruct,0.423
gun-violence,proportionality,Llama-3.2-1B-Instruct,Qwen2.5-14B-Instruct,0.478
gun-violence,proportionality,Llama-3.2-1B-Instruct,Qwen2.5-72B-Instruct,0.429
gun-violence,proportionality,Llama-3.2-1B-Instruct,Qwen2.5-7B-Instruct,0.484
gun-violence,proportionality,Llama-3.2-3B-Instruct,Qwen2.5-14B-Instruct,0.459
gun-violence,proportionality,Llama-3.2-3B-Instruct,Qwen2.5-72B-Instruct,0.443
gun-violence,proportionality,Llama-3.2-3B-Instruct,Qwen2.5-7B-Instruct,0.456
gun-violence,proportionality,Qwen2.5-14B-Instruct,Qwen2.5-72B-Instruct,0.394
gun-violence,proportionality,Qwen2.5-14B-Instruct,Qwen2.5-7B-Instruct,0.472
gun-violence,proportionality,Qwen2.5-72B-Instruct,Qwen2.5-7B-Instruct,0.449
gun-violence,purity,Apertus-8B-Instruct-2509,Llama-3.1-70B-Instruct,0.396
gun-violence,purity,Apertus-8B-Instruct-2509,Llama-3.1-8B-Instruct,0.413
gun-violence,purity,Apertus-8B-Instruct-2509,Llama-3.2-1B-Instruct,0.38
gun-violence,purity,Apertus-8B-Instruct-2509,Llama-3.2-3B-Instruct,0.442
gun-violence,purity,Apertus-8B-Instruct-2509,Qwen2.5-14B-Instruct,0.424
gun-violence,purity,Apertus-8B-Instruct-2509,Qwen2.5-72B-Instruct,0.532
gun-violence,purity,Apertus-8B-Instruct-2509,Qwen2.5-7B-Instruct,0.416
gun-violence,purity,Llama-3.1-70B-Instruct,Llama-3.1-8B-Instruct,0.344
gun-violence,purity,Llama-3.1-70B-Instruct,Llama-3.2-1B-Instruct,0.406
gun-violence,purity,Llama-3.1-70B-Instruct,Llama-3.2-3B-Instruct,0.389
gun-violence,purity,Llama-3.1-70B-Instruct,Qwen2.5-14B-Instruct,0.42
gun-violence,purity,Llama-3.1-70B-Instruct,Qwen2.5-72B-Instruct,0.481
gun-violence,purity,Llama-3.1-70B-Instruct,Qwen2.5-7B-Instruct,0.434
gun-violence,purity,Llama-3.1-8B-Instruct,Llama-3.2-1B-Instruct,0.343
gun-violence,purity,Llama-3.1-8B-Instruct,Llama-3.2-3B-Instruct,0.363
gun-violence,purity,Llama-3.1-8B-Instruct,Qwen2.5-14B-Instruct,0.444
gun-violence,purity,Llama-3.1-8B-Instruct,Qwen2.5-72B-Instruct,0.528
gun-violence,purity,Llama-3.1-8B-Instruct,Qwen2.5-7B-Instruct,0.459
gun-violence,purity,Llama-3.2-1B-Instruct,Llama-3.2-3B-Instruct,0.388
gun-violence,purity,Llama-3.2-1B-Instruct,Qwen2.5-14B-Instruct,0.487
gun-violence,purity,Llama-3.2-1B-Instruct,Qwen2.5-72B-Instruct,0.486
gun-violence,purity,Llama-3.2-1B-Instruct,Qwen2.5-7B-Instruct,0.448
gun-violence,purity,Llama-3.2-3B-Instruct,Qwen2.5-14B-Instruct,0.488
gun-violence,purity,Llama-3.2-3B-Instruct,Qwen2.5-72B-Instruct,0.515
gun-violence,purity,Llama-3.2-3B-Instruct,Qwen2.5-7B-Instruct,0.435
gun-violence,purity,Qwen2.5-14B-Instruct,Qwen2.5-72B-Instruct,0.508
gun-violence,purity,Qwen2.5-14B-Instruct,Qwen2.5-7B-Instruct,0.415
gun-violence,purity,Qwen2.5-72B-Instruct,Qwen2.5-7B-Instruct,0.45
inequality-inequity,authority,Apertus-8B-Instruct-2509,Llama-3.1-70B-Instruct,0.418
inequality-inequity,authority,Apertus-8B-Instruct-2509,Llama-3.1-8B-Instruct,0.455
inequality-inequity,authority,Apertus-8B-Instruct-2509,Llama-3.2-1B-Instruct,0.543
inequality-inequity,authority,Apertus-8B-Instruct-2509,Llama-3.2-3B-Instruct,0.479
inequality-inequity,authority,Apertus-8B-Instruct-2509,Qwen2.5-14B-Instruct,0.465
inequality-inequity,authority,Apertus-8B-Instruct-2509,Qwen2.5-72B-Instruct,0.446
inequality-inequity,authority,Apertus-8B-Instruct-2509,Qwen2.5-7B-Instruct,0.432
inequality-inequity,authority,Llama-3.1-70B-Instruct,Llama-3.1-8B-Instruct,0.421
inequality-inequity,authority,Llama-3.1-70B-Instruct,Llama-3.2-1B-Instruct,0.48
inequality-inequity,authority,Llama-3.1-70B-Instruct,Llama-3.2-3B-Instruct,0.452
inequality-inequity,authority,Llama-3.1-70B-Instruct,Qwen2.5-14B-Instruct,0.509
inequality-inequity,authority,Llama-3.1-70B-Instruct,Qwen2.5-72B-Instruct,0.45
inequality-inequity,authority,Llama-3.1-70B-Instruct,Qwen2.5-7B-Instruct,0.437
inequality-inequity,authority,Llama-3.1-8B-Instruct,Llama-3.2-1B-Instruct,0.464
inequality-inequity,authority,Llama-3.1-8B-Instruct,Llama-3.2-3B-Instruct,0.357
inequality-inequity,authority,Llama-3.1-8B-Instruct,Qwen2.5-14B-Instruct,0.48
inequality-inequity,authority,Llama-3.1-8B-Instruct,Qwen2.5-72B-Instruct,0.475
inequality-inequity,authority,Llama-3.1-8B-Instruct,Qwen2.5-7B-Instruct,0.439
inequality-inequity,authority,Llama-3.2-1B-Instruct,Llama-3.2-3B-Instruct,0.476
inequality-inequity,authority,Llama-3.2-1B-Instruct,Qwen2.5-14B-Instruct,0.575
inequality-inequity,authority,Llama-3.2-1B-Instruct,Qwen2.5-72B-Instruct,0.536
inequality-inequity,authority,Llama-3.2-1B-Instruct,Qwen2.5-7B-Instruct,0.48
inequality-inequity,authority,Llama-3.2-3B-Instruct,Qwen2.5-14B-Instruct,0.446
inequality-inequity,authority,Llama-3.2-3B-Instruct,Qwen2.5-72B-Instruct,0.486
inequality-inequity,authority,Llama-3.2-3B-Instruct,Qwen2.5-7B-Instruct,0.447
inequality-inequity,authority,Qwen2.5-14B-Instruct,Qwen2.5-72B-Instruct,0.415
inequality-inequity,authority,Qwen2.5-14B-Instruct,Qwen2.5-7B-Instruct,0.388
inequality-inequity,authority,Qwen2.5-72B-Instruct,Qwen2.5-7B-Instruct,0.419
inequality-inequity,base,Apertus-8B-Instruct-2509,Llama-3.1-70B-Instruct,0.406
inequality-inequity,base,Apertus-8B-Instruct-2509,Llama-3.1-8B-Instruct,0.385
inequality-inequity,base,Apertus-8B-Instruct-2509,Llama-3.2-1B-Instruct,0.426
inequality-inequity,base,Apertus-8B-Instruct-2509,Llama-3.2-3B-Instruct,0.433
inequality-inequity,base,Apertus-8B-Instruct-2509,Qwen2.5-14B-Instruct,0.484
inequality-inequity,base,Apertus-8B-Instruct-2509,Qwen2.5-72B-Instruct,0.467
inequality-inequity,base,Apertus-8B-Instruct-2509,Qwen2.5-7B-Instruct,0.462
inequality-inequity,base,Llama-3.1-70B-Instruct,Llama-3.1-8B-Instruct,0.331
inequality-inequity,base,Llama-3.1-70B-Instruct,Llama-3.2-1B-Instruct,0.403
inequality-inequity,base,Llama-3.1-70B-Instruct,Llama-3.2-3B-Instruct,0.371
inequality-inequity,base,Llama-3.1-70B-Instruct,Qwen2.5-14B-Instruct,0.475
inequality-inequity,base,Llama-3.1-70B-Instruct,Qwen2.5-72B-Instruct,0.417
inequality-inequity,base,Llama-3.1-70B-Instruct,Qwen2.5-7B-Instruct,0.434
inequality-inequity,base,Llama-3.1-8B-Instruct,Llama-3.2-1B-Instruct,0.414
inequality-inequity,base,Llama-3.1-8B-Instruct,Llama-3.2-3B-Instruct,0.369
inequality-inequity,base,Llama-3.1-8B-Instruct,Qwen2.5-14B-Instruct,0.469
inequality-inequity,base,Llama-3.1-8B-Instruct,Qwen2.5-72B-Instruct,0.43
inequality-inequity,base,Llama-3.1-8B-Instruct,Qwen2.5-7B-Instruct,0.473
inequality-inequity,base,Llama-3.2-1B-Instruct,Llama-3.2-3B-Instruct,0.448
inequality-inequity,base,Llama-3.2-1B-Instruct,Qwen2.5-14B-Instruct,0.495
inequality-inequity,base,Llama-3.2-1B-Instruct,Qwen2.5-72B-Instruct,0.491
inequality-inequity,base,Llama-3.2-1B-Instruct,Qwen2.5-7B-Instruct,0.474
inequality-inequity,base,Llama-3.2-3B-Instruct,Qwen2.5-14B-Instruct,0.546
inequality-inequity,base,Llama-3.2-3B-Instruct,Qwen2.5-72B-Instruct,0.49
inequality-inequity,base,Llama-3.2-3B-Instruct,Qwen2.5-7B-Instruct,0.461
inequality-inequity,base,Qwen2.5-14B-Instruct,Qwen2.5-72B-Instruct,0.41
inequality-inequity,base,Qwen2.5-14B-Instruct,Qwen2.5-7B-Instruct,0.431
inequality-inequity,base,Qwen2.5-72B-Instruct,Qwen2.5-7B-Instruct,0.355
inequality-inequity,care,Apertus-8B-Instruct-2509,Llama-3.1-70B-Instruct,0.376
inequality-inequity,care,Apertus-8B-Instruct-2509,Llama-3.1-8B-Instruct,0.401
inequality-inequity,care,Apertus-8B-Instruct-2509,Llama-3.2-1B-Instruct,0.49
inequality-inequity,care,Apertus-8B-Instruct-2509,Llama-3.2-3B-Instruct,0.464
inequality-inequity,care,Apertus-8B-Instruct-2509,Qwen2.5-14B-Instruct,0.444
inequality-inequity,care,Apertus-8B-Instruct-2509,Qwen2.5-72B-Instruct,0.42
inequality-inequity,care,Apertus-8B-Instruct-2509,Qwen2.5-7B-Instruct,0.449
inequality-inequity,care,Llama-3.1-70B-Instruct,Llama-3.1-8B-Instruct,0.409
inequality-inequity,care,Llama-3.1-70B-Instruct,Llama-3.2-1B-Instruct,0.362
inequality-inequity,care,Llama-3.1-70B-Instruct,Llama-3.2-3B-Instruct,0.351
inequality-inequity,care,Llama-3.1-70B-Instruct,Qwen2.5-14B-Instruct,0.455
inequality-inequity,care,Llama-3.1-70B-Instruct,Qwen2.5-72B-Instruct,0.403
inequality-inequity,care,Llama-3.1-70B-Instruct,Qwen2.5-7B-Instruct,0.42
inequality-inequity,care,Llama-3.1-8B-Instruct,Llama-3.2-1B-Instruct,0.498
inequality-inequity,care,Llama-3.1-8B-Instruct,Llama-3.2-3B-Instruct,0.44
inequality-inequity,care,Llama-3.1-8B-Instruct,Qwen2.5-14B-Instruct,0.535
inequality-inequity,care,Llama-3.1-8B-Instruct,Qwen2.5-72B-Instruct,0.42
inequality-inequity,care,Llama-3.1-8B-Instruct,Qwen2.5-7B-Instruct,0.489
inequality-inequity,care,Llama-3.2-1B-Instruct,Llama-3.2-3B-Instruct,0.366
inequality-inequity,care,Llama-3.2-1B-Instruct,Qwen2.5-14B-Instruct,0.51
inequality-inequity,care,Llama-3.2-1B-Instruct,Qwen2.5-72B-Instruct,0.495
inequality-inequity,care,Llama-3.2-1B-Instruct,Qwen2.5-7B-Instruct,0.484
inequality-inequity,care,Llama-3.2-3B-Instruct,Qwen2.5-14B-Instruct,0.5
inequality-inequity,care,Llama-3.2-3B-Instruct,Qwen2.5-72B-Instruct,0.47
inequality-inequity,care,Llama-3.2-3B-Instruct,Qwen2.5-7B-Instruct,0.494
inequality-inequity,care,Qwen2.5-14B-Instruct,Qwen2.5-72B-Instruct,0.451
inequality-inequity,care,Qwen2.5-14B-Instruct,Qwen2.5-7B-Instruct,0.46
inequality-inequity,care,Qwen2.5-72B-Instruct,Qwen2.5-7B-Instruct,0.431
inequality-inequity,equality,Apertus-8B-Instruct-2509,Llama-3.1-70B-Instruct,0.374
inequality-inequity,equality,Apertus-8B-Instruct-2509,Llama-3.1-8B-Instruct,0.498
inequality-inequity,equality,Apertus-8B-Instruct-2509,Llama-3.2-1B-Instruct,0.515
inequality-inequity,equality,Apertus-8B-Instruct-2509,Llama-3.2-3B-Instruct,0.465
inequality-inequity,equality,Apertus-8B-Instruct-2509,Qwen2.5-14B-Instruct,0.398
inequality-inequity,equality,Apertus-8B-Instruct-2509,Qwen2.5-72B-Instruct,0.415
inequality-inequity,equality,Apertus-8B-Instruct-2509,Qwen2.5-7B-Instruct,0.421
inequality-inequity,equality,Llama-3.1-70B-Instruct,Llama-3.1-8B-Instruct,0.386
inequality-inequity,equality,Llama-3.1-70B-Instruct,Llama-3.2-1B-Instruct,0.437
inequality-inequity,equality,Llama-3.1-70B-Instruct,Llama-3.2-3B-Instruct,0.395
inequality-inequity,equality,Llama-3.1-70B-Instruct,Qwen2.5-14B-Instruct,0.444
inequality-inequity,equality,Llama-3.1-70B-Instruct,Qwen2.5-72B-Instruct,0.439
inequality-inequity,equality,Llama-3.1-70B-Instruct,Qwen2.5-7B-Instruct,0.428
inequality-inequity,equality,Llama-3.1-8B-Instruct,Llama-3.2-1B-Instruct,0.412
inequality-inequity,equality,Llama-3.1-8B-Instruct,Llama-3.2-3B-Instruct,0.391
inequality-inequity,equality,Llama-3.1-8B-Instruct,Qwen2.5-14B-Instruct,0.505
inequality-inequity,equality,Llama-3.1-8B-Instruct,Qwen2.5-72B-Instruct,0.506
inequality-inequity,equality,Llama-3.1-8B-Instruct,Qwen2.5-7B-Instruct,0.498
inequality-inequity,equality,Llama-3.2-1B-Instruct,Llama-3.2-3B-Instruct,0.365
inequality-inequity,equality,Llama-3.2-1B-Instruct,Qwen2.5-14B-Instruct,0.493
inequality-inequity,equality,Llama-3.2-1B-Instruct,Qwen2.5-72B-Instruct,0.541
inequality-inequity,equality,Llama-3.2-1B-Instruct,Qwen2.5-7B-Instruct,0.505
inequality-inequity,equality,Llama-3.2-3B-Instruct,Qwen2.5-14B-Instruct,0.493
inequality-inequity,equality,Llama-3.2-3B-Instruct,Qwen2.5-72B-Instruct,0.471
inequality-inequity,equality,Llama-3.2-3B-Instruct,Qwen2.5-7B-Instruct,0.496
inequality-inequity,equality,Qwen2.5-14B-Instruct,Qwen2.5-72B-Instruct,0.47
inequality-inequity,equality,Qwen2.5-14B-Instruct,Qwen2.5-7B-Instruct,0.397
inequality-inequity,equality,Qwen2.5-72B-Instruct,Qwen2.5-7B-Instruct,0.359
inequality-inequity,loyalty,Apertus-8B-Instruct-2509,Llama-3.1-70B-Instruct,0.44
inequality-inequity,loyalty,Apertus-8B-Instruct-2509,Llama-3.1-8B-Instruct,0.46
inequality-inequity,loyalty,Apertus-8B-Instruct-2509,Llama-3.2-1B-Instruct,0.542
inequality-inequity,loyalty,Apertus-8B-Instruct-2509,Llama-3.2-3B-Instruct,0.546
inequality-inequity,loyalty,Apertus-8B-Instruct-2509,Qwen2.5-14B-Instruct,0.436
inequality-inequity,loyalty,Apertus-8B-Instruct-2509,Qwen2.5-72B-Instruct,0.486
inequality-inequity,loyalty,Apertus-8B-Instruct-2509,Qwen2.5-7B-Instruct,0.48
inequality-inequity,loyalty,Llama-3.1-70B-Instruct,Llama-3.1-8B-Instruct,0.354
inequality-inequity,loyalty,Llama-3.1-70B-Instruct,Llama-3.2-1B-Instruct,0.435
inequality-inequity,loyalty,Llama-3.1-70B-Instruct,Llama-3.2-3B-Instruct,0.432
inequality-inequity,loyalty,Llama-3.1-70B-Instruct,Qwen2.5-14B-Instruct,0.449
inequality-inequity,loyalty,Llama-3.1-70B-Instruct,Qwen2.5-72B-Instruct,0.425
inequality-inequity,loyalty,Llama-3.1-70B-Instruct,Qwen2.5-7B-Instruct,0.467
inequality-inequity,loyalty,Llama-3.1-8B-Instruct,Llama-3.2-1B-Instruct,0.485
inequality-inequity,loyalty,Llama-3.1-8B-Instruct,Llama-3.2-3B-Instruct,0.447
inequality-inequity,loyalty,Llama-3.1-8B-Instruct,Qwen2.5-14B-Instruct,0.44
inequality-inequity,loyalty,Llama-3.1-8B-Instruct,Qwen2.5-72B-Instruct,0.465
inequality-inequity,loyalty,Llama-3.1-8B-Instruct,Qwen2.5-7B-Instruct,0.462
inequality-inequity,loyalty,Llama-3.2-1B-Instruct,Llama-3.2-3B-Instruct,0.433
inequality-inequity,loyalty,Llama-3.2-1B-Instruct,Qwen2.5-14B-Instruct,0.501
inequality-inequity,loyalty,Llama-3.2-1B-Instruct,Qwen2.5-72B-Instruct,0.514
inequality-inequity,loyalty,Llama-3.2-1B-Instruct,Qwen2.5-7B-Instruct,0.487
inequality-inequity,loyalty,Llama-3.2-3B-Instruct,Qwen2.5-14B-Instruct,0.463
inequality-inequity,loyalty,Llama-3.2-3B-Instruct,Qwen2.5-72B-Instruct,0.504
inequality-inequity,loyalty,Llama-3.2-3B-Instruct,Qwen2.5-7B-Instruct,0.477
inequality-inequity,loyalty,Qwen2.5-14B-Instruct,Qwen2.5-72B-Instruct,0.402
inequality-inequity,loyalty,Qwen2.5-14B-Instruct,Qwen2.5-7B-Instruct,0.444
inequality-inequity,loyalty,Qwen2.5-72B-Instruct,Qwen2.5-7B-Instruct,0.415
inequality-inequity,proportionality,Apertus-8B-Instruct-2509,Llama-3.1-70B-Instruct,0.395
inequality-inequity,proportionality,Apertus-8B-Instruct-2509,Llama-3.1-8B-Instruct,0.444
inequality-inequity,proportionality,Apertus-8B-Instruct-2509,Llama-3.2-1B-Instruct,0.511
inequality-inequity,proportionality,Apertus-8B-Instruct-2509,Llama-3.2-3B-Instruct,0.429
inequality-inequity,proportionality,Apertus-8B-Instruct-2509,Qwen2.5-14B-Instruct,0.454
inequality-inequity,proportionality,Apertus-8B-Instruct-2509,Qwen2.5-72B-Instruct,0.479
inequality-inequity,proportionality,Apertus-8B-Instruct-2509,Qwen2.5-7B-Instruct,0.489
inequality-inequity,proportionality,Llama-3.1-70B-Instruct,Llama-3.1-8B-Instruct,0.306
inequality-inequity,proportionality,Llama-3.1-70B-Instruct,Llama-3.2-1B-Instruct,0.387
inequality-inequity,proportionality,Llama-3.1-70B-Instruct,Llama-3.2-3B-Instruct,0.272
inequality-inequity,proportionality,Llama-3.1-70B-Instruct,Qwen2.5-14B-Instruct,0.46
inequality-inequity,proportionality,Llama-3.1-70B-Instruct,Qwen2.5-72B-Instruct,0.429
inequality-inequity,proportionality,Llama-3.1-70B-Instruct,Qwen2.5-7B-Instruct,0.466
inequality-inequity,proportionality,Llama-3.1-8B-Instruct,Llama-3.2-1B-Instruct,0.443
inequality-inequity,proportionality,Llama-3.1-8B-Instruct,Llama-3.2-3B-Instruct,0.361
inequality-inequity,proportionality,Llama-3.1-8B-Instruct,Qwen2.5-14B-Instruct,0.489
inequality-inequity,proportionality,Llama-3.1-8B-Instruct,Qwen2.5-72B-Instruct,0.467
inequality-inequity,proportionality,Llama-3.1-8B-Instruct,Qwen2.5-7B-Instruct,0.485
inequality-inequity,proportionality,Llama-3.2-1B-Instruct,Llama-3.2-3B-Instruct,0.414
inequality-inequity,proportionality,Llama-3.2-1B-Instruct,Qwen2.5-14B-Instruct,0.538
inequality-inequity,proportionality,Llama-3.2-1B-Instruct,Qwen2.5-72B-Instruct,0.467
inequality-inequity,proportionality,Llama-3.2-1B-Instruct,Qwen2.5-7B-Instruct,0.485
inequality-inequity,proportionality,Llama-3.2-3B-Instruct,Qwen2.5-14B-Instruct,0.478
inequality-inequity,proportionality,Llama-3.2-3B-Instruct,Qwen2.5-72B-Instruct,0.435
inequality-inequity,proportionality,Llama-3.2-3B-Instruct,Qwen2.5-7B-Instruct,0.498
inequality-inequity,proportionality,Qwen2.5-14B-Instruct,Qwen2.5-72B-Instruct,0.463
inequality-inequity,proportionality,Qwen2.5-14B-Instruct,Qwen2.5-7B-Instruct,0.452
inequality-inequity,proportionality,Qwen2.5-72B-Instruct,Qwen2.5-7B-Instruct,0.454
inequality-inequity,purity,Apertus-8B-Instruct-2509,Llama-3.1-70B-Instruct,0.352
inequality-inequity,purity,Apertus-8B-Instruct-2509,Llama-3.1-8B-Instruct,0.438
inequality-inequity,purity,Apertus-8B-Instruct-2509,Llama-3.2-1B-Instruct,0.479
inequality-inequity,purity,Apertus-8B-Instruct-2509,Llama-3.2-3B-Instruct,0.469
inequality-inequity,purity,Apertus-8B-Instruct-2509,Qwen2.5-14B-Instruct,0.506
inequality-inequity,purity,Apertus-8B-Instruct-2509,Qwen2.5-72B-Instruct,0.452
inequality-inequity,purity,Apertus-8B-Instruct-2509,Qwen2.5-7B-Instruct,0.478
inequality-inequity,purity,Llama-3.1-70B-Instruct,Llama-3.1-8B-Instruct,0.314
inequality-inequity,purity,Llama-3.1-70B-Instruct,Llama-3.2-1B-Instruct,0.397
inequality-inequity,purity,Llama-3.1-70B-Instruct,Llama-3.2-3B-Instruct,0.337
inequality-inequity,purity,Llama-3.1-70B-Instruct,Qwen2.5-14B-Instruct,0.473
inequality-inequity,purity,Llama-3.1-70B-Instruct,Qwen2.5-72B-Instruct,0.437
inequality-inequity,purity,Llama-3.1-70B-Instruct,Qwen2.5-7B-Instruct,0.471
inequality-inequity,purity,Llama-3.1-8B-Instruct,Llama-3.2-1B-Instruct,0.438
inequality-inequity,purity,Llama-3.1-8B-Instruct,Llama-3.2-3B-Instruct,0.422
inequality-inequity,purity,Llama-3.1-8B-Instruct,Qwen2.5-14B-Instruct,0.512
inequality-inequity,purity,Llama-3.1-8B-Instruct,Qwen2.5-72B-Instruct,0.529
inequality-inequity,purity,Llama-3.1-8B-Instruct,Qwen2.5-7B-Instruct,0.523
inequality-inequity,purity,Llama-3.2-1B-Instruct,Llama-3.2-3B-Instruct,0.475
inequality-inequity,purity,Llama-3.2-1B-Instruct,Qwen2.5-14B-Instruct,0.514
inequality-inequity,purity,Llama-3.2-1B-Instruct,Qwen2.5-72B-Instruct,0.521
inequality-inequity,purity,Llama-3.2-1B-Instruct,Qwen2.5-7B-Instruct,0.536
inequality-inequity,purity,Llama-3.2-3B-Instruct,Qwen2.5-14B-Instruct,0.528
inequality-inequity,purity,Llama-3.2-3B-Instruct,Qwen2.5-72B-Instruct,0.493
inequality-inequity,purity,Llama-3.2-3B-Instruct,Qwen2.5-7B-Instruct,0.502
inequality-inequity,purity,Qwen2.5-14B-Instruct,Qwen2.5-72B-Instruct,0.423
inequality-inequity,purity,Qwen2.5-14B-Instruct,Qwen2.5-7B-Instruct,0.418
inequality-inequity,purity,Qwen2.5-72B-Instruct,Qwen2.5-7B-Instruct,0.391
libertarianism-libertarian-party,authority,Apertus-8B-Instruct-2509,Llama-3.1-70B-Instruct,0.325
libertarianism-libertarian-party,authority,Apertus-8B-Instruct-2509,Llama-3.1-8B-Instruct,0.347
libertarianism-libertarian-party,authority,Apertus-8B-Instruct-2509,Llama-3.2-1B-Instruct,0.388
libertarianism-libertarian-party,authority,Apertus-8B-Instruct-2509,Llama-3.2-3B-Instruct,0.336
libertarianism-libertarian-party,authority,Apertus-8B-Instruct-2509,Qwen2.5-14B-Instruct,0.419
libertarianism-libertarian-party,authority,Apertus-8B-Instruct-2509,Qwen2.5-72B-Instruct,0.342
libertarianism-libertarian-party,authority,Apertus-8B-Instruct-2509,Qwen2.5-7B-Instruct,0.693
libertarianism-libertarian-party,authority,Llama-3.1-70B-Instruct,Llama-3.1-8B-Instruct,0.256
libertarianism-libertarian-party,authority,Llama-3.1-70B-Instruct,Llama-3.2-1B-Instruct,0.373
libertarianism-libertarian-party,authority,Llama-3.1-70B-Instruct,Llama-3.2-3B-Instruct,0.336
libertarianism-libertarian-party,authority,Llama-3.1-70B-Instruct,Qwen2.5-14B-Instruct,0.354
libertarianism-libertarian-party,authority,Llama-3.1-70B-Instruct,Qwen2.5-72B-Instruct,0.292
libertarianism-libertarian-party,authority,Llama-3.1-70B-Instruct,Qwen2.5-7B-Instruct,0.693
libertarianism-libertarian-party,authority,Llama-3.1-8B-Instruct,Llama-3.2-1B-Instruct,0.401
libertarianism-libertarian-party,authority,Llama-3.1-8B-Instruct,Llama-3.2-3B-Instruct,0.36
libertarianism-libertarian-party,authority,Llama-3.1-8B-Instruct,Qwen2.5-14B-Instruct,0.385
libertarianism-libertarian-party,authority,Llama-3.1-8B-Instruct,Qwen2.5-72B-Instruct,0.311
libertarianism-libertarian-party,authority,Llama-3.1-8B-Instruct,Qwen2.5-7B-Instruct,0.693
libertarianism-libertarian-party,authority,Llama-3.2-1B-Instruct,Llama-3.2-3B-Instruct,0.371
libertarianism-libertarian-party,authority,Llama-3.2-1B-Instruct,Qwen2.5-14B-Instruct,0.44
libertarianism-libertarian-party,authority,Llama-3.2-1B-Instruct,Qwen2.5-72B-Instruct,0.436
libertarianism-libertarian-party,authority,Llama-3.2-1B-Instruct,Qwen2.5-7B-Instruct,0.693
libertarianism-libertarian-party,authority,Llama-3.2-3B-Instruct,Qwen2.5-14B-Instruct,0.409
libertarianism-libertarian-party,authority,Llama-3.2-3B-Instruct,Qwen2.5-72B-Instruct,0.37
libertarianism-libertarian-party,authority,Llama-3.2-3B-Instruct,Qwen2.5-7B-Instruct,0.693
libertarianism-libertarian-party,authority,Qwen2.5-14B-Instruct,Qwen2.5-72B-Instruct,0.322
libertarianism-libertarian-party,authority,Qwen2.5-14B-Instruct,Qwen2.5-7B-Instruct,0.693
libertarianism-libertarian-party,authority,Qwen2.5-72B-Instruct,Qwen2.5-7B-Instruct,0.693
libertarianism-libertarian-party,base,Apertus-8B-Instruct-2509,Llama-3.1-70B-Instruct,0.341
libertarianism-libertarian-party,base,Apertus-8B-Instruct-2509,Llama-3.1-8B-Instruct,0.389
libertarianism-libertarian-party,base,Apertus-8B-Instruct-2509,Llama-3.2-1B-Instruct,0.39
libertarianism-libertarian-party,base,Apertus-8B-Instruct-2509,Llama-3.2-3B-Instruct,0.357
libertarianism-libertarian-party,base,Apertus-8B-Instruct-2509,Qwen2.5-14B-Instruct,0.409
libertarianism-libertarian-party,base,Apertus-8B-Instruct-2509,Qwen2.5-72B-Instruct,0.515
libertarianism-libertarian-party,base,Apertus-8B-Instruct-2509,Qwen2.5-7B-Instruct,0.362
libertarianism-libertarian-party,base,Llama-3.1-70B-Instruct,Llama-3.1-8B-Instruct,0.257
libertarianism-libertarian-party,base,Llama-3.1-70B-Instruct,Llama-3.2-1B-Instruct,0.346
libertarianism-libertarian-party,base,Llama-3.1-70B-Instruct,Llama-3.2-3B-Instruct,0.326
libertarianism-libertarian-party,base,Llama-3.1-70B-Instruct,Qwen2.5-14B-Instruct,0.379
libertarianism-libertarian-party,base,Llama-3.1-70B-Instruct,Qwen2.5-72B-Instruct,0.536
libertarianism-libertarian-party,base,Llama-3.1-70B-Instruct,Qwen2.5-7B-Instruct,0.35
libertarianism-libertarian-party,base,Llama-3.1-8B-Instruct,Llama-3.2-1B-Instruct,0.367
libertarianism-libertarian-party,base,Llama-3.1-8B-Instruct,Llama-3.2-3B-Instruct,0.363
libertarianism-libertarian-party,base,Llama-3.1-8B-Instruct,Qwen2.5-14B-Instruct,0.396
libertarianism-libertarian-party,base,Llama-3.1-8B-Instruct,Qwen2.5-72B-Instruct,0.558
libertarianism-libertarian-party,base,Llama-3.1-8B-Instruct,Qwen2.5-7B-Instruct,0.379
libertarianism-libertarian-party,base,Llama-3.2-1B-Instruct,Llama-3.2-3B-Instruct,0.354
libertarianism-libertarian-party,base,Llama-3.2-1B-Instruct,Qwen2.5-14B-Instruct,0.444
libertarianism-libertarian-party,base,Llama-3.2-1B-Instruct,Qwen2.5-72B-Instruct,0.578
libertarianism-libertarian-party,base,Llama-3.2-1B-Instruct,Qwen2.5-7B-Instruct,0.433
libertarianism-libertarian-party,base,Llama-3.2-3B-Instruct,Qwen2.5-14B-Instruct,0.385
libertarianism-libertarian-party,base,Llama-3.2-3B-Instruct,Qwen2.5-72B-Instruct,0.509
libertarianism-libertarian-party,base,Llama-3.2-3B-Instruct,Qwen2.5-7B-Instruct,0.386
libertarianism-libertarian-party,base,Qwen2.5-14B-Instruct,Qwen2.5-72B-Instruct,0.506
libertarianism-libertarian-party,base,Qwen2.5-14B-Instruct,Qwen2.5-7B-Instruct,0.337
libertarianism-libertarian-party,base,Qwen2.5-72B-Instruct,Qwen2.5-7B-Instruct,0.512
libertarianism-libertarian-party,care,Apertus-8B-Instruct-2509,Llama-3.1-70B-Instruct,0.386
libertarianism-libertarian-party,care,Apertus-8B-Instruct-2509,Llama-3.1-8B-Instruct,0.357
libertarianism-libertarian-party,care,Apertus-8B-Instruct-2509,Llama-3.2-1B-Instruct,0.399
libertarianism-libertarian-party,care,Apertus-8B-Instruct-2509,Llama-3.2-3B-Instruct,0.388
libertarianism-libertarian-party,care,Apertus-8B-Instruct-2509,Qwen2.5-14B-Instruct,0.421
libertarianism-libertarian-party,care,Apertus-8B-Instruct-2509,Qwen2.5-72B-Instruct,0.405
libertarianism-libertarian-party,care,Apertus-8B-Instruct-2509,Qwen2.5-7B-Instruct,0.379
libertarianism-libertarian-party,care,Llama-3.1-70B-Instruct,Llama-3.1-8B-Instruct,0.322
libertarianism-libertarian-party,care,Llama-3.1-70B-Instruct,Llama-3.2-1B-Instruct,0.413
libertarianism-libertarian-party,care,Llama-3.1-70B-Instruct,Llama-3.2-3B-Instruct,0.312
libertarianism-libertarian-party,care,Llama-3.1-70B-Instruct,Qwen2.5-14B-Instruct,0.37
libertarianism-libertarian-party,care,Llama-3.1-70B-Instruct,Qwen2.5-72B-Instruct,0.297
libertarianism-libertarian-party,care,Llama-3.1-70B-Instruct,Qwen2.5-7B-Instruct,0.4
libertarianism-libertarian-party,care,Llama-3.1-8B-Instruct,Llama-3.2-1B-Instruct,0.432
libertarianism-libertarian-party,care,Llama-3.1-8B-Instruct,Llama-3.2-3B-Instruct,0.366
libertarianism-libertarian-party,care,Llama-3.1-8B-Instruct,Qwen2.5-14B-Instruct,0.415
libertarianism-libertarian-party,care,Llama-3.1-8B-Instruct,Qwen2.5-72B-Instruct,0.372
libertarianism-libertarian-party,care,Llama-3.1-8B-Instruct,Qwen2.5-7B-Instruct,0.409
libertarianism-libertarian-party,care,Llama-3.2-1B-Instruct,Llama-3.2-3B-Instruct,0.408
libertarianism-libertarian-party,care,Llama-3.2-1B-Instruct,Qwen2.5-14B-Instruct,0.434
libertarianism-libertarian-party,care,Llama-3.2-1B-Instruct,Qwen2.5-72B-Instruct,0.405
libertarianism-libertarian-party,care,Llama-3.2-1B-Instruct,Qwen2.5-7B-Instruct,0.445
libertarianism-libertarian-party,care,Llama-3.2-3B-Instruct,Qwen2.5-14B-Instruct,0.4
libertarianism-libertarian-party,care,Llama-3.2-3B-Instruct,Qwen2.5-72B-Instruct,0.342
libertarianism-libertarian-party,care,Llama-3.2-3B-Instruct,Qwen2.5-7B-Instruct,0.398
libertarianism-libertarian-party,care,Qwen2.5-14B-Instruct,Qwen2.5-72B-Instruct,0.349
libertarianism-libertarian-party,care,Qwen2.5-14B-Instruct,Qwen2.5-7B-Instruct,0.387
libertarianism-libertarian-party,care,Qwen2.5-72B-Instruct,Qwen2.5-7B-Instruct,0.344
libertarianism-libertarian-party,equality,Apertus-8B-Instruct-2509,Llama-3.1-70B-Instruct,0.38
libertarianism-libertarian-party,equality,Apertus-8B-Instruct-2509,Llama-3.1-8B-Instruct,0.367
libertarianism-libertarian-party,equality,Apertus-8B-Instruct-2509,Llama-3.2-1B-Instruct,0.418
libertarianism-libertarian-party,equality,Apertus-8B-Instruct-2509,Llama-3.2-3B-Instruct,0.315
libertarianism-libertarian-party,equality,Apertus-8B-Instruct-2509,Qwen2.5-14B-Instruct,0.353
libertarianism-libertarian-party,equality,Apertus-8B-Instruct-2509,Qwen2.5-72B-Instruct,0.402
libertarianism-libertarian-party,equality,Apertus-8B-Instruct-2509,Qwen2.5-7B-Instruct,0.427
libertarianism-libertarian-party,equality,Llama-3.1-70B-Instruct,Llama-3.1-8B-Instruct,0.343
libertarianism-libertarian-party,equality,Llama-3.1-70B-Instruct,Llama-3.2-1B-Instruct,0.37
libertarianism-libertarian-party,equality,Llama-3.1-70B-Instruct,Llama-3.2-3B-Instruct,0.326
libertarianism-libertarian-party,equality,Llama-3.1-70B-Instruct,Qwen2.5-14B-Instruct,0.398
libertarianism-libertarian-party,equality,Llama-3.1-70B-Instruct,Qwen2.5-72B-Instruct,0.455
libertarianism-libertarian-party,equality,Llama-3.1-70B-Instruct,Qwen2.5-7B-Instruct,0.457
libertarianism-libertarian-party,equality,Llama-3.1-8B-Instruct,Llama-3.2-1B-Instruct,0.376
libertarianism-libertarian-party,equality,Llama-3.1-8B-Instruct,Llama-3.2-3B-Instruct,0.336
libertarianism-libertarian-party,equality,Llama-3.1-8B-Instruct,Qwen2.5-14B-Instruct,0.428
libertarianism-libertarian-party,equality,Llama-3.1-8B-Instruct,Qwen2.5-72B-Instruct,0.446
libertarianism-libertarian-party,equality,Llama-3.1-8B-Instruct,Qwen2.5-7B-Instruct,0.486
libertarianism-libertarian-party,equality,Llama-3.2-1B-Instruct,Llama-3.2-3B-Instruct,0.356
libertarianism-libertarian-party,equality,Llama-3.2-1B-Instruct,Qwen2.5-14B-Instruct,0.427
libertarianism-libertarian-party,equality,Llama-3.2-1B-Instruct,Qwen2.5-72B-Instruct,0.515
libertarianism-libertarian-party,equality,Llama-3.2-1B-Instruct,Qwen2.5-7B-Instruct,0.465
libertarianism-libertarian-party,equality,Llama-3.2-3B-Instruct,Qwen2.5-14B-Instruct,0.405
libertarianism-libertarian-party,equality,Llama-3.2-3B-Instruct,Qwen2.5-72B-Instruct,0.402
libertarianism-libertarian-party,equality,Llama-3.2-3B-Instruct,Qwen2.5-7B-Instruct,0.446
libertarianism-libertarian-party,equality,Qwen2.5-14B-Instruct,Qwen2.5-72B-Instruct,0.423
libertarianism-libertarian-party,equality,Qwen2.5-14B-Instruct,Qwen2.5-7B-Instruct,0.404
libertarianism-libertarian-party,equality,Qwen2.5-72B-Instruct,Qwen2.5-7B-Instruct,0.552
libertarianism-libertarian-party,loyalty,Apertus-8B-Instruct-2509,Llama-3.1-70B-Instruct,0.429
libertarianism-libertarian-party,loyalty,Apertus-8B-Instruct-2509,Llama-3.1-8B-Instruct,0.461
libertarianism-libertarian-party,loyalty,Apertus-8B-Instruct-2509,Llama-3.2-1B-Instruct,0.395
libertarianism-libertarian-party,loyalty,Apertus-8B-Instruct-2509,Llama-3.2-3B-Instruct,0.39
libertarianism-libertarian-party,loyalty,Apertus-8B-Instruct-2509,Qwen2.5-14B-Instruct,0.477
libertarianism-libertarian-party,loyalty,Apertus-8B-Instruct-2509,Qwen2.5-72B-Instruct,0.423
libertarianism-libertarian-party,loyalty,Apertus-8B-Instruct-2509,Qwen2.5-7B-Instruct,0.396
libertarianism-libertarian-party,loyalty,Llama-3.1-70B-Instruct,Llama-3.1-8B-Instruct,0.233
libertarianism-libertarian-party,loyalty,Llama-3.1-70B-Instruct,Llama-3.2-1B-Instruct,0.398
libertarianism-libertarian-party,loyalty,Llama-3.1-70B-Instruct,Llama-3.2-3B-Instruct,0.258
libertarianism-libertarian-party,loyalty,Llama-3.1-70B-Instruct,Qwen2.5-14B-Instruct,0.377
libertarianism-libertarian-party,loyalty,Llama-3.1-70B-Instruct,Qwen2.5-72B-Instruct,0.342
libertarianism-libertarian-party,loyalty,Llama-3.1-70B-Instruct,Qwen2.5-7B-Instruct,0.339
libertarianism-libertarian-party,loyalty,Llama-3.1-8B-Instruct,Llama-3.2-1B-Instruct,0.412
libertarianism-libertarian-party,loyalty,Llama-3.1-8B-Instruct,Llama-3.2-3B-Instruct,0.314
libertarianism-libertarian-party,loyalty,Llama-3.1-8B-Instruct,Qwen2.5-14B-Instruct,0.371
libertarianism-libertarian-party,loyalty,Llama-3.1-8B-Instruct,Qwen2.5-72B-Instruct,0.361
libertarianism-libertarian-party,loyalty,Llama-3.1-8B-Instruct,Qwen2.5-7B-Instruct,0.394
libertarianism-libertarian-party,loyalty,Llama-3.2-1B-Instruct,Llama-3.2-3B-Instruct,0.423
libertarianism-libertarian-party,loyalty,Llama-3.2-1B-Instruct,Qwen2.5-14B-Instruct,0.491
libertarianism-libertarian-party,loyalty,Llama-3.2-1B-Instruct,Qwen2.5-72B-Instruct,0.456
libertarianism-libertarian-party,loyalty,Llama-3.2-1B-Instruct,Qwen2.5-7B-Instruct,0.429
libertarianism-libertarian-party,loyalty,Llama-3.2-3B-Instruct,Qwen2.5-14B-Instruct,0.399
libertarianism-libertarian-party,loyalty,Llama-3.2-3B-Instruct,Qwen2.5-72B-Instruct,0.325
libertarianism-libertarian-party,loyalty,Llama-3.2-3B-Instruct,Qwen2.5-7B-Instruct,0.326
libertarianism-libertarian-party,loyalty,Qwen2.5-14B-Instruct,Qwen2.5-72B-Instruct,0.345
libertarianism-libertarian-party,loyalty,Qwen2.5-14B-Instruct,Qwen2.5-7B-Instruct,0.378
libertarianism-libertarian-party,loyalty,Qwen2.5-72B-Instruct,Qwen2.5-7B-Instruct,0.32
libertarianism-libertarian-party,proportionality,Apertus-8B-Instruct-2509,Llama-3.1-70B-Instruct,0.374
libertarianism-libertarian-party,proportionality,Apertus-8B-Instruct-2509,Llama-3.1-8B-Instruct,0.457
libertarianism-libertarian-party,proportionality,Apertus-8B-Instruct-2509,Llama-3.2-1B-Instruct,0.381
libertarianism-libertarian-party,proportionality,Apertus-8B-Instruct-2509,Llama-3.2-3B-Instruct,0.388
libertarianism-libertarian-party,proportionality,Apertus-8B-Instruct-2509,Qwen2.5-14B-Instruct,0.422
libertarianism-libertarian-party,proportionality,Apertus-8B-Instruct-2509,Qwen2.5-72B-Instruct,0.424
libertarianism-libertarian-party,proportionality,Apertus-8B-Instruct-2509,Qwen2.5-7B-Instruct,0.382
libertarianism-libertarian-party,proportionality,Llama-3.1-70B-Instruct,Llama-3.1-8B-Instruct,0.334
libertarianism-libertarian-party,proportionality,Llama-3.1-70B-Instruct,Llama-3.2-1B-Instruct,0.383
libertarianism-libertarian-party,proportionality,Llama-3.1-70B-Instruct,Llama-3.2-3B-Instruct,0.317
libertarianism-libertarian-party,proportionality,Llama-3.1-70B-Instruct,Qwen2.5-14B-Instruct,0.38
libertarianism-libertarian-party,proportionality,Llama-3.1-70B-Instruct,Qwen2.5-72B-Instruct,0.352
libertarianism-libertarian-party,proportionality,Llama-3.1-70B-Instruct,Qwen2.5-7B-Instruct,0.353
libertarianism-libertarian-party,proportionality,Llama-3.1-8B-Instruct,Llama-3.2-1B-Instruct,0.381
libertarianism-libertarian-party,proportionality,Llama-3.1-8B-Instruct,Llama-3.2-3B-Instruct,0.33
libertarianism-libertarian-party,proportionality,Llama-3.1-8B-Instruct,Qwen2.5-14B-Instruct,0.463
libertarianism-libertarian-party,proportionality,Llama-3.1-8B-Instruct,Qwen2.5-72B-Instruct,0.397
libertarianism-libertarian-party,proportionality,Llama-3.1-8B-Instruct,Qwen2.5-7B-Instruct,0.422
libertarianism-libertarian-party,proportionality,Llama-3.2-1B-Instruct,Llama-3.2-3B-Instruct,0.399
libertarianism-libertarian-party,proportionality,Llama-3.2-1B-Instruct,Qwen2.5-14B-Instruct,0.488
libertarianism-libertarian-party,proportionality,Llama-3.2-1B-Instruct,Qwen2.5-72B-Instruct,0.436
libertarianism-libertarian-party,proportionality,Llama-3.2-1B-Instruct,Qwen2.5-7B-Instruct,0.436
libertarianism-libertarian-party,proportionality,Llama-3.2-3B-Instruct,Qwen2.5-14B-Instruct,0.377
libertarianism-libertarian-party,proportionality,Llama-3.2-3B-Instruct,Qwen2.5-72B-Instruct,0.365
libertarianism-libertarian-party,proportionality,Llama-3.2-3B-Instruct,Qwen2.5-7B-Instruct,0.371
libertarianism-libertarian-party,proportionality,Qwen2.5-14B-Instruct,Qwen2.5-72B-Instruct,0.365
libertarianism-libertarian-party,proportionality,Qwen2.5-14B-Instruct,Qwen2.5-7B-Instruct,0.351
libertarianism-libertarian-party,proportionality,Qwen2.5-72B-Instruct,Qwen2.5-7B-Instruct,0.347
libertarianism-libertarian-party,purity,Apertus-8B-Instruct-2509,Llama-3.1-70B-Instruct,0.444
libertarianism-libertarian-party,purity,Apertus-8B-Instruct-2509,Llama-3.1-8B-Instruct,0.435
libertarianism-libertarian-party,purity,Apertus-8B-Instruct-2509,Llama-3.2-1B-Instruct,0.446
libertarianism-libertarian-party,purity,Apertus-8B-Instruct-2509,Llama-3.2-3B-Instruct,0.387
libertarianism-libertarian-party,purity,Apertus-8B-Instruct-2509,Qwen2.5-14B-Instruct,0.422
libertarianism-libertarian-party,purity,Apertus-8B-Instruct-2509,Qwen2.5-72B-Instruct,0.413
libertarianism-libertarian-party,purity,Apertus-8B-Instruct-2509,Qwen2.5-7B-Instruct,0.436
libertarianism-libertarian-party,purity,Llama-3.1-70B-Instruct,Llama-3.1-8B-Instruct,0.359
libertarianism-libertarian-party,purity,Llama-3.1-70B-Instruct,Llama-3.2-1B-Instruct,0.381
libertarianism-libertarian-party,purity,Llama-3.1-70B-Instruct,Llama-3.2-3B-Instruct,0.339
libertarianism-libertarian-party,purity,Llama-3.1-70B-Instruct,Qwen2.5-14B-Instruct,0.415
libertarianism-libertarian-party,purity,Llama-3.1-70B-Instruct,Qwen2.5-72B-Instruct,0.402
libertarianism-libertarian-party,purity,Llama-3.1-70B-Instruct,Qwen2.5-7B-Instruct,0.427
libertarianism-libertarian-party,purity,Llama-3.1-8B-Instruct,Llama-3.2-1B-Instruct,0.383
libertarianism-libertarian-party,purity,Llama-3.1-8B-Instruct,Llama-3.2-3B-Instruct,0.357
libertarianism-libertarian-party,purity,Llama-3.1-8B-Instruct,Qwen2.5-14B-Instruct,0.406
libertarianism-libertarian-party,purity,Llama-3.1-8B-Instruct,Qwen2.5-72B-Instruct,0.391
libertarianism-libertarian-party,purity,Llama-3.1-8B-Instruct,Qwen2.5-7B-Instruct,0.398
libertarianism-libertarian-party,purity,Llama-3.2-1B-Instruct,Llama-3.2-3B-Instruct,0.393
libertarianism-libertarian-party,purity,Llama-3.2-1B-Instruct,Qwen2.5-14B-Instruct,0.444
libertarianism-libertarian-party,purity,Llama-3.2-1B-Instruct,Qwen2.5-72B-Instruct,0.45
libertarianism-libertarian-party,purity,Llama-3.2-1B-Instruct,Qwen2.5-7B-Instruct,0.461
libertarianism-libertarian-party,purity,Llama-3.2-3B-Instruct,Qwen2.5-14B-Instruct,0.399
libertarianism-libertarian-party,purity,Llama-3.2-3B-Instruct,Qwen2.5-72B-Instruct,0.379
libertarianism-libertarian-party,purity,Llama-3.2-3B-Instruct,Qwen2.5-7B-Instruct,0.368
libertarianism-libertarian-party,purity,Qwen2.5-14B-Instruct,Qwen2.5-72B-Instruct,0.337
libertarianism-libertarian-party,purity,Qwen2.5-14B-Instruct,Qwen2.5-7B-Instruct,0.334
libertarianism-libertarian-party,purity,Qwen2.5-72B-Instruct,Qwen2.5-7B-Instruct,0.329
marijuana,authority,Apertus-8B-Instruct-2509,Llama-3.1-70B-Instruct,0.376
marijuana,authority,Apertus-8B-Instruct-2509,Llama-3.1-8B-Instruct,0.384
marijuana,authority,Apertus-8B-Instruct-2509,Llama-3.2-1B-Instruct,0.475
marijuana,authority,Apertus-8B-Instruct-2509,Llama-3.2-3B-Instruct,0.284
marijuana,authority,Apertus-8B-Instruct-2509,Qwen2.5-14B-Instruct,0.413
marijuana,authority,Apertus-8B-Instruct-2509,Qwen2.5-72B-Instruct,0.437
marijuana,authority,Apertus-8B-Instruct-2509,Qwen2.5-7B-Instruct,0.378
marijuana,authority,Llama-3.1-70B-Instruct,Llama-3.1-8B-Instruct,0.353
marijuana,authority,Llama-3.1-70B-Instruct,Llama-3.2-1B-Instruct,0.405
marijuana,authority,Llama-3.1-70B-Instruct,Llama-3.2-3B-Instruct,0.341
marijuana,authority,Llama-3.1-70B-Instruct,Qwen2.5-14B-Instruct,0.363
marijuana,authority,Llama-3.1-70B-Instruct,Qwen2.5-72B-Instruct,0.315
marijuana,authority,Llama-3.1-70B-Instruct,Qwen2.5-7B-Instruct,0.425
marijuana,authority,Llama-3.1-8B-Instruct,Llama-3.2-1B-Instruct,0.424
marijuana,authority,Llama-3.1-8B-Instruct,Llama-3.2-3B-Instruct,0.338
marijuana,authority,Llama-3.1-8B-Instruct,Qwen2.5-14B-Instruct,0.479
marijuana,authority,Llama-3.1-8B-Instruct,Qwen2.5-72B-Instruct,0.399
marijuana,authority,Llama-3.1-8B-Instruct,Qwen2.5-7B-Instruct,0.416
marijuana,authority,Llama-3.2-1B-Instruct,Llama-3.2-3B-Instruct,0.435
marijuana,authority,Llama-3.2-1B-Instruct,Qwen2.5-14B-Instruct,0.497
marijuana,authority,Llama-3.2-1B-Instruct,Qwen2.5-72B-Instruct,0.378
marijuana,authority,Llama-3.2-1B-Instruct,Qwen2.5-7B-Instruct,0.424
marijuana,authority,Llama-3.2-3B-Instruct,Qwen2.5-14B-Instruct,0.422
marijuana,authority,Llama-3.2-3B-Instruct,Qwen2.5-72B-Instruct,0.446
marijuana,authority,Llama-3.2-3B-Instruct,Qwen2.5-7B-Instruct,0.391
marijuana,authority,Qwen2.5-14B-Instruct,Qwen2.5-72B-Instruct,0.361
marijuana,authority,Qwen2.5-14B-Instruct,Qwen2.5-7B-Instruct,0.438
marijuana,authority,Qwen2.5-72B-Instruct,Qwen2.5-7B-Instruct,0.349
marijuana,base,Apertus-8B-Instruct-2509,Llama-3.1-70B-Instruct,0.309
marijuana,base,Apertus-8B-Instruct-2509,Llama-3.1-8B-Instruct,0.345
marijuana,base,Apertus-8B-Instruct-2509,Llama-3.2-1B-Instruct,0.423
marijuana,base,Apertus-8B-Instruct-2509,Llama-3.2-3B-Instruct,0.303
marijuana,base,Apertus-8B-Instruct-2509,Qwen2.5-14B-Instruct,0.394
marijuana,base,Apertus-8B-Instruct-2509,Qwen2.5-72B-Instruct,0.383
marijuana,base,Apertus-8B-Instruct-2509,Qwen2.5-7B-Instruct,0.415
marijuana,base,Llama-3.1-70B-Instruct,Llama-3.1-8B-Instruct,0.274
marijuana,base,Llama-3.1-70B-Instruct,Llama-3.2-1B-Instruct,0.405
marijuana,base,Llama-3.1-70B-Instruct,Llama-3.2-3B-Instruct,0.281
marijuana,base,Llama-3.1-70B-Instruct,Qwen2.5-14B-Instruct,0.383
marijuana,base,Llama-3.1-70B-Instruct,Qwen2.5-72B-Instruct,0.371
marijuana,base,Llama-3.1-70B-Instruct,Qwen2.5-7B-Instruct,0.36
marijuana,base,Llama-3.1-8B-Instruct,Llama-3.2-1B-Instruct,0.4
marijuana,base,Llama-3.1-8B-Instruct,Llama-3.2-3B-Instruct,0.344
marijuana,base,Llama-3.1-8B-Instruct,Qwen2.5-14B-Instruct,0.383
marijuana,base,Llama-3.1-8B-Instruct,Qwen2.5-72B-Instruct,0.424
marijuana,base,Llama-3.1-8B-Instruct,Qwen2.5-7B-Instruct,0.362
marijuana,base,Llama-3.2-1B-Instruct,Llama-3.2-3B-Instruct,0.401
marijuana,base,Llama-3.2-1B-Instruct,Qwen2.5-14B-Instruct,0.484
marijuana,base,Llama-3.2-1B-Instruct,Qwen2.5-72B-Instruct,0.558
marijuana,base,Llama-3.2-1B-Instruct,Qwen2.5-7B-Instruct,0.504
marijuana,base,Llama-3.2-3B-Instruct,Qwen2.5-14B-Instruct,0.424
marijuana,base,Llama-3.2-3B-Instruct,Qwen2.5-72B-Instruct,0.427
marijuana,base,Llama-3.2-3B-Instruct,Qwen2.5-7B-Instruct,0.402
marijuana,base,Qwen2.5-14B-Instruct,Qwen2.5-72B-Instruct,0.417
marijuana,base,Qwen2.5-14B-Instruct,Qwen2.5-7B-Instruct,0.385
marijuana,base,Qwen2.5-72B-Instruct,Qwen2.5-7B-Instruct,0.418
marijuana,care,Apertus-8B-Instruct-2509,Llama-3.1-70B-Instruct,0.384
marijuana,care,Apertus-8B-Instruct-2509,Llama-3.1-8B-Instruct,0.43
marijuana,care,Apertus-8B-Instruct-2509,Llama-3.2-1B-Instruct,0.453
marijuana,care,Apertus-8B-Instruct-2509,Llama-3.2-3B-Instruct,0.395
marijuana,care,Apertus-8B-Instruct-2509,Qwen2.5-14B-Instruct,0.449
marijuana,care,Apertus-8B-Instruct-2509,Qwen2.5-72B-Instruct,0.418
marijuana,care,Apertus-8B-Instruct-2509,Qwen2.5-7B-Instruct,0.454
marijuana,care,Llama-3.1-70B-Instruct,Llama-3.1-8B-Instruct,0.374
marijuana,care,Llama-3.1-70B-Instruct,Llama-3.2-1B-Instruct,0.398
marijuana,care,Llama-3.1-70B-Instruct,Llama-3.2-3B-Instruct,0.35
marijuana,care,Llama-3.1-70B-Instruct,Qwen2.5-14B-Instruct,0.461
marijuana,care,Llama-3.1-70B-Instruct,Qwen2.5-72B-Instruct,0.332
marijuana,care,Llama-3.1-70B-Instruct,Qwen2.5-7B-Instruct,0.398
marijuana,care,Llama-3.1-8B-Instruct,Llama-3.2-1B-Instruct,0.376
marijuana,care,Llama-3.1-8B-Instruct,Llama-3.2-3B-Instruct,0.354
marijuana,care,Llama-3.1-8B-Instruct,Qwen2.5-14B-Instruct,0.462
marijuana,care,Llama-3.1-8B-Instruct,Qwen2.5-72B-Instruct,0.399
marijuana,care,Llama-3.1-8B-Instruct,Qwen2.5-7B-Instruct,0.385
marijuana,care,Llama-3.2-1B-Instruct,Llama-3.2-3B-Instruct,0.333
marijuana,care,Llama-3.2-1B-Instruct,Qwen2.5-14B-Instruct,0.438
marijuana,care,Llama-3.2-1B-Instruct,Qwen2.5-72B-Instruct,0.352
marijuana,care,Llama-3.2-1B-Instruct,Qwen2.5-7B-Instruct,0.38
marijuana,care,Llama-3.2-3B-Instruct,Qwen2.5-14B-Instruct,0.406
marijuana,care,Llama-3.2-3B-Instruct,Qwen2.5-72B-Instruct,0.402
marijuana,care,Llama-3.2-3B-Instruct,Qwen2.5-7B-Instruct,0.407
marijuana,care,Qwen2.5-14B-Instruct,Qwen2.5-72B-Instruct,0.373
marijuana,care,Qwen2.5-14B-Instruct,Qwen2.5-7B-Instruct,0.357
marijuana,care,Qwen2.5-72B-Instruct,Qwen2.5-7B-Instruct,0.359
marijuana,equality,Apertus-8B-Instruct-2509,Llama-3.1-70B-Instruct,0.418
marijuana,equality,Apertus-8B-Instruct-2509,Llama-3.1-8B-Instruct,0.466
marijuana,equality,Apertus-8B-Instruct-2509,Llama-3.2-1B-Instruct,0.471
marijuana,equality,Apertus-8B-Instruct-2509,Llama-3.2-3B-Instruct,0.442
marijuana,equality,Apertus-8B-Instruct-2509,Qwen2.5-14B-Instruct,0.475
marijuana,equality,Apertus-8B-Instruct-2509,Qwen2.5-72B-Instruct,0.693
marijuana,equality,Apertus-8B-Instruct-2509,Qwen2.5-7B-Instruct,0.434
marijuana,equality,Llama-3.1-70B-Instruct,Llama-3.1-8B-Instruct,0.335
marijuana,equality,Llama-3.1-70B-Instruct,Llama-3.2-1B-Instruct,0.381
marijuana,equality,Llama-3.1-70B-Instruct,Llama-3.2-3B-Instruct,0.268
marijuana,equality,Llama-3.1-70B-Instruct,Qwen2.5-14B-Instruct,0.388
marijuana,equality,Llama-3.1-70B-Instruct,Qwen2.5-72B-Instruct,0.693
marijuana,equality,Llama-3.1-70B-Instruct,Qwen2.5-7B-Instruct,0.372
marijuana,equality,Llama-3.1-8B-Instruct,Llama-3.2-1B-Instruct,0.43
marijuana,equality,Llama-3.1-8B-Instruct,Llama-3.2-3B-Instruct,0.348
marijuana,equality,Llama-3.1-8B-Instruct,Qwen2.5-14B-Instruct,0.467
marijuana,equality,Llama-3.1-8B-Instruct,Qwen2.5-72B-Instruct,0.693
marijuana,equality,Llama-3.1-8B-Instruct,Qwen2.5-7B-Instruct,0.465
marijuana,equality,Llama-3.2-1B-Instruct,Llama-3.2-3B-Instruct,0.335
marijuana,equality,Llama-3.2-1B-Instruct,Qwen2.5-14B-Instruct,0.436
marijuana,equality,Llama-3.2-1B-Instruct,Qwen2.5-72B-Instruct,0.693
marijuana,equality,Llama-3.2-1B-Instruct,Qwen2.5-7B-Instruct,0.386
marijuana,equality,Llama-3.2-3B-Instruct,Qwen2.5-14B-Instruct,0.37
marijuana,equality,Llama-3.2-3B-Instruct,Qwen2.5-72B-Instruct,0.693
marijuana,equality,Llama-3.2-3B-Instruct,Qwen2.5-7B-Instruct,0.413
marijuana,equality,Qwen2.5-14B-Instruct,Qwen2.5-72B-Instruct,0.693
marijuana,equality,Qwen2.5-14B-Instruct,Qwen2.5-7B-Instruct,0.36
marijuana,equality,Qwen2.5-72B-Instruct,Qwen2.5-7B-Instruct,0.693
marijuana,loyalty,Apertus-8B-Instruct-2509,Llama-3.1-70B-Instruct,0.419
marijuana,loyalty,Apertus-8B-Instruct-2509,Llama-3.1-8B-Instruct,0.374
marijuana,loyalty,Apertus-8B-Instruct-2509,Llama-3.2-1B-Instruct,0.488
marijuana,loyalty,Apertus-8B-Instruct-2509,Llama-3.2-3B-Instruct,0.484
marijuana,loyalty,Apertus-8B-Instruct-2509,Qwen2.5-14B-Instruct,0.693
marijuana,loyalty,Apertus-8B-Instruct-2509,Qwen2.5-72B-Instruct,0.425
marijuana,loyalty,Apertus-8B-Instruct-2509,Qwen2.5-7B-Instruct,0.464
marijuana,loyalty,Llama-3.1-70B-Instruct,Llama-3.1-8B-Instruct,0.306
marijuana,loyalty,Llama-3.1-70B-Instruct,Llama-3.2-1B-Instruct,0.42
marijuana,loyalty,Llama-3.1-70B-Instruct,Llama-3.2-3B-Instruct,0.336
marijuana,loyalty,Llama-3.1-70B-Instruct,Qwen2.5-14B-Instruct,0.693
marijuana,loyalty,Llama-3.1-70B-Instruct,Qwen2.5-72B-Instruct,0.357
marijuana,loyalty,Llama-3.1-70B-Instruct,Qwen2.5-7B-Instruct,0.447
marijuana,loyalty,Llama-3.1-8B-Instruct,Llama-3.2-1B-Instruct,0.436
marijuana,loyalty,Llama-3.1-8B-Instruct,Llama-3.2-3B-Instruct,0.34
marijuana,loyalty,Llama-3.1-8B-Instruct,Qwen2.5-14B-Instruct,0.693
marijuana,loyalty,Llama-3.1-8B-Instruct,Qwen2.5-72B-Instruct,0.409
marijuana,loyalty,Llama-3.1-8B-Instruct,Qwen2.5-7B-Instruct,0.424
marijuana,loyalty,Llama-3.2-1B-Instruct,Llama-3.2-3B-Instruct,0.423
marijuana,loyalty,Llama-3.2-1B-Instruct,Qwen2.5-14B-Instruct,0.693
marijuana,loyalty,Llama-3.2-1B-Instruct,Qwen2.5-72B-Instruct,0.517
marijuana,loyalty,Llama-3.2-1B-Instruct,Qwen2.5-7B-Instruct,0.547
marijuana,loyalty,Llama-3.2-3B-Instruct,Qwen2.5-14B-Instruct,0.693
marijuana,loyalty,Llama-3.2-3B-Instruct,Qwen2.5-72B-Instruct,0.451
marijuana,loyalty,Llama-3.2-3B-Instruct,Qwen2.5-7B-Instruct,0.379
marijuana,loyalty,Qwen2.5-14B-Instruct,Qwen2.5-72B-Instruct,0.693
marijuana,loyalty,Qwen2.5-14B-Instruct,Qwen2.5-7B-Instruct,0.693
marijuana,loyalty,Qwen2.5-72B-Instruct,Qwen2.5-7B-Instruct,0.427
marijuana,proportionality,Apertus-8B-Instruct-2509,Llama-3.1-70B-Instruct,0.373
marijuana,proportionality,Apertus-8B-Instruct-2509,Llama-3.1-8B-Instruct,0.416
marijuana,proportionality,Apertus-8B-Instruct-2509,Llama-3.2-1B-Instruct,0.513
marijuana,proportionality,Apertus-8B-Instruct-2509,Llama-3.2-3B-Instruct,0.48
marijuana,proportionality,Apertus-8B-Instruct-2509,Qwen2.5-14B-Instruct,0.41
marijuana,proportionality,Apertus-8B-Instruct-2509,Qwen2.5-72B-Instruct,0.459
marijuana,proportionality,Apertus-8B-Instruct-2509,Qwen2.5-7B-Instruct,0.505
marijuana,proportionality,Llama-3.1-70B-Instruct,Llama-3.1-8B-Instruct,0.359
marijuana,proportionality,Llama-3.1-70B-Instruct,Llama-3.2-1B-Instruct,0.47
marijuana,proportionality,Llama-3.1-70B-Instruct,Llama-3.2-3B-Instruct,0.434
marijuana,proportionality,Llama-3.1-70B-Instruct,Qwen2.5-14B-Instruct,0.407
marijuana,proportionality,Llama-3.1-70B-Instruct,Qwen2.5-72B-Instruct,0.379
marijuana,proportionality,Llama-3.1-70B-Instruct,Qwen2.5-7B-Instruct,0.447
marijuana,proportionality,Llama-3.1-8B-Instruct,Llama-3.2-1B-Instruct,0.481
marijuana,proportionality,Llama-3.1-8B-Instruct,Llama-3.2-3B-Instruct,0.444
marijuana,proportionality,Llama-3.1-8B-Instruct,Qwen2.5-14B-Instruct,0.455
marijuana,proportionality,Llama-3.1-8B-Instruct,Qwen2.5-72B-Instruct,0.465
marijuana,proportionality,Llama-3.1-8B-Instruct,Qwen2.5-7B-Instruct,0.455
marijuana,proportionality,Llama-3.2-1B-Instruct,Llama-3.2-3B-Instruct,0.374
marijuana,proportionality,Llama-3.2-1B-Instruct,Qwen2.5-14B-Instruct,0.514
marijuana,proportionality,Llama-3.2-1B-Instruct,Qwen2.5-72B-Instruct,0.507
marijuana,proportionality,Llama-3.2-1B-Instruct,Qwen2.5-7B-Instruct,0.433
marijuana,proportionality,Llama-3.2-3B-Instruct,Qwen2.5-14B-Instruct,0.479
marijuana,proportionality,Llama-3.2-3B-Instruct,Qwen2.5-72B-Instruct,0.431
marijuana,proportionality,Llama-3.2-3B-Instruct,Qwen2.5-7B-Instruct,0.451
marijuana,proportionality,Qwen2.5-14B-Instruct,Qwen2.5-72B-Instruct,0.372
marijuana,proportionality,Qwen2.5-14B-Instruct,Qwen2.5-7B-Instruct,0.467
marijuana,proportionality,Qwen2.5-72B-Instruct,Qwen2.5-7B-Instruct,0.462
marijuana,purity,Apertus-8B-Instruct-2509,Llama-3.1-70B-Instruct,0.34
marijuana,purity,Apertus-8B-Instruct-2509,Llama-3.1-8B-Instruct,0.364
marijuana,purity,Apertus-8B-Instruct-2509,Llama-3.2-1B-Instruct,0.421
marijuana,purity,Apertus-8B-Instruct-2509,Llama-3.2-3B-Instruct,0.365
marijuana,purity,Apertus-8B-Instruct-2509,Qwen2.5-14B-Instruct,0.463
marijuana,purity,Apertus-8B-Instruct-2509,Qwen2.5-72B-Instruct,0.415
marijuana,purity,Apertus-8B-Instruct-2509,Qwen2.5-7B-Instruct,0.455
marijuana,purity,Llama-3.1-70B-Instruct,Llama-3.1-8B-Instruct,0.333
marijuana,purity,Llama-3.1-70B-Instruct,Llama-3.2-1B-Instruct,0.395
marijuana,purity,Llama-3.1-70B-Instruct,Llama-3.2-3B-Instruct,0.407
marijuana,purity,Llama-3.1-70B-Instruct,Qwen2.5-14B-Instruct,0.436
marijuana,purity,Llama-3.1-70B-Instruct,Qwen2.5-72B-Instruct,0.422
marijuana,purity,Llama-3.1-70B-Instruct,Qwen2.5-7B-Instruct,0.428
marijuana,purity,Llama-3.1-8B-Instruct,Llama-3.2-1B-Instruct,0.408
marijuana,purity,Llama-3.1-8B-Instruct,Llama-3.2-3B-Instruct,0.434
marijuana,purity,Llama-3.1-8B-Instruct,Qwen2.5-14B-Instruct,0.433
marijuana,purity,Llama-3.1-8B-Instruct,Qwen2.5-72B-Instruct,0.439
marijuana,purity,Llama-3.1-8B-Instruct,Qwen2.5-7B-Instruct,0.475
marijuana,purity,Llama-3.2-1B-Instruct,Llama-3.2-3B-Instruct,0.498
marijuana,purity,Llama-3.2-1B-Instruct,Qwen2.5-14B-Instruct,0.487
marijuana,purity,Llama-3.2-1B-Instruct,Qwen2.5-72B-Instruct,0.463
marijuana,purity,Llama-3.2-1B-Instruct,Qwen2.5-7B-Instruct,0.498
marijuana,purity,Llama-3.2-3B-Instruct,Qwen2.5-14B-Instruct,0.493
marijuana,purity,Llama-3.2-3B-Instruct,Qwen2.5-72B-Instruct,0.413
marijuana,purity,Llama-3.2-3B-Instruct,Qwen2.5-7B-Instruct,0.478
marijuana,purity,Qwen2.5-14B-Instruct,Qwen2.5-72B-Instruct,0.449
marijuana,purity,Qwen2.5-14B-Instruct,Qwen2.5-7B-Instruct,0.377
marijuana,purity,Qwen2.5-72B-Instruct,Qwen2.5-7B-Instruct,0.425
mental-health,authority,Apertus-8B-Instruct-2509,Llama-3.1-70B-Instruct,0.406
mental-health,authority,Apertus-8B-Instruct-2509,Llama-3.1-8B-Instruct,0.451
mental-health,authority,Apertus-8B-Instruct-2509,Llama-3.2-1B-Instruct,0.462
mental-health,authority,Apertus-8B-Instruct-2509,Llama-3.2-3B-Instruct,0.395
mental-health,authority,Apertus-8B-Instruct-2509,Qwen2.5-14B-Instruct,0.483
mental-health,authority,Apertus-8B-Instruct-2509,Qwen2.5-72B-Instruct,0.452
mental-health,authority,Apertus-8B-Instruct-2509,Qwen2.5-7B-Instruct,0.441
mental-health,authority,Llama-3.1-70B-Instruct,Llama-3.1-8B-Instruct,0.294
mental-health,authority,Llama-3.1-70B-Instruct,Llama-3.2-1B-Instruct,0.425
mental-health,authority,Llama-3.1-70B-Instruct,Llama-3.2-3B-Instruct,0.296
mental-health,authority,Llama-3.1-70B-Instruct,Qwen2.5-14B-Instruct,0.434
mental-health,authority,Llama-3.1-70B-Instruct,Qwen2.5-72B-Instruct,0.367
mental-health,authority,Llama-3.1-70B-Instruct,Qwen2.5-7B-Instruct,0.317
mental-health,authority,Llama-3.1-8B-Instruct,Llama-3.2-1B-Instruct,0.445
mental-health,authority,Llama-3.1-8B-Instruct,Llama-3.2-3B-Instruct,0.365
mental-health,authority,Llama-3.1-8B-Instruct,Qwen2.5-14B-Instruct,0.461
mental-health,authority,Llama-3.1-8B-Instruct,Qwen2.5-72B-Instruct,0.428
mental-health,authority,Llama-3.1-8B-Instruct,Qwen2.5-7B-Instruct,0.398
mental-health,authority,Llama-3.2-1B-Instruct,Llama-3.2-3B-Instruct,0.499
mental-health,authority,Llama-3.2-1B-Instruct,Qwen2.5-14B-Instruct,0.497
mental-health,authority,Llama-3.2-1B-Instruct,Qwen2.5-72B-Instruct,0.52
mental-health,authority,Llama-3.2-1B-Instruct,Qwen2.5-7B-Instruct,0.381
mental-health,authority,Llama-3.2-3B-Instruct,Qwen2.5-14B-Instruct,0.475
mental-health,authority,Llama-3.2-3B-Instruct,Qwen2.5-72B-Instruct,0.372
mental-health,authority,Llama-3.2-3B-Instruct,Qwen2.5-7B-Instruct,0.401
mental-health,authority,Qwen2.5-14B-Instruct,Qwen2.5-72B-Instruct,0.416
mental-health,authority,Qwen2.5-14B-Instruct,Qwen2.5-7B-Instruct,0.374
mental-health,authority,Qwen2.5-72B-Instruct,Qwen2.5-7B-Instruct,0.401
mental-health,base,Apertus-8B-Instruct-2509,Llama-3.1-70B-Instruct,0.295
mental-health,base,Apertus-8B-Instruct-2509,Llama-3.1-8B-Instruct,0.373
mental-health,base,Apertus-8B-Instruct-2509,Llama-3.2-1B-Instruct,0.374
mental-health,base,Apertus-8B-Instruct-2509,Llama-3.2-3B-Instruct,0.321
mental-health,base,Apertus-8B-Instruct-2509,Qwen2.5-14B-Instruct,0.459
mental-health,base,Apertus-8B-Instruct-2509,Qwen2.5-72B-Instruct,0.44
mental-health,base,Apertus-8B-Instruct-2509,Qwen2.5-7B-Instruct,0.45
mental-health,base,Llama-3.1-70B-Instruct,Llama-3.1-8B-Instruct,0.371
mental-health,base,Llama-3.1-70B-Instruct,Llama-3.2-1B-Instruct,0.382
mental-health,base,Llama-3.1-70B-Instruct,Llama-3.2-3B-Instruct,0.3
mental-health,base,Llama-3.1-70B-Instruct,Qwen2.5-14B-Instruct,0.398
mental-health,base,Llama-3.1-70B-Instruct,Qwen2.5-72B-Instruct,0.407
mental-health,base,Llama-3.1-70B-Instruct,Qwen2.5-7B-Instruct,0.372
mental-health,base,Llama-3.1-8B-Instruct,Llama-3.2-1B-Instruct,0.415
mental-health,base,Llama-3.1-8B-Instruct,Llama-3.2-3B-Instruct,0.361
mental-health,base,Llama-3.1-8B-Instruct,Qwen2.5-14B-Instruct,0.449
mental-health,base,Llama-3.1-8B-Instruct,Qwen2.5-72B-Instruct,0.418
mental-health,base,Llama-3.1-8B-Instruct,Qwen2.5-7B-Instruct,0.433
mental-health,base,Llama-3.2-1B-Instruct,Llama-3.2-3B-Instruct,0.358
mental-health,base,Llama-3.2-1B-Instruct,Qwen2.5-14B-Instruct,0.49
mental-health,base,Llama-3.2-1B-Instruct,Qwen2.5-72B-Instruct,0.488
mental-health,base,Llama-3.2-1B-Instruct,Qwen2.5-7B-Instruct,0.465
mental-health,base,Llama-3.2-3B-Instruct,Qwen2.5-14B-Instruct,0.392
mental-health,base,Llama-3.2-3B-Instruct,Qwen2.5-72B-Instruct,0.388
mental-health,base,Llama-3.2-3B-Instruct,Qwen2.5-7B-Instruct,0.394
mental-health,base,Qwen2.5-14B-Instruct,Qwen2.5-72B-Instruct,0.342
mental-health,base,Qwen2.5-14B-Instruct,Qwen2.5-7B-Instruct,0.366
mental-health,base,Qwen2.5-72B-Instruct,Qwen2.5-7B-Instruct,0.307
mental-health,care,Apertus-8B-Instruct-2509,Llama-3.1-70B-Instruct,0.344
mental-health,care,Apertus-8B-Instruct-2509,Llama-3.1-8B-Instruct,0.395
mental-health,care,Apertus-8B-Instruct-2509,Llama-3.2-1B-Instruct,0.424
mental-health,care,Apertus-8B-Instruct-2509,Llama-3.2-3B-Instruct,0.354
mental-health,care,Apertus-8B-Instruct-2509,Qwen2.5-14B-Instruct,0.383
mental-health,care,Apertus-8B-Instruct-2509,Qwen2.5-72B-Instruct,0.693
mental-health,care,Apertus-8B-Instruct-2509,Qwen2.5-7B-Instruct,0.334
mental-health,care,Llama-3.1-70B-Instruct,Llama-3.1-8B-Instruct,0.37
mental-health,care,Llama-3.1-70B-Instruct,Llama-3.2-1B-Instruct,0.349
mental-health,care,Llama-3.1-70B-Instruct,Llama-3.2-3B-Instruct,0.267
mental-health,care,Llama-3.1-70B-Instruct,Qwen2.5-14B-Instruct,0.402
mental-health,care,Llama-3.1-70B-Instruct,Qwen2.5-72B-Instruct,0.693
mental-health,care,Llama-3.1-70B-Instruct,Qwen2.5-7B-Instruct,0.365
mental-health,care,Llama-3.1-8B-Instruct,Llama-3.2-1B-Instruct,0.407
mental-health,care,Llama-3.1-8B-Instruct,Llama-3.2-3B-Instruct,0.373
mental-health,care,Llama-3.1-8B-Instruct,Qwen2.5-14B-Instruct,0.458
mental-health,care,Llama-3.1-8B-Instruct,Qwen2.5-72B-Instruct,0.693
mental-health,care,Llama-3.1-8B-Instruct,Qwen2.5-7B-Instruct,0.407
mental-health,care,Llama-3.2-1B-Instruct,Llama-3.2-3B-Instruct,0.396
mental-health,care,Llama-3.2-1B-Instruct,Qwen2.5-14B-Instruct,0.434
mental-health,care,Llama-3.2-1B-Instruct,Qwen2.5-72B-Instruct,0.693
mental-health,care,Llama-3.2-1B-Instruct,Qwen2.5-7B-Instruct,0.48
mental-health,care,Llama-3.2-3B-Instruct,Qwen2.5-14B-Instruct,0.404
mental-health,care,Llama-3.2-3B-Instruct,Qwen2.5-72B-Instruct,0.693
mental-health,care,Llama-3.2-3B-Instruct,Qwen2.5-7B-Instruct,0.402
mental-health,care,Qwen2.5-14B-Instruct,Qwen2.5-72B-Instruct,0.693
mental-health,care,Qwen2.5-14B-Instruct,Qwen2.5-7B-Instruct,0.341
mental-health,care,Qwen2.5-72B-Instruct,Qwen2.5-7B-Instruct,0.693
mental-health,equality,Apertus-8B-Instruct-2509,Llama-3.1-70B-Instruct,0.404
mental-health,equality,Apertus-8B-Instruct-2509,Llama-3.1-8B-Instruct,0.404
mental-health,equality,Apertus-8B-Instruct-2509,Llama-3.2-1B-Instruct,0.334
mental-health,equality,Apertus-8B-Instruct-2509,Llama-3.2-3B-Instruct,0.281
mental-health,equality,Apertus-8B-Instruct-2509,Qwen2.5-14B-Instruct,0.448
mental-health,equality,Apertus-8B-Instruct-2509,Qwen2.5-72B-Instruct,0.693
mental-health,equality,Apertus-8B-Instruct-2509,Qwen2.5-7B-Instruct,0.693
mental-health,equality,Llama-3.1-70B-Instruct,Llama-3.1-8B-Instruct,0.407
mental-health,equality,Llama-3.1-70B-Instruct,Llama-3.2-1B-Instruct,0.418
mental-health,equality,Llama-3.1-70B-Instruct,Llama-3.2-3B-Instruct,0.392
mental-health,equality,Llama-3.1-70B-Instruct,Qwen2.5-14B-Instruct,0.463
mental-health,equality,Llama-3.1-70B-Instruct,Qwen2.5-72B-Instruct,0.693
mental-health,equality,Llama-3.1-70B-Instruct,Qwen2.5-7B-Instruct,0.693
mental-health,equality,Llama-3.1-8B-Instruct,Llama-3.2-1B-Instruct,0.457
mental-health,equality,Llama-3.1-8B-Instruct,Llama-3.2-3B-Instruct,0.41
mental-health,equality,Llama-3.1-8B-Instruct,Qwen2.5-14B-Instruct,0.492
mental-health,equality,Llama-3.1-8B-Instruct,Qwen2.5-72B-Instruct,0.693
mental-health,equality,Llama-3.1-8B-Instruct,Qwen2.5-7B-Instruct,0.693
mental-health,equality,Llama-3.2-1B-Instruct,Llama-3.2-3B-Instruct,0.396
mental-health,equality,Llama-3.2-1B-Instruct,Qwen2.5-14B-Instruct,0.524
mental-health,equality,Llama-3.2-1B-Instruct,Qwen2.5-72B-Instruct,0.693
mental-health,equality,Llama-3.2-1B-Instruct,Qwen2.5-7B-Instruct,0.693
mental-health,equality,Llama-3.2-3B-Instruct,Qwen2.5-14B-Instruct,0.449
mental-health,equality,Llama-3.2-3B-Instruct,Qwen2.5-72B-Instruct,0.693
mental-health,equality,Llama-3.2-3B-Instruct,Qwen2.5-7B-Instruct,0.693
mental-health,equality,Qwen2.5-14B-Instruct,Qwen2.5-72B-Instruct,0.693
mental-health,equality,Qwen2.5-14B-Instruct,Qwen2.5-7B-Instruct,0.693
mental-health,equality,Qwen2.5-72B-Instruct,Qwen2.5-7B-Instruct,0.693
mental-health,loyalty,Apertus-8B-Instruct-2509,Llama-3.1-70B-Instruct,0.403
mental-health,loyalty,Apertus-8B-Instruct-2509,Llama-3.1-8B-Instruct,0.433
mental-health,loyalty,Apertus-8B-Instruct-2509,Llama-3.2-1B-Instruct,0.432
mental-health,loyalty,Apertus-8B-Instruct-2509,Llama-3.2-3B-Instruct,0.433
mental-health,loyalty,Apertus-8B-Instruct-2509,Qwen2.5-14B-Instruct,0.483
mental-health,loyalty,Apertus-8B-Instruct-2509,Qwen2.5-72B-Instruct,0.693
mental-health,loyalty,Apertus-8B-Instruct-2509,Qwen2.5-7B-Instruct,0.496
mental-health,loyalty,Llama-3.1-70B-Instruct,Llama-3.1-8B-Instruct,0.283
mental-health,loyalty,Llama-3.1-70B-Instruct,Llama-3.2-1B-Instruct,0.392
mental-health,loyalty,Llama-3.1-70B-Instruct,Llama-3.2-3B-Instruct,0.337
mental-health,loyalty,Llama-3.1-70B-Instruct,Qwen2.5-14B-Instruct,0.421
mental-health,loyalty,Llama-3.1-70B-Instruct,Qwen2.5-72B-Instruct,0.693
mental-health,loyalty,Llama-3.1-70B-Instruct,Qwen2.5-7B-Instruct,0.446
mental-health,loyalty,Llama-3.1-8B-Instruct,Llama-3.2-1B-Instruct,0.432
mental-health,loyalty,Llama-3.1-8B-Instruct,Llama-3.2-3B-Instruct,0.381
mental-health,loyalty,Llama-3.1-8B-Instruct,Qwen2.5-14B-Instruct,0.498
mental-health,loyalty,Llama-3.1-8B-Instruct,Qwen2.5-72B-Instruct,0.693
mental-health,loyalty,Llama-3.1-8B-Instruct,Qwen2.5-7B-Instruct,0.512
mental-health,loyalty,Llama-3.2-1B-Instruct,Llama-3.2-3B-Instruct,0.382
mental-health,loyalty,Llama-3.2-1B-Instruct,Qwen2.5-14B-Instruct,0.514
mental-health,loyalty,Llama-3.2-1B-Instruct,Qwen2.5-72B-Instruct,0.693
mental-health,loyalty,Llama-3.2-1B-Instruct,Qwen2.5-7B-Instruct,0.465
mental-health,loyalty,Llama-3.2-3B-Instruct,Qwen2.5-14B-Instruct,0.548
mental-health,loyalty,Llama-3.2-3B-Instruct,Qwen2.5-72B-Instruct,0.693
mental-health,loyalty,Llama-3.2-3B-Instruct,Qwen2.5-7B-Instruct,0.516
mental-health,loyalty,Qwen2.5-14B-Instruct,Qwen2.5-72B-Instruct,0.693
mental-health,loyalty,Qwen2.5-14B-Instruct,Qwen2.5-7B-Instruct,0.496
mental-health,loyalty,Qwen2.5-72B-Instruct,Qwen2.5-7B-Instruct,0.693
mental-health,proportionality,Apertus-8B-Instruct-2509,Llama-3.1-70B-Instruct,0.437
mental-health,proportionality,Apertus-8B-Instruct-2509,Llama-3.1-8B-Instruct,0.433
mental-health,proportionality,Apertus-8B-Instruct-2509,Llama-3.2-1B-Instruct,0.441
mental-health,proportionality,Apertus-8B-Instruct-2509,Llama-3.2-3B-Instruct,0.465
mental-health,proportionality,Apertus-8B-Instruct-2509,Qwen2.5-14B-Instruct,0.454
mental-health,proportionality,Apertus-8B-Instruct-2509,Qwen2.5-72B-Instruct,0.693
mental-health,proportionality,Apertus-8B-Instruct-2509,Qwen2.5-7B-Instruct,0.361
mental-health,proportionality,Llama-3.1-70B-Instruct,Llama-3.1-8B-Instruct,0.355
mental-health,proportionality,Llama-3.1-70B-Instruct,Llama-3.2-1B-Instruct,0.417
mental-health,proportionality,Llama-3.1-70B-Instruct,Llama-3.2-3B-Instruct,0.353
mental-health,proportionality,Llama-3.1-70B-Instruct,Qwen2.5-14B-Instruct,0.472
mental-health,proportionality,Llama-3.1-70B-Instruct,Qwen2.5-72B-Instruct,0.693
mental-health,proportionality,Llama-3.1-70B-Instruct,Qwen2.5-7B-Instruct,0.468
mental-health,proportionality,Llama-3.1-8B-Instruct,Llama-3.2-1B-Instruct,0.411
mental-health,proportionality,Llama-3.1-8B-Instruct,Llama-3.2-3B-Instruct,0.35
mental-health,proportionality,Llama-3.1-8B-Instruct,Qwen2.5-14B-Instruct,0.534
mental-health,proportionality,Llama-3.1-8B-Instruct,Qwen2.5-72B-Instruct,0.693
mental-health,proportionality,Llama-3.1-8B-Instruct,Qwen2.5-7B-Instruct,0.483
mental-health,proportionality,Llama-3.2-1B-Instruct,Llama-3.2-3B-Instruct,0.385
mental-health,proportionality,Llama-3.2-1B-Instruct,Qwen2.5-14B-Instruct,0.536
mental-health,proportionality,Llama-3.2-1B-Instruct,Qwen2.5-72B-Instruct,0.693
mental-health,proportionality,Llama-3.2-1B-Instruct,Qwen2.5-7B-Instruct,0.488
mental-health,proportionality,Llama-3.2-3B-Instruct,Qwen2.5-14B-Instruct,0.548
mental-health,proportionality,Llama-3.2-3B-Instruct,Qwen2.5-72B-Instruct,0.693
mental-health,proportionality,Llama-3.2-3B-Instruct,Qwen2.5-7B-Instruct,0.487
mental-health,proportionality,Qwen2.5-14B-Instruct,Qwen2.5-72B-Instruct,0.693
mental-health,proportionality,Qwen2.5-14B-Instruct,Qwen2.5-7B-Instruct,0.391
mental-health,proportionality,Qwen2.5-72B-Instruct,Qwen2.5-7B-Instruct,0.693
mental-health,purity,Apertus-8B-Instruct-2509,Llama-3.1-70B-Instruct,0.396
mental-health,purity,Apertus-8B-Instruct-2509,Llama-3.1-8B-Instruct,0.374
mental-health,purity,Apertus-8B-Instruct-2509,Llama-3.2-1B-Instruct,0.436
mental-health,purity,Apertus-8B-Instruct-2509,Llama-3.2-3B-Instruct,0.392
mental-health,purity,Apertus-8B-Instruct-2509,Qwen2.5-14B-Instruct,0.447
mental-health,purity,Apertus-8B-Instruct-2509,Qwen2.5-72B-Instruct,0.693
mental-health,purity,Apertus-8B-Instruct-2509,Qwen2.5-7B-Instruct,0.448
mental-health,purity,Llama-3.1-70B-Instruct,Llama-3.1-8B-Instruct,0.295
mental-health,purity,Llama-3.1-70B-Instruct,Llama-3.2-1B-Instruct,0.432
mental-health,purity,Llama-3.1-70B-Instruct,Llama-3.2-3B-Instruct,0.361
mental-health,purity,Llama-3.1-70B-Instruct,Qwen2.5-14B-Instruct,0.441
mental-health,purity,Llama-3.1-70B-Instruct,Qwen2.5-72B-Instruct,0.693
mental-health,purity,Llama-3.1-70B-Instruct,Qwen2.5-7B-Instruct,0.459
mental-health,purity,Llama-3.1-8B-Instruct,Llama-3.2-1B-Instruct,0.435
mental-health,purity,Llama-3.1-8B-Instruct,Llama-3.2-3B-Instruct,0.361
mental-health,purity,Llama-3.1-8B-Instruct,Qwen2.5-14B-Instruct,0.475
mental-health,purity,Llama-3.1-8B-Instruct,Qwen2.5-72B-Instruct,0.693
mental-health,purity,Llama-3.1-8B-Instruct,Qwen2.5-7B-Instruct,0.433
mental-health,purity,Llama-3.2-1B-Instruct,Llama-3.2-3B-Instruct,0.449
mental-health,purity,Llama-3.2-1B-Instruct,Qwen2.5-14B-Instruct,0.468
mental-health,purity,Llama-3.2-1B-Instruct,Qwen2.5-72B-Instruct,0.693
mental-health,purity,Llama-3.2-1B-Instruct,Qwen2.5-7B-Instruct,0.431
mental-health,purity,Llama-3.2-3B-Instruct,Qwen2.5-14B-Instruct,0.468
mental-health,purity,Llama-3.2-3B-Instruct,Qwen2.5-72B-Instruct,0.693
mental-health,purity,Llama-3.2-3B-Instruct,Qwen2.5-7B-Instruct,0.451
mental-health,purity,Qwen2.5-14B-Instruct,Qwen2.5-72B-Instruct,0.693
mental-health,purity,Qwen2.5-14B-Instruct,Qwen2.5-7B-Instruct,0.391
mental-health,purity,Qwen2.5-72B-Instruct,Qwen2.5-7B-Instruct,0.693
national-defense-national-security,authority,Apertus-8B-Instruct-2509,Llama-3.1-70B-Instruct,0.369
national-defense-national-security,authority,Apertus-8B-Instruct-2509,Llama-3.1-8B-Instruct,0.369
national-defense-national-security,authority,Apertus-8B-Instruct-2509,Llama-3.2-1B-Instruct,0.442
national-defense-national-security,authority,Apertus-8B-Instruct-2509,Llama-3.2-3B-Instruct,0.392
national-defense-national-security,authority,Apertus-8B-Instruct-2509,Qwen2.5-14B-Instruct,0.39
national-defense-national-security,authority,Apertus-8B-Instruct-2509,Qwen2.5-72B-Instruct,0.382
national-defense-national-security,authority,Apertus-8B-Instruct-2509,Qwen2.5-7B-Instruct,0.41
national-defense-national-security,authority,Llama-3.1-70B-Instruct,Llama-3.1-8B-Instruct,0.292
national-defense-national-security,authority,Llama-3.1-70B-Instruct,Llama-3.2-1B-Instruct,0.394
national-defense-national-security,authority,Llama-3.1-70B-Instruct,Llama-3.2-3B-Instruct,0.237
national-defense-national-security,authority,Llama-3.1-70B-Instruct,Qwen2.5-14B-Instruct,0.348
national-defense-national-security,authority,Llama-3.1-70B-Instruct,Qwen2.5-72B-Instruct,0.377
national-defense-national-security,authority,Llama-3.1-70B-Instruct,Qwen2.5-7B-Instruct,0.398
national-defense-national-security,authority,Llama-3.1-8B-Instruct,Llama-3.2-1B-Instruct,0.456
national-defense-national-security,authority,Llama-3.1-8B-Instruct,Llama-3.2-3B-Instruct,0.314
national-defense-national-security,authority,Llama-3.1-8B-Instruct,Qwen2.5-14B-Instruct,0.33
national-defense-national-security,authority,Llama-3.1-8B-Instruct,Qwen2.5-72B-Instruct,0.404
national-defense-national-security,authority,Llama-3.1-8B-Instruct,Qwen2.5-7B-Instruct,0.381
national-defense-national-security,authority,Llama-3.2-1B-Instruct,Llama-3.2-3B-Instruct,0.356
national-defense-national-security,authority,Llama-3.2-1B-Instruct,Qwen2.5-14B-Instruct,0.457
national-defense-national-security,authority,Llama-3.2-1B-Instruct,Qwen2.5-72B-Instruct,0.441
national-defense-national-security,authority,Llama-3.2-1B-Instruct,Qwen2.5-7B-Instruct,0.454
national-defense-national-security,authority,Llama-3.2-3B-Instruct,Qwen2.5-14B-Instruct,0.372
national-defense-national-security,authority,Llama-3.2-3B-Instruct,Qwen2.5-72B-Instruct,0.39
national-defense-national-security,authority,Llama-3.2-3B-Instruct,Qwen2.5-7B-Instruct,0.37
national-defense-national-security,authority,Qwen2.5-14B-Instruct,Qwen2.5-72B-Instruct,0.377
national-defense-national-security,authority,Qwen2.5-14B-Instruct,Qwen2.5-7B-Instruct,0.383
national-defense-national-security,authority,Qwen2.5-72B-Instruct,Qwen2.5-7B-Instruct,0.433
national-defense-national-security,base,Apertus-8B-Instruct-2509,Llama-3.1-70B-Instruct,0.374
national-defense-national-security,base,Apertus-8B-Instruct-2509,Llama-3.1-8B-Instruct,0.376
national-defense-national-security,base,Apertus-8B-Instruct-2509,Llama-3.2-1B-Instruct,0.431
national-defense-national-security,base,Apertus-8B-Instruct-2509,Llama-3.2-3B-Instruct,0.357
national-defense-national-security,base,Apertus-8B-Instruct-2509,Qwen2.5-14B-Instruct,0.352
national-defense-national-security,base,Apertus-8B-Instruct-2509,Qwen2.5-72B-Instruct,0.352
national-defense-national-security,base,Apertus-8B-Instruct-2509,Qwen2.5-7B-Instruct,0.693
national-defense-national-security,base,Llama-3.1-70B-Instruct,Llama-3.1-8B-Instruct,0.3
national-defense-national-security,base,Llama-3.1-70B-Instruct,Llama-3.2-1B-Instruct,0.378
national-defense-national-security,base,Llama-3.1-70B-Instruct,Llama-3.2-3B-Instruct,0.323
national-defense-national-security,base,Llama-3.1-70B-Instruct,Qwen2.5-14B-Instruct,0.345
national-defense-national-security,base,Llama-3.1-70B-Instruct,Qwen2.5-72B-Instruct,0.28
national-defense-national-security,base,Llama-3.1-70B-Instruct,Qwen2.5-7B-Instruct,0.678
national-defense-national-security,base,Llama-3.1-8B-Instruct,Llama-3.2-1B-Instruct,0.365
national-defense-national-security,base,Llama-3.1-8B-Instruct,Llama-3.2-3B-Instruct,0.325
national-defense-national-security,base,Llama-3.1-8B-Instruct,Qwen2.5-14B-Instruct,0.312
national-defense-national-security,base,Llama-3.1-8B-Instruct,Qwen2.5-72B-Instruct,0.377
national-defense-national-security,base,Llama-3.1-8B-Instruct,Qwen2.5-7B-Instruct,0.693
national-defense-national-security,base,Llama-3.2-1B-Instruct,Llama-3.2-3B-Instruct,0.364
national-defense-national-security,base,Llama-3.2-1B-Instruct,Qwen2.5-14B-Instruct,0.43
national-defense-national-security,base,Llama-3.2-1B-Instruct,Qwen2.5-72B-Instruct,0.358
national-defense-national-security,base,Llama-3.2-1B-Instruct,Qwen2.5-7B-Instruct,0.693
national-defense-national-security,base,Llama-3.2-3B-Instruct,Qwen2.5-14B-Instruct,0.328
national-defense-national-security,base,Llama-3.2-3B-Instruct,Qwen2.5-72B-Instruct,0.368
national-defense-national-security,base,Llama-3.2-3B-Instruct,Qwen2.5-7B-Instruct,0.667
national-defense-national-security,base,Qwen2.5-14B-Instruct,Qwen2.5-72B-Instruct,0.378
national-defense-national-security,base,Qwen2.5-14B-Instruct,Qwen2.5-7B-Instruct,0.693
national-defense-national-security,base,Qwen2.5-72B-Instruct,Qwen2.5-7B-Instruct,0.671
national-defense-national-security,care,Apertus-8B-Instruct-2509,Llama-3.1-70B-Instruct,0.381
national-defense-national-security,care,Apertus-8B-Instruct-2509,Llama-3.1-8B-Instruct,0.411
national-defense-national-security,care,Apertus-8B-Instruct-2509,Llama-3.2-1B-Instruct,0.466
national-defense-national-security,care,Apertus-8B-Instruct-2509,Llama-3.2-3B-Instruct,0.4
national-defense-national-security,care,Apertus-8B-Instruct-2509,Qwen2.5-14B-Instruct,0.481
national-defense-national-security,care,Apertus-8B-Instruct-2509,Qwen2.5-72B-Instruct,0.415
national-defense-national-security,care,Apertus-8B-Instruct-2509,Qwen2.5-7B-Instruct,0.441
national-defense-national-security,care,Llama-3.1-70B-Instruct,Llama-3.1-8B-Instruct,0.269
national-defense-national-security,care,Llama-3.1-70B-Instruct,Llama-3.2-1B-Instruct,0.41
national-defense-national-security,care,Llama-3.1-70B-Instruct,Llama-3.2-3B-Instruct,0.359
national-defense-national-security,care,Llama-3.1-70B-Instruct,Qwen2.5-14B-Instruct,0.367
national-defense-national-security,care,Llama-3.1-70B-Instruct,Qwen2.5-72B-Instruct,0.317
national-defense-national-security,care,Llama-3.1-70B-Instruct,Qwen2.5-7B-Instruct,0.322
national-defense-national-security,care,Llama-3.1-8B-Instruct,Llama-3.2-1B-Instruct,0.479
national-defense-national-security,care,Llama-3.1-8B-Instruct,Llama-3.2-3B-Instruct,0.428
national-defense-national-security,care,Llama-3.1-8B-Instruct,Qwen2.5-14B-Instruct,0.466
national-defense-national-security,care,Llama-3.1-8B-Instruct,Qwen2.5-72B-Instruct,0.348
national-defense-national-security,care,Llama-3.1-8B-Instruct,Qwen2.5-7B-Instruct,0.409
national-defense-national-security,care,Llama-3.2-1B-Instruct,Llama-3.2-3B-Instruct,0.447
national-defense-national-security,care,Llama-3.2-1B-Instruct,Qwen2.5-14B-Instruct,0.528
national-defense-national-security,care,Llama-3.2-1B-Instruct,Qwen2.5-72B-Instruct,0.45
national-defense-national-security,care,Llama-3.2-1B-Instruct,Qwen2.5-7B-Instruct,0.52
national-defense-national-security,care,Llama-3.2-3B-Instruct,Qwen2.5-14B-Instruct,0.456
national-defense-national-security,care,Llama-3.2-3B-Instruct,Qwen2.5-72B-Instruct,0.403
national-defense-national-security,care,Llama-3.2-3B-Instruct,Qwen2.5-7B-Instruct,0.47
national-defense-national-security,care,Qwen2.5-14B-Instruct,Qwen2.5-72B-Instruct,0.385
national-defense-national-security,care,Qwen2.5-14B-Instruct,Qwen2.5-7B-Instruct,0.404
national-defense-national-security,care,Qwen2.5-72B-Instruct,Qwen2.5-7B-Instruct,0.398
national-defense-national-security,equality,Apertus-8B-Instruct-2509,Llama-3.1-70B-Instruct,0.359
national-defense-national-security,equality,Apertus-8B-Instruct-2509,Llama-3.1-8B-Instruct,0.376
national-defense-national-security,equality,Apertus-8B-Instruct-2509,Llama-3.2-1B-Instruct,0.422
national-defense-national-security,equality,Apertus-8B-Instruct-2509,Llama-3.2-3B-Instruct,0.426
national-defense-national-security,equality,Apertus-8B-Instruct-2509,Qwen2.5-14B-Instruct,0.402
national-defense-national-security,equality,Apertus-8B-Instruct-2509,Qwen2.5-72B-Instruct,0.419
national-defense-national-security,equality,Apertus-8B-Instruct-2509,Qwen2.5-7B-Instruct,0.393
national-defense-national-security,equality,Llama-3.1-70B-Instruct,Llama-3.1-8B-Instruct,0.316
national-defense-national-security,equality,Llama-3.1-70B-Instruct,Llama-3.2-1B-Instruct,0.404
national-defense-national-security,equality,Llama-3.1-70B-Instruct,Llama-3.2-3B-Instruct,0.342
national-defense-national-security,equality,Llama-3.1-70B-Instruct,Qwen2.5-14B-Instruct,0.289
national-defense-national-security,equality,Llama-3.1-70B-Instruct,Qwen2.5-72B-Instruct,0.29
national-defense-national-security,equality,Llama-3.1-70B-Instruct,Qwen2.5-7B-Instruct,0.375
national-defense-national-security,equality,Llama-3.1-8B-Instruct,Llama-3.2-1B-Instruct,0.42
national-defense-national-security,equality,Llama-3.1-8B-Instruct,Llama-3.2-3B-Instruct,0.396
national-defense-national-security,equality,Llama-3.1-8B-Instruct,Qwen2.5-14B-Instruct,0.411
national-defense-national-security,equality,Llama-3.1-8B-Instruct,Qwen2.5-72B-Instruct,0.391
national-defense-national-security,equality,Llama-3.1-8B-Instruct,Qwen2.5-7B-Instruct,0.4
national-defense-national-security,equality,Llama-3.2-1B-Instruct,Llama-3.2-3B-Instruct,0.428
national-defense-national-security,equality,Llama-3.2-1B-Instruct,Qwen2.5-14B-Instruct,0.482
national-defense-national-security,equality,Llama-3.2-1B-Instruct,Qwen2.5-72B-Instruct,0.382
national-defense-national-security,equality,Llama-3.2-1B-Instruct,Qwen2.5-7B-Instruct,0.439
national-defense-national-security,equality,Llama-3.2-3B-Instruct,Qwen2.5-14B-Instruct,0.378
national-defense-national-security,equality,Llama-3.2-3B-Instruct,Qwen2.5-72B-Instruct,0.388
national-defense-national-security,equality,Llama-3.2-3B-Instruct,Qwen2.5-7B-Instruct,0.407
national-defense-national-security,equality,Qwen2.5-14B-Instruct,Qwen2.5-72B-Instruct,0.375
national-defense-national-security,equality,Qwen2.5-14B-Instruct,Qwen2.5-7B-Instruct,0.349
national-defense-national-security,equality,Qwen2.5-72B-Instruct,Qwen2.5-7B-Instruct,0.362
national-defense-national-security,loyalty,Apertus-8B-Instruct-2509,Llama-3.1-70B-Instruct,0.336
national-defense-national-security,loyalty,Apertus-8B-Instruct-2509,Llama-3.1-8B-Instruct,0.334
national-defense-national-security,loyalty,Apertus-8B-Instruct-2509,Llama-3.2-1B-Instruct,0.446
national-defense-national-security,loyalty,Apertus-8B-Instruct-2509,Llama-3.2-3B-Instruct,0.321
national-defense-national-security,loyalty,Apertus-8B-Instruct-2509,Qwen2.5-14B-Instruct,0.363
national-defense-national-security,loyalty,Apertus-8B-Instruct-2509,Qwen2.5-72B-Instruct,0.405
national-defense-national-security,loyalty,Apertus-8B-Instruct-2509,Qwen2.5-7B-Instruct,0.401
national-defense-national-security,loyalty,Llama-3.1-70B-Instruct,Llama-3.1-8B-Instruct,0.273
national-defense-national-security,loyalty,Llama-3.1-70B-Instruct,Llama-3.2-1B-Instruct,0.401
national-defense-national-security,loyalty,Llama-3.1-70B-Instruct,Llama-3.2-3B-Instruct,0.31
national-defense-national-security,loyalty,Llama-3.1-70B-Instruct,Qwen2.5-14B-Instruct,0.341
national-defense-national-security,loyalty,Llama-3.1-70B-Instruct,Qwen2.5-72B-Instruct,0.358
national-defense-national-security,loyalty,Llama-3.1-70B-Instruct,Qwen2.5-7B-Instruct,0.39
national-defense-national-security,loyalty,Llama-3.1-8B-Instruct,Llama-3.2-1B-Instruct,0.351
national-defense-national-security,loyalty,Llama-3.1-8B-Instruct,Llama-3.2-3B-Instruct,0.372
national-defense-national-security,loyalty,Llama-3.1-8B-Instruct,Qwen2.5-14B-Instruct,0.345
national-defense-national-security,loyalty,Llama-3.1-8B-Instruct,Qwen2.5-72B-Instruct,0.409
national-defense-national-security,loyalty,Llama-3.1-8B-Instruct,Qwen2.5-7B-Instruct,0.408
national-defense-national-security,loyalty,Llama-3.2-1B-Instruct,Llama-3.2-3B-Instruct,0.406
national-defense-national-security,loyalty,Llama-3.2-1B-Instruct,Qwen2.5-14B-Instruct,0.391
national-defense-national-security,loyalty,Llama-3.2-1B-Instruct,Qwen2.5-72B-Instruct,0.394
national-defense-national-security,loyalty,Llama-3.2-1B-Instruct,Qwen2.5-7B-Instruct,0.396
national-defense-national-security,loyalty,Llama-3.2-3B-Instruct,Qwen2.5-14B-Instruct,0.342
national-defense-national-security,loyalty,Llama-3.2-3B-Instruct,Qwen2.5-72B-Instruct,0.387
national-defense-national-security,loyalty,Llama-3.2-3B-Instruct,Qwen2.5-7B-Instruct,0.381
national-defense-national-security,loyalty,Qwen2.5-14B-Instruct,Qwen2.5-72B-Instruct,0.329
national-defense-national-security,loyalty,Qwen2.5-14B-Instruct,Qwen2.5-7B-Instruct,0.315
national-defense-national-security,loyalty,Qwen2.5-72B-Instruct,Qwen2.5-7B-Instruct,0.325
national-defense-national-security,proportionality,Apertus-8B-Instruct-2509,Llama-3.1-70B-Instruct,0.463
national-defense-national-security,proportionality,Apertus-8B-Instruct-2509,Llama-3.1-8B-Instruct,0.438
national-defense-national-security,proportionality,Apertus-8B-Instruct-2509,Llama-3.2-1B-Instruct,0.49
national-defense-national-security,proportionality,Apertus-8B-Instruct-2509,Llama-3.2-3B-Instruct,0.488
national-defense-national-security,proportionality,Apertus-8B-Instruct-2509,Qwen2.5-14B-Instruct,0.471
national-defense-national-security,proportionality,Apertus-8B-Instruct-2509,Qwen2.5-72B-Instruct,0.48
national-defense-national-security,proportionality,Apertus-8B-Instruct-2509,Qwen2.5-7B-Instruct,0.515
national-defense-national-security,proportionality,Llama-3.1-70B-Instruct,Llama-3.1-8B-Instruct,0.352
national-defense-national-security,proportionality,Llama-3.1-70B-Instruct,Llama-3.2-1B-Instruct,0.425
national-defense-national-security,proportionality,Llama-3.1-70B-Instruct,Llama-3.2-3B-Instruct,0.406
national-defense-national-security,proportionality,Llama-3.1-70B-Instruct,Qwen2.5-14B-Instruct,0.422
national-defense-national-security,proportionality,Llama-3.1-70B-Instruct,Qwen2.5-72B-Instruct,0.358
national-defense-national-security,proportionality,Llama-3.1-70B-Instruct,Qwen2.5-7B-Instruct,0.37
national-defense-national-security,proportionality,Llama-3.1-8B-Instruct,Llama-3.2-1B-Instruct,0.424
national-defense-national-security,proportionality,Llama-3.1-8B-Instruct,Llama-3.2-3B-Instruct,0.344
national-defense-national-security,proportionality,Llama-3.1-8B-Instruct,Qwen2.5-14B-Instruct,0.337
national-defense-national-security,proportionality,Llama-3.1-8B-Instruct,Qwen2.5-72B-Instruct,0.375
national-defense-national-security,proportionality,Llama-3.1-8B-Instruct,Qwen2.5-7B-Instruct,0.368
national-defense-national-security,proportionality,Llama-3.2-1B-Instruct,Llama-3.2-3B-Instruct,0.41
national-defense-national-security,proportionality,Llama-3.2-1B-Instruct,Qwen2.5-14B-Instruct,0.473
national-defense-national-security,proportionality,Llama-3.2-1B-Instruct,Qwen2.5-72B-Instruct,0.448
national-defense-national-security,proportionality,Llama-3.2-1B-Instruct,Qwen2.5-7B-Instruct,0.452
national-defense-national-security,proportionality,Llama-3.2-3B-Instruct,Qwen2.5-14B-Instruct,0.478
national-defense-national-security,proportionality,Llama-3.2-3B-Instruct,Qwen2.5-72B-Instruct,0.454
national-defense-national-security,proportionality,Llama-3.2-3B-Instruct,Qwen2.5-7B-Instruct,0.439
national-defense-national-security,proportionality,Qwen2.5-14B-Instruct,Qwen2.5-72B-Instruct,0.369
national-defense-national-security,proportionality,Qwen2.5-14B-Instruct,Qwen2.5-7B-Instruct,0.381
national-defense-national-security,proportionality,Qwen2.5-72B-Instruct,Qwen2.5-7B-Instruct,0.382
national-defense-national-security,purity,Apertus-8B-Instruct-2509,Llama-3.1-70B-Instruct,0.449
national-defense-national-security,purity,Apertus-8B-Instruct-2509,Llama-3.1-8B-Instruct,0.453
national-defense-national-security,purity,Apertus-8B-Instruct-2509,Llama-3.2-1B-Instruct,0.466
national-defense-national-security,purity,Apertus-8B-Instruct-2509,Llama-3.2-3B-Instruct,0.419
national-defense-national-security,purity,Apertus-8B-Instruct-2509,Qwen2.5-14B-Instruct,0.438
national-defense-national-security,purity,Apertus-8B-Instruct-2509,Qwen2.5-72B-Instruct,0.442
national-defense-national-security,purity,Apertus-8B-Instruct-2509,Qwen2.5-7B-Instruct,0.412
national-defense-national-security,purity,Llama-3.1-70B-Instruct,Llama-3.1-8B-Instruct,0.377
national-defense-national-security,purity,Llama-3.1-70B-Instruct,Llama-3.2-1B-Instruct,0.404
national-defense-national-security,purity,Llama-3.1-70B-Instruct,Llama-3.2-3B-Instruct,0.358
national-defense-national-security,purity,Llama-3.1-70B-Instruct,Qwen2.5-14B-Instruct,0.466
national-defense-national-security,purity,Llama-3.1-70B-Instruct,Qwen2.5-72B-Instruct,0.372
national-defense-national-security,purity,Llama-3.1-70B-Instruct,Qwen2.5-7B-Instruct,0.45
national-defense-national-security,purity,Llama-3.1-8B-Instruct,Llama-3.2-1B-Instruct,0.487
national-defense-national-security,purity,Llama-3.1-8B-Instruct,Llama-3.2-3B-Instruct,0.399
national-defense-national-security,purity,Llama-3.1-8B-Instruct,Qwen2.5-14B-Instruct,0.49
national-defense-national-security,purity,Llama-3.1-8B-Instruct,Qwen2.5-72B-Instruct,0.439
national-defense-national-security,purity,Llama-3.1-8B-Instruct,Qwen2.5-7B-Instruct,0.445
national-defense-national-security,purity,Llama-3.2-1B-Instruct,Llama-3.2-3B-Instruct,0.431
national-defense-national-security,purity,Llama-3.2-1B-Instruct,Qwen2.5-14B-Instruct,0.513
national-defense-national-security,purity,Llama-3.2-1B-Instruct,Qwen2.5-72B-Instruct,0.447
national-defense-national-security,purity,Llama-3.2-1B-Instruct,Qwen2.5-7B-Instruct,0.485
national-defense-national-security,purity,Llama-3.2-3B-Instruct,Qwen2.5-14B-Instruct,0.484
national-defense-national-security,purity,Llama-3.2-3B-Instruct,Qwen2.5-72B-Instruct,0.376
national-defense-national-security,purity,Llama-3.2-3B-Instruct,Qwen2.5-7B-Instruct,0.383
national-defense-national-security,purity,Qwen2.5-14B-Instruct,Qwen2.5-72B-Instruct,0.395
national-defense-national-security,purity,Qwen2.5-14B-Instruct,Qwen2.5-7B-Instruct,0.395
national-defense-national-security,purity,Qwen2.5-72B-Instruct,Qwen2.5-7B-Instruct,0.395
patriotism-patriotic-patriot,authority,Apertus-8B-Instruct-2509,Llama-3.1-70B-Instruct,0.353
patriotism-patriotic-patriot,authority,Apertus-8B-Instruct-2509,Llama-3.1-8B-Instruct,0.438
patriotism-patriotic-patriot,authority,Apertus-8B-Instruct-2509,Llama-3.2-1B-Instruct,0.521
patriotism-patriotic-patriot,authority,Apertus-8B-Instruct-2509,Llama-3.2-3B-Instruct,0.467
patriotism-patriotic-patriot,authority,Apertus-8B-Instruct-2509,Qwen2.5-14B-Instruct,0.516
patriotism-patriotic-patriot,authority,Apertus-8B-Instruct-2509,Qwen2.5-72B-Instruct,0.496
patriotism-patriotic-patriot,authority,Apertus-8B-Instruct-2509,Qwen2.5-7B-Instruct,0.43
patriotism-patriotic-patriot,authority,Llama-3.1-70B-Instruct,Llama-3.1-8B-Instruct,0.296
patriotism-patriotic-patriot,authority,Llama-3.1-70B-Instruct,Llama-3.2-1B-Instruct,0.486
patriotism-patriotic-patriot,authority,Llama-3.1-70B-Instruct,Llama-3.2-3B-Instruct,0.368
patriotism-patriotic-patriot,authority,Llama-3.1-70B-Instruct,Qwen2.5-14B-Instruct,0.429
patriotism-patriotic-patriot,authority,Llama-3.1-70B-Instruct,Qwen2.5-72B-Instruct,0.425
patriotism-patriotic-patriot,authority,Llama-3.1-70B-Instruct,Qwen2.5-7B-Instruct,0.407
patriotism-patriotic-patriot,authority,Llama-3.1-8B-Instruct,Llama-3.2-1B-Instruct,0.497
patriotism-patriotic-patriot,authority,Llama-3.1-8B-Instruct,Llama-3.2-3B-Instruct,0.335
patriotism-patriotic-patriot,authority,Llama-3.1-8B-Instruct,Qwen2.5-14B-Instruct,0.411
patriotism-patriotic-patriot,authority,Llama-3.1-8B-Instruct,Qwen2.5-72B-Instruct,0.443
patriotism-patriotic-patriot,authority,Llama-3.1-8B-Instruct,Qwen2.5-7B-Instruct,0.413
patriotism-patriotic-patriot,authority,Llama-3.2-1B-Instruct,Llama-3.2-3B-Instruct,0.462
patriotism-patriotic-patriot,authority,Llama-3.2-1B-Instruct,Qwen2.5-14B-Instruct,0.516
patriotism-patriotic-patriot,authority,Llama-3.2-1B-Instruct,Qwen2.5-72B-Instruct,0.393
patriotism-patriotic-patriot,authority,Llama-3.2-1B-Instruct,Qwen2.5-7B-Instruct,0.501
patriotism-patriotic-patriot,authority,Llama-3.2-3B-Instruct,Qwen2.5-14B-Instruct,0.397
patriotism-patriotic-patriot,authority,Llama-3.2-3B-Instruct,Qwen2.5-72B-Instruct,0.398
patriotism-patriotic-patriot,authority,Llama-3.2-3B-Instruct,Qwen2.5-7B-Instruct,0.421
patriotism-patriotic-patriot,authority,Qwen2.5-14B-Instruct,Qwen2.5-72B-Instruct,0.399
patriotism-patriotic-patriot,authority,Qwen2.5-14B-Instruct,Qwen2.5-7B-Instruct,0.417
patriotism-patriotic-patriot,authority,Qwen2.5-72B-Instruct,Qwen2.5-7B-Instruct,0.399
patriotism-patriotic-patriot,base,Apertus-8B-Instruct-2509,Llama-3.1-70B-Instruct,0.458
patriotism-patriotic-patriot,base,Apertus-8B-Instruct-2509,Llama-3.1-8B-Instruct,0.494
patriotism-patriotic-patriot,base,Apertus-8B-Instruct-2509,Llama-3.2-1B-Instruct,0.558
patriotism-patriotic-patriot,base,Apertus-8B-Instruct-2509,Llama-3.2-3B-Instruct,0.454
patriotism-patriotic-patriot,base,Apertus-8B-Instruct-2509,Qwen2.5-14B-Instruct,0.409
patriotism-patriotic-patriot,base,Apertus-8B-Instruct-2509,Qwen2.5-72B-Instruct,0.409
patriotism-patriotic-patriot,base,Apertus-8B-Instruct-2509,Qwen2.5-7B-Instruct,0.435
patriotism-patriotic-patriot,base,Llama-3.1-70B-Instruct,Llama-3.1-8B-Instruct,0.344
patriotism-patriotic-patriot,base,Llama-3.1-70B-Instruct,Llama-3.2-1B-Instruct,0.474
patriotism-patriotic-patriot,base,Llama-3.1-70B-Instruct,Llama-3.2-3B-Instruct,0.344
patriotism-patriotic-patriot,base,Llama-3.1-70B-Instruct,Qwen2.5-14B-Instruct,0.477
patriotism-patriotic-patriot,base,Llama-3.1-70B-Instruct,Qwen2.5-72B-Instruct,0.293
patriotism-patriotic-patriot,base,Llama-3.1-70B-Instruct,Qwen2.5-7B-Instruct,0.419
patriotism-patriotic-patriot,base,Llama-3.1-8B-Instruct,Llama-3.2-1B-Instruct,0.54
patriotism-patriotic-patriot,base,Llama-3.1-8B-Instruct,Llama-3.2-3B-Instruct,0.355
patriotism-patriotic-patriot,base,Llama-3.1-8B-Instruct,Qwen2.5-14B-Instruct,0.542
patriotism-patriotic-patriot,base,Llama-3.1-8B-Instruct,Qwen2.5-72B-Instruct,0.399
patriotism-patriotic-patriot,base,Llama-3.1-8B-Instruct,Qwen2.5-7B-Instruct,0.468
patriotism-patriotic-patriot,base,Llama-3.2-1B-Instruct,Llama-3.2-3B-Instruct,0.481
patriotism-patriotic-patriot,base,Llama-3.2-1B-Instruct,Qwen2.5-14B-Instruct,0.561
patriotism-patriotic-patriot,base,Llama-3.2-1B-Instruct,Qwen2.5-72B-Instruct,0.477
patriotism-patriotic-patriot,base,Llama-3.2-1B-Instruct,Qwen2.5-7B-Instruct,0.544
patriotism-patriotic-patriot,base,Llama-3.2-3B-Instruct,Qwen2.5-14B-Instruct,0.524
patriotism-patriotic-patriot,base,Llama-3.2-3B-Instruct,Qwen2.5-72B-Instruct,0.405
patriotism-patriotic-patriot,base,Llama-3.2-3B-Instruct,Qwen2.5-7B-Instruct,0.512
patriotism-patriotic-patriot,base,Qwen2.5-14B-Instruct,Qwen2.5-72B-Instruct,0.442
patriotism-patriotic-patriot,base,Qwen2.5-14B-Instruct,Qwen2.5-7B-Instruct,0.42
patriotism-patriotic-patriot,base,Qwen2.5-72B-Instruct,Qwen2.5-7B-Instruct,0.388
patriotism-patriotic-patriot,care,Apertus-8B-Instruct-2509,Llama-3.1-70B-Instruct,0.557
patriotism-patriotic-patriot,care,Apertus-8B-Instruct-2509,Llama-3.1-8B-Instruct,0.559
patriotism-patriotic-patriot,care,Apertus-8B-Instruct-2509,Llama-3.2-1B-Instruct,0.639
patriotism-patriotic-patriot,care,Apertus-8B-Instruct-2509,Llama-3.2-3B-Instruct,0.565
patriotism-patriotic-patriot,care,Apertus-8B-Instruct-2509,Qwen2.5-14B-Instruct,0.472
patriotism-patriotic-patriot,care,Apertus-8B-Instruct-2509,Qwen2.5-72B-Instruct,0.475
patriotism-patriotic-patriot,care,Apertus-8B-Instruct-2509,Qwen2.5-7B-Instruct,0.501
patriotism-patriotic-patriot,care,Llama-3.1-70B-Instruct,Llama-3.1-8B-Instruct,0.313
patriotism-patriotic-patriot,care,Llama-3.1-70B-Instruct,Llama-3.2-1B-Instruct,0.485
patriotism-patriotic-patriot,care,Llama-3.1-70B-Instruct,Llama-3.2-3B-Instruct,0.356
patriotism-patriotic-patriot,care,Llama-3.1-70B-Instruct,Qwen2.5-14B-Instruct,0.45
patriotism-patriotic-patriot,care,Llama-3.1-70B-Instruct,Qwen2.5-72B-Instruct,0.473
patriotism-patriotic-patriot,care,Llama-3.1-70B-Instruct,Qwen2.5-7B-Instruct,0.452
patriotism-patriotic-patriot,care,Llama-3.1-8B-Instruct,Llama-3.2-1B-Instruct,0.453
patriotism-patriotic-patriot,care,Llama-3.1-8B-Instruct,Llama-3.2-3B-Instruct,0.423
patriotism-patriotic-patriot,care,Llama-3.1-8B-Instruct,Qwen2.5-14B-Instruct,0.441
patriotism-patriotic-patriot,care,Llama-3.1-8B-Instruct,Qwen2.5-72B-Instruct,0.456
patriotism-patriotic-patriot,care,Llama-3.1-8B-Instruct,Qwen2.5-7B-Instruct,0.463
patriotism-patriotic-patriot,care,Llama-3.2-1B-Instruct,Llama-3.2-3B-Instruct,0.407
patriotism-patriotic-patriot,care,Llama-3.2-1B-Instruct,Qwen2.5-14B-Instruct,0.556
patriotism-patriotic-patriot,care,Llama-3.2-1B-Instruct,Qwen2.5-72B-Instruct,0.512
patriotism-patriotic-patriot,care,Llama-3.2-1B-Instruct,Qwen2.5-7B-Instruct,0.543
patriotism-patriotic-patriot,care,Llama-3.2-3B-Instruct,Qwen2.5-14B-Instruct,0.506
patriotism-patriotic-patriot,care,Llama-3.2-3B-Instruct,Qwen2.5-72B-Instruct,0.481
patriotism-patriotic-patriot,care,Llama-3.2-3B-Instruct,Qwen2.5-7B-Instruct,0.51
patriotism-patriotic-patriot,care,Qwen2.5-14B-Instruct,Qwen2.5-72B-Instruct,0.338
patriotism-patriotic-patriot,care,Qwen2.5-14B-Instruct,Qwen2.5-7B-Instruct,0.431
patriotism-patriotic-patriot,care,Qwen2.5-72B-Instruct,Qwen2.5-7B-Instruct,0.41
patriotism-patriotic-patriot,equality,Apertus-8B-Instruct-2509,Llama-3.1-70B-Instruct,0.51
patriotism-patriotic-patriot,equality,Apertus-8B-Instruct-2509,Llama-3.1-8B-Instruct,0.457
patriotism-patriotic-patriot,equality,Apertus-8B-Instruct-2509,Llama-3.2-1B-Instruct,0.573
patriotism-patriotic-patriot,equality,Apertus-8B-Instruct-2509,Llama-3.2-3B-Instruct,0.513
patriotism-patriotic-patriot,equality,Apertus-8B-Instruct-2509,Qwen2.5-14B-Instruct,0.455
patriotism-patriotic-patriot,equality,Apertus-8B-Instruct-2509,Qwen2.5-72B-Instruct,0.477
patriotism-patriotic-patriot,equality,Apertus-8B-Instruct-2509,Qwen2.5-7B-Instruct,0.494
patriotism-patriotic-patriot,equality,Llama-3.1-70B-Instruct,Llama-3.1-8B-Instruct,0.38
patriotism-patriotic-patriot,equality,Llama-3.1-70B-Instruct,Llama-3.2-1B-Instruct,0.489
patriotism-patriotic-patriot,equality,Llama-3.1-70B-Instruct,Llama-3.2-3B-Instruct,0.397
patriotism-patriotic-patriot,equality,Llama-3.1-70B-Instruct,Qwen2.5-14B-Instruct,0.433
patriotism-patriotic-patriot,equality,Llama-3.1-70B-Instruct,Qwen2.5-72B-Instruct,0.4
patriotism-patriotic-patriot,equality,Llama-3.1-70B-Instruct,Qwen2.5-7B-Instruct,0.497
patriotism-patriotic-patriot,equality,Llama-3.1-8B-Instruct,Llama-3.2-1B-Instruct,0.568
patriotism-patriotic-patriot,equality,Llama-3.1-8B-Instruct,Llama-3.2-3B-Instruct,0.338
patriotism-patriotic-patriot,equality,Llama-3.1-8B-Instruct,Qwen2.5-14B-Instruct,0.452
patriotism-patriotic-patriot,equality,Llama-3.1-8B-Instruct,Qwen2.5-72B-Instruct,0.44
patriotism-patriotic-patriot,equality,Llama-3.1-8B-Instruct,Qwen2.5-7B-Instruct,0.54
patriotism-patriotic-patriot,equality,Llama-3.2-1B-Instruct,Llama-3.2-3B-Instruct,0.57
patriotism-patriotic-patriot,equality,Llama-3.2-1B-Instruct,Qwen2.5-14B-Instruct,0.542
patriotism-patriotic-patriot,equality,Llama-3.2-1B-Instruct,Qwen2.5-72B-Instruct,0.556
patriotism-patriotic-patriot,equality,Llama-3.2-1B-Instruct,Qwen2.5-7B-Instruct,0.552
patriotism-patriotic-patriot,equality,Llama-3.2-3B-Instruct,Qwen2.5-14B-Instruct,0.529
patriotism-patriotic-patriot,equality,Llama-3.2-3B-Instruct,Qwen2.5-72B-Instruct,0.479
patriotism-patriotic-patriot,equality,Llama-3.2-3B-Instruct,Qwen2.5-7B-Instruct,0.581
patriotism-patriotic-patriot,equality,Qwen2.5-14B-Instruct,Qwen2.5-72B-Instruct,0.366
patriotism-patriotic-patriot,equality,Qwen2.5-14B-Instruct,Qwen2.5-7B-Instruct,0.385
patriotism-patriotic-patriot,equality,Qwen2.5-72B-Instruct,Qwen2.5-7B-Instruct,0.423
patriotism-patriotic-patriot,loyalty,Apertus-8B-Instruct-2509,Llama-3.1-70B-Instruct,0.383
patriotism-patriotic-patriot,loyalty,Apertus-8B-Instruct-2509,Llama-3.1-8B-Instruct,0.417
patriotism-patriotic-patriot,loyalty,Apertus-8B-Instruct-2509,Llama-3.2-1B-Instruct,0.494
patriotism-patriotic-patriot,loyalty,Apertus-8B-Instruct-2509,Llama-3.2-3B-Instruct,0.381
patriotism-patriotic-patriot,loyalty,Apertus-8B-Instruct-2509,Qwen2.5-14B-Instruct,0.414
patriotism-patriotic-patriot,loyalty,Apertus-8B-Instruct-2509,Qwen2.5-72B-Instruct,0.693
patriotism-patriotic-patriot,loyalty,Apertus-8B-Instruct-2509,Qwen2.5-7B-Instruct,0.45
patriotism-patriotic-patriot,loyalty,Llama-3.1-70B-Instruct,Llama-3.1-8B-Instruct,0.287
patriotism-patriotic-patriot,loyalty,Llama-3.1-70B-Instruct,Llama-3.2-1B-Instruct,0.448
patriotism-patriotic-patriot,loyalty,Llama-3.1-70B-Instruct,Llama-3.2-3B-Instruct,0.317
patriotism-patriotic-patriot,loyalty,Llama-3.1-70B-Instruct,Qwen2.5-14B-Instruct,0.417
patriotism-patriotic-patriot,loyalty,Llama-3.1-70B-Instruct,Qwen2.5-72B-Instruct,0.693
patriotism-patriotic-patriot,loyalty,Llama-3.1-70B-Instruct,Qwen2.5-7B-Instruct,0.39
patriotism-patriotic-patriot,loyalty,Llama-3.1-8B-Instruct,Llama-3.2-1B-Instruct,0.424
patriotism-patriotic-patriot,loyalty,Llama-3.1-8B-Instruct,Llama-3.2-3B-Instruct,0.294
patriotism-patriotic-patriot,loyalty,Llama-3.1-8B-Instruct,Qwen2.5-14B-Instruct,0.375
patriotism-patriotic-patriot,loyalty,Llama-3.1-8B-Instruct,Qwen2.5-72B-Instruct,0.693
patriotism-patriotic-patriot,loyalty,Llama-3.1-8B-Instruct,Qwen2.5-7B-Instruct,0.375
patriotism-patriotic-patriot,loyalty,Llama-3.2-1B-Instruct,Llama-3.2-3B-Instruct,0.381
patriotism-patriotic-patriot,loyalty,Llama-3.2-1B-Instruct,Qwen2.5-14B-Instruct,0.454
patriotism-patriotic-patriot,loyalty,Llama-3.2-1B-Instruct,Qwen2.5-72B-Instruct,0.693
patriotism-patriotic-patriot,loyalty,Llama-3.2-1B-Instruct,Qwen2.5-7B-Instruct,0.461
patriotism-patriotic-patriot,loyalty,Llama-3.2-3B-Instruct,Qwen2.5-14B-Instruct,0.381
patriotism-patriotic-patriot,loyalty,Llama-3.2-3B-Instruct,Qwen2.5-72B-Instruct,0.693
patriotism-patriotic-patriot,loyalty,Llama-3.2-3B-Instruct,Qwen2.5-7B-Instruct,0.415
patriotism-patriotic-patriot,loyalty,Qwen2.5-14B-Instruct,Qwen2.5-72B-Instruct,0.693
patriotism-patriotic-patriot,loyalty,Qwen2.5-14B-Instruct,Qwen2.5-7B-Instruct,0.331
patriotism-patriotic-patriot,loyalty,Qwen2.5-72B-Instruct,Qwen2.5-7B-Instruct,0.693
patriotism-patriotic-patriot,proportionality,Apertus-8B-Instruct-2509,Llama-3.1-70B-Instruct,0.486
patriotism-patriotic-patriot,proportionality,Apertus-8B-Instruct-2509,Llama-3.1-8B-Instruct,0.52
patriotism-patriotic-patriot,proportionality,Apertus-8B-Instruct-2509,Llama-3.2-1B-Instruct,0.504
patriotism-patriotic-patriot,proportionality,Apertus-8B-Instruct-2509,Llama-3.2-3B-Instruct,0.546
patriotism-patriotic-patriot,proportionality,Apertus-8B-Instruct-2509,Qwen2.5-14B-Instruct,0.693
patriotism-patriotic-patriot,proportionality,Apertus-8B-Instruct-2509,Qwen2.5-72B-Instruct,0.497
patriotism-patriotic-patriot,proportionality,Apertus-8B-Instruct-2509,Qwen2.5-7B-Instruct,0.512
patriotism-patriotic-patriot,proportionality,Llama-3.1-70B-Instruct,Llama-3.1-8B-Instruct,0.391
patriotism-patriotic-patriot,proportionality,Llama-3.1-70B-Instruct,Llama-3.2-1B-Instruct,0.387
patriotism-patriotic-patriot,proportionality,Llama-3.1-70B-Instruct,Llama-3.2-3B-Instruct,0.364
patriotism-patriotic-patriot,proportionality,Llama-3.1-70B-Instruct,Qwen2.5-14B-Instruct,0.693
patriotism-patriotic-patriot,proportionality,Llama-3.1-70B-Instruct,Qwen2.5-72B-Instruct,0.414
patriotism-patriotic-patriot,proportionality,Llama-3.1-70B-Instruct,Qwen2.5-7B-Instruct,0.438
patriotism-patriotic-patriot,proportionality,Llama-3.1-8B-Instruct,Llama-3.2-1B-Instruct,0.417
patriotism-patriotic-patriot,proportionality,Llama-3.1-8B-Instruct,Llama-3.2-3B-Instruct,0.42
patriotism-patriotic-patriot,proportionality,Llama-3.1-8B-Instruct,Qwen2.5-14B-Instruct,0.693
patriotism-patriotic-patriot,proportionality,Llama-3.1-8B-Instruct,Qwen2.5-72B-Instruct,0.452
patriotism-patriotic-patriot,proportionality,Llama-3.1-8B-Instruct,Qwen2.5-7B-Instruct,0.454
patriotism-patriotic-patriot,proportionality,Llama-3.2-1B-Instruct,Llama-3.2-3B-Instruct,0.404
patriotism-patriotic-patriot,proportionality,Llama-3.2-1B-Instruct,Qwen2.5-14B-Instruct,0.693
patriotism-patriotic-patriot,proportionality,Llama-3.2-1B-Instruct,Qwen2.5-72B-Instruct,0.449
patriotism-patriotic-patriot,proportionality,Llama-3.2-1B-Instruct,Qwen2.5-7B-Instruct,0.474
patriotism-patriotic-patriot,proportionality,Llama-3.2-3B-Instruct,Qwen2.5-14B-Instruct,0.693
patriotism-patriotic-patriot,proportionality,Llama-3.2-3B-Instruct,Qwen2.5-72B-Instruct,0.47
patriotism-patriotic-patriot,proportionality,Llama-3.2-3B-Instruct,Qwen2.5-7B-Instruct,0.437
patriotism-patriotic-patriot,proportionality,Qwen2.5-14B-Instruct,Qwen2.5-72B-Instruct,0.693
patriotism-patriotic-patriot,proportionality,Qwen2.5-14B-Instruct,Qwen2.5-7B-Instruct,0.693
patriotism-patriotic-patriot,proportionality,Qwen2.5-72B-Instruct,Qwen2.5-7B-Instruct,0.415
patriotism-patriotic-patriot,purity,Apertus-8B-Instruct-2509,Llama-3.1-70B-Instruct,0.498
patriotism-patriotic-patriot,purity,Apertus-8B-Instruct-2509,Llama-3.1-8B-Instruct,0.453
patriotism-patriotic-patriot,purity,Apertus-8B-Instruct-2509,Llama-3.2-1B-Instruct,0.512
patriotism-patriotic-patriot,purity,Apertus-8B-Instruct-2509,Llama-3.2-3B-Instruct,0.485
patriotism-patriotic-patriot,purity,Apertus-8B-Instruct-2509,Qwen2.5-14B-Instruct,0.506
patriotism-patriotic-patriot,purity,Apertus-8B-Instruct-2509,Qwen2.5-72B-Instruct,0.507
patriotism-patriotic-patriot,purity,Apertus-8B-Instruct-2509,Qwen2.5-7B-Instruct,0.503
patriotism-patriotic-patriot,purity,Llama-3.1-70B-Instruct,Llama-3.1-8B-Instruct,0.44
patriotism-patriotic-patriot,purity,Llama-3.1-70B-Instruct,Llama-3.2-1B-Instruct,0.507
patriotism-patriotic-patriot,purity,Llama-3.1-70B-Instruct,Llama-3.2-3B-Instruct,0.454
patriotism-patriotic-patriot,purity,Llama-3.1-70B-Instruct,Qwen2.5-14B-Instruct,0.442
patriotism-patriotic-patriot,purity,Llama-3.1-70B-Instruct,Qwen2.5-72B-Instruct,0.504
patriotism-patriotic-patriot,purity,Llama-3.1-70B-Instruct,Qwen2.5-7B-Instruct,0.494
patriotism-patriotic-patriot,purity,Llama-3.1-8B-Instruct,Llama-3.2-1B-Instruct,0.414
patriotism-patriotic-patriot,purity,Llama-3.1-8B-Instruct,Llama-3.2-3B-Instruct,0.458
patriotism-patriotic-patriot,purity,Llama-3.1-8B-Instruct,Qwen2.5-14B-Instruct,0.453
patriotism-patriotic-patriot,purity,Llama-3.1-8B-Instruct,Qwen2.5-72B-Instruct,0.486
patriotism-patriotic-patriot,purity,Llama-3.1-8B-Instruct,Qwen2.5-7B-Instruct,0.445
patriotism-patriotic-patriot,purity,Llama-3.2-1B-Instruct,Llama-3.2-3B-Instruct,0.539
patriotism-patriotic-patriot,purity,Llama-3.2-1B-Instruct,Qwen2.5-14B-Instruct,0.525
patriotism-patriotic-patriot,purity,Llama-3.2-1B-Instruct,Qwen2.5-72B-Instruct,0.568
patriotism-patriotic-patriot,purity,Llama-3.2-1B-Instruct,Qwen2.5-7B-Instruct,0.544
patriotism-patriotic-patriot,purity,Llama-3.2-3B-Instruct,Qwen2.5-14B-Instruct,0.491
patriotism-patriotic-patriot,purity,Llama-3.2-3B-Instruct,Qwen2.5-72B-Instruct,0.459
patriotism-patriotic-patriot,purity,Llama-3.2-3B-Instruct,Qwen2.5-7B-Instruct,0.484
patriotism-patriotic-patriot,purity,Qwen2.5-14B-Instruct,Qwen2.5-72B-Instruct,0.445
patriotism-patriotic-patriot,purity,Qwen2.5-14B-Instruct,Qwen2.5-7B-Instruct,0.385
patriotism-patriotic-patriot,purity,Qwen2.5-72B-Instruct,Qwen2.5-7B-Instruct,0.418
police-brutality,authority,Apertus-8B-Instruct-2509,Llama-3.1-70B-Instruct,0.474
police-brutality,authority,Apertus-8B-Instruct-2509,Llama-3.1-8B-Instruct,0.44
police-brutality,authority,Apertus-8B-Instruct-2509,Llama-3.2-1B-Instruct,0.383
police-brutality,authority,Apertus-8B-Instruct-2509,Llama-3.2-3B-Instruct,0.499
police-brutality,authority,Apertus-8B-Instruct-2509,Qwen2.5-14B-Instruct,0.416
police-brutality,authority,Apertus-8B-Instruct-2509,Qwen2.5-72B-Instruct,0.462
police-brutality,authority,Apertus-8B-Instruct-2509,Qwen2.5-7B-Instruct,0.519
police-brutality,authority,Llama-3.1-70B-Instruct,Llama-3.1-8B-Instruct,0.389
police-brutality,authority,Llama-3.1-70B-Instruct,Llama-3.2-1B-Instruct,0.468
police-brutality,authority,Llama-3.1-70B-Instruct,Llama-3.2-3B-Instruct,0.37
police-brutality,authority,Llama-3.1-70B-Instruct,Qwen2.5-14B-Instruct,0.424
police-brutality,authority,Llama-3.1-70B-Instruct,Qwen2.5-72B-Instruct,0.419
police-brutality,authority,Llama-3.1-70B-Instruct,Qwen2.5-7B-Instruct,0.497
police-brutality,authority,Llama-3.1-8B-Instruct,Llama-3.2-1B-Instruct,0.403
police-brutality,authority,Llama-3.1-8B-Instruct,Llama-3.2-3B-Instruct,0.407
police-brutality,authority,Llama-3.1-8B-Instruct,Qwen2.5-14B-Instruct,0.456
police-brutality,authority,Llama-3.1-8B-Instruct,Qwen2.5-72B-Instruct,0.429
police-brutality,authority,Llama-3.1-8B-Instruct,Qwen2.5-7B-Instruct,0.537
police-brutality,authority,Llama-3.2-1B-Instruct,Llama-3.2-3B-Instruct,0.498
police-brutality,authority,Llama-3.2-1B-Instruct,Qwen2.5-14B-Instruct,0.476
police-brutality,authority,Llama-3.2-1B-Instruct,Qwen2.5-72B-Instruct,0.463
police-brutality,authority,Llama-3.2-1B-Instruct,Qwen2.5-7B-Instruct,0.521
police-brutality,authority,Llama-3.2-3B-Instruct,Qwen2.5-14B-Instruct,0.442
police-brutality,authority,Llama-3.2-3B-Instruct,Qwen2.5-72B-Instruct,0.427
police-brutality,authority,Llama-3.2-3B-Instruct,Qwen2.5-7B-Instruct,0.531
police-brutality,authority,Qwen2.5-14B-Instruct,Qwen2.5-72B-Instruct,0.405
police-brutality,authority,Qwen2.5-14B-Instruct,Qwen2.5-7B-Instruct,0.533
police-brutality,authority,Qwen2.5-72B-Instruct,Qwen2.5-7B-Instruct,0.57
police-brutality,base,Apertus-8B-Instruct-2509,Llama-3.1-70B-Instruct,0.39
police-brutality,base,Apertus-8B-Instruct-2509,Llama-3.1-8B-Instruct,0.387
police-brutality,base,Apertus-8B-Instruct-2509,Llama-3.2-1B-Instruct,0.49
police-brutality,base,Apertus-8B-Instruct-2509,Llama-3.2-3B-Instruct,0.424
police-brutality,base,Apertus-8B-Instruct-2509,Qwen2.5-14B-Instruct,0.462
police-brutality,base,Apertus-8B-Instruct-2509,Qwen2.5-72B-Instruct,0.478
police-brutality,base,Apertus-8B-Instruct-2509,Qwen2.5-7B-Instruct,0.503
police-brutality,base,Llama-3.1-70B-Instruct,Llama-3.1-8B-Instruct,0.304
police-brutality,base,Llama-3.1-70B-Instruct,Llama-3.2-1B-Instruct,0.397
police-brutality,base,Llama-3.1-70B-Instruct,Llama-3.2-3B-Instruct,0.292
police-brutality,base,Llama-3.1-70B-Instruct,Qwen2.5-14B-Instruct,0.404
police-brutality,base,Llama-3.1-70B-Instruct,Qwen2.5-72B-Instruct,0.352
police-brutality,base,Llama-3.1-70B-Instruct,Qwen2.5-7B-Instruct,0.439
police-brutality,base,Llama-3.1-8B-Instruct,Llama-3.2-1B-Instruct,0.395
police-brutality,base,Llama-3.1-8B-Instruct,Llama-3.2-3B-Instruct,0.356
police-brutality,base,Llama-3.1-8B-Instruct,Qwen2.5-14B-Instruct,0.445
police-brutality,base,Llama-3.1-8B-Instruct,Qwen2.5-72B-Instruct,0.406
police-brutality,base,Llama-3.1-8B-Instruct,Qwen2.5-7B-Instruct,0.449
police-brutality,base,Llama-3.2-1B-Instruct,Llama-3.2-3B-Instruct,0.4
police-brutality,base,Llama-3.2-1B-Instruct,Qwen2.5-14B-Instruct,0.505
police-brutality,base,Llama-3.2-1B-Instruct,Qwen2.5-72B-Instruct,0.493
police-brutality,base,Llama-3.2-1B-Instruct,Qwen2.5-7B-Instruct,0.482
police-brutality,base,Llama-3.2-3B-Instruct,Qwen2.5-14B-Instruct,0.464
police-brutality,base,Llama-3.2-3B-Instruct,Qwen2.5-72B-Instruct,0.405
police-brutality,base,Llama-3.2-3B-Instruct,Qwen2.5-7B-Instruct,0.454
police-brutality,base,Qwen2.5-14B-Instruct,Qwen2.5-72B-Instruct,0.278
police-brutality,base,Qwen2.5-14B-Instruct,Qwen2.5-7B-Instruct,0.399
police-brutality,base,Qwen2.5-72B-Instruct,Qwen2.5-7B-Instruct,0.451
police-brutality,care,Apertus-8B-Instruct-2509,Llama-3.1-70B-Instruct,0.413
police-brutality,care,Apertus-8B-Instruct-2509,Llama-3.1-8B-Instruct,0.439
police-brutality,care,Apertus-8B-Instruct-2509,Llama-3.2-1B-Instruct,0.371
police-brutality,care,Apertus-8B-Instruct-2509,Llama-3.2-3B-Instruct,0.472
police-brutality,care,Apertus-8B-Instruct-2509,Qwen2.5-14B-Instruct,0.435
police-brutality,care,Apertus-8B-Instruct-2509,Qwen2.5-72B-Instruct,0.528
police-brutality,care,Apertus-8B-Instruct-2509,Qwen2.5-7B-Instruct,0.374
police-brutality,care,Llama-3.1-70B-Instruct,Llama-3.1-8B-Instruct,0.361
police-brutality,care,Llama-3.1-70B-Instruct,Llama-3.2-1B-Instruct,0.429
police-brutality,care,Llama-3.1-70B-Instruct,Llama-3.2-3B-Instruct,0.37
police-brutality,care,Llama-3.1-70B-Instruct,Qwen2.5-14B-Instruct,0.396
police-brutality,care,Llama-3.1-70B-Instruct,Qwen2.5-72B-Instruct,0.459
police-brutality,care,Llama-3.1-70B-Instruct,Qwen2.5-7B-Instruct,0.47
police-brutality,care,Llama-3.1-8B-Instruct,Llama-3.2-1B-Instruct,0.44
police-brutality,care,Llama-3.1-8B-Instruct,Llama-3.2-3B-Instruct,0.409
police-brutality,care,Llama-3.1-8B-Instruct,Qwen2.5-14B-Instruct,0.49
police-brutality,care,Llama-3.1-8B-Instruct,Qwen2.5-72B-Instruct,0.464
police-brutality,care,Llama-3.1-8B-Instruct,Qwen2.5-7B-Instruct,0.464
police-brutality,care,Llama-3.2-1B-Instruct,Llama-3.2-3B-Instruct,0.454
police-brutality,care,Llama-3.2-1B-Instruct,Qwen2.5-14B-Instruct,0.45
police-brutality,care,Llama-3.2-1B-Instruct,Qwen2.5-72B-Instruct,0.531
police-brutality,care,Llama-3.2-1B-Instruct,Qwen2.5-7B-Instruct,0.435
police-brutality,care,Llama-3.2-3B-Instruct,Qwen2.5-14B-Instruct,0.479
police-brutality,care,Llama-3.2-3B-Instruct,Qwen2.5-72B-Instruct,0.478
police-brutality,care,Llama-3.2-3B-Instruct,Qwen2.5-7B-Instruct,0.48
police-brutality,care,Qwen2.5-14B-Instruct,Qwen2.5-72B-Instruct,0.469
police-brutality,care,Qwen2.5-14B-Instruct,Qwen2.5-7B-Instruct,0.4
police-brutality,care,Qwen2.5-72B-Instruct,Qwen2.5-7B-Instruct,0.502
police-brutality,equality,Apertus-8B-Instruct-2509,Llama-3.1-70B-Instruct,0.513
police-brutality,equality,Apertus-8B-Instruct-2509,Llama-3.1-8B-Instruct,0.518
police-brutality,equality,Apertus-8B-Instruct-2509,Llama-3.2-1B-Instruct,0.389
police-brutality,equality,Apertus-8B-Instruct-2509,Llama-3.2-3B-Instruct,0.444
police-brutality,equality,Apertus-8B-Instruct-2509,Qwen2.5-14B-Instruct,0.446
police-brutality,equality,Apertus-8B-Instruct-2509,Qwen2.5-72B-Instruct,0.471
police-brutality,equality,Apertus-8B-Instruct-2509,Qwen2.5-7B-Instruct,0.441
police-brutality,equality,Llama-3.1-70B-Instruct,Llama-3.1-8B-Instruct,0.336
police-brutality,equality,Llama-3.1-70B-Instruct,Llama-3.2-1B-Instruct,0.501
police-brutality,equality,Llama-3.1-70B-Instruct,Llama-3.2-3B-Instruct,0.353
police-brutality,equality,Llama-3.1-70B-Instruct,Qwen2.5-14B-Instruct,0.468
police-brutality,equality,Llama-3.1-70B-Instruct,Qwen2.5-72B-Instruct,0.421
police-brutality,equality,Llama-3.1-70B-Instruct,Qwen2.5-7B-Instruct,0.518
police-brutality,equality,Llama-3.1-8B-Instruct,Llama-3.2-1B-Instruct,0.503
police-brutality,equality,Llama-3.1-8B-Instruct,Llama-3.2-3B-Instruct,0.465
police-brutality,equality,Llama-3.1-8B-Instruct,Qwen2.5-14B-Instruct,0.441
police-brutality,equality,Llama-3.1-8B-Instruct,Qwen2.5-72B-Instruct,0.487
police-brutality,equality,Llama-3.1-8B-Instruct,Qwen2.5-7B-Instruct,0.539
police-brutality,equality,Llama-3.2-1B-Instruct,Llama-3.2-3B-Instruct,0.467
police-brutality,equality,Llama-3.2-1B-Instruct,Qwen2.5-14B-Instruct,0.47
police-brutality,equality,Llama-3.2-1B-Instruct,Qwen2.5-72B-Instruct,0.479
police-brutality,equality,Llama-3.2-1B-Instruct,Qwen2.5-7B-Instruct,0.473
police-brutality,equality,Llama-3.2-3B-Instruct,Qwen2.5-14B-Instruct,0.496
police-brutality,equality,Llama-3.2-3B-Instruct,Qwen2.5-72B-Instruct,0.379
police-brutality,equality,Llama-3.2-3B-Instruct,Qwen2.5-7B-Instruct,0.486
police-brutality,equality,Qwen2.5-14B-Instruct,Qwen2.5-72B-Instruct,0.464
police-brutality,equality,Qwen2.5-14B-Instruct,Qwen2.5-7B-Instruct,0.486
police-brutality,equality,Qwen2.5-72B-Instruct,Qwen2.5-7B-Instruct,0.523
police-brutality,loyalty,Apertus-8B-Instruct-2509,Llama-3.1-70B-Instruct,0.436
police-brutality,loyalty,Apertus-8B-Instruct-2509,Llama-3.1-8B-Instruct,0.445
police-brutality,loyalty,Apertus-8B-Instruct-2509,Llama-3.2-1B-Instruct,0.435
police-brutality,loyalty,Apertus-8B-Instruct-2509,Llama-3.2-3B-Instruct,0.417
police-brutality,loyalty,Apertus-8B-Instruct-2509,Qwen2.5-14B-Instruct,0.408
police-brutality,loyalty,Apertus-8B-Instruct-2509,Qwen2.5-72B-Instruct,0.42
police-brutality,loyalty,Apertus-8B-Instruct-2509,Qwen2.5-7B-Instruct,0.345
police-brutality,loyalty,Llama-3.1-70B-Instruct,Llama-3.1-8B-Instruct,0.347
police-brutality,loyalty,Llama-3.1-70B-Instruct,Llama-3.2-1B-Instruct,0.475
police-brutality,loyalty,Llama-3.1-70B-Instruct,Llama-3.2-3B-Instruct,0.391
police-brutality,loyalty,Llama-3.1-70B-Instruct,Qwen2.5-14B-Instruct,0.476
police-brutality,loyalty,Llama-3.1-70B-Instruct,Qwen2.5-72B-Instruct,0.434
police-brutality,loyalty,Llama-3.1-70B-Instruct,Qwen2.5-7B-Instruct,0.459
police-brutality,loyalty,Llama-3.1-8B-Instruct,Llama-3.2-1B-Instruct,0.424
police-brutality,loyalty,Llama-3.1-8B-Instruct,Llama-3.2-3B-Instruct,0.349
police-brutality,loyalty,Llama-3.1-8B-Instruct,Qwen2.5-14B-Instruct,0.398
police-brutality,loyalty,Llama-3.1-8B-Instruct,Qwen2.5-72B-Instruct,0.433
police-brutality,loyalty,Llama-3.1-8B-Instruct,Qwen2.5-7B-Instruct,0.437
police-brutality,loyalty,Llama-3.2-1B-Instruct,Llama-3.2-3B-Instruct,0.381
police-brutality,loyalty,Llama-3.2-1B-Instruct,Qwen2.5-14B-Instruct,0.437
police-brutality,loyalty,Llama-3.2-1B-Instruct,Qwen2.5-72B-Instruct,0.448
police-brutality,loyalty,Llama-3.2-1B-Instruct,Qwen2.5-7B-Instruct,0.479
police-brutality,loyalty,Llama-3.2-3B-Instruct,Qwen2.5-14B-Instruct,0.394
police-brutality,loyalty,Llama-3.2-3B-Instruct,Qwen2.5-72B-Instruct,0.382
police-brutality,loyalty,Llama-3.2-3B-Instruct,Qwen2.5-7B-Instruct,0.415
police-brutality,loyalty,Qwen2.5-14B-Instruct,Qwen2.5-72B-Instruct,0.399
police-brutality,loyalty,Qwen2.5-14B-Instruct,Qwen2.5-7B-Instruct,0.425
police-brutality,loyalty,Qwen2.5-72B-Instruct,Qwen2.5-7B-Instruct,0.435
police-brutality,proportionality,Apertus-8B-Instruct-2509,Llama-3.1-70B-Instruct,0.44
police-brutality,proportionality,Apertus-8B-Instruct-2509,Llama-3.1-8B-Instruct,0.463
police-brutality,proportionality,Apertus-8B-Instruct-2509,Llama-3.2-1B-Instruct,0.439
police-brutality,proportionality,Apertus-8B-Instruct-2509,Llama-3.2-3B-Instruct,0.465
police-brutality,proportionality,Apertus-8B-Instruct-2509,Qwen2.5-14B-Instruct,0.405
police-brutality,proportionality,Apertus-8B-Instruct-2509,Qwen2.5-72B-Instruct,0.471
police-brutality,proportionality,Apertus-8B-Instruct-2509,Qwen2.5-7B-Instruct,0.443
police-brutality,proportionality,Llama-3.1-70B-Instruct,Llama-3.1-8B-Instruct,0.379
police-brutality,proportionality,Llama-3.1-70B-Instruct,Llama-3.2-1B-Instruct,0.463
police-brutality,proportionality,Llama-3.1-70B-Instruct,Llama-3.2-3B-Instruct,0.439
police-brutality,proportionality,Llama-3.1-70B-Instruct,Qwen2.5-14B-Instruct,0.516
police-brutality,proportionality,Llama-3.1-70B-Instruct,Qwen2.5-72B-Instruct,0.4
police-brutality,proportionality,Llama-3.1-70B-Instruct,Qwen2.5-7B-Instruct,0.469
police-brutality,proportionality,Llama-3.1-8B-Instruct,Llama-3.2-1B-Instruct,0.458
police-brutality,proportionality,Llama-3.1-8B-Instruct,Llama-3.2-3B-Instruct,0.474
police-brutality,proportionality,Llama-3.1-8B-Instruct,Qwen2.5-14B-Instruct,0.478
police-brutality,proportionality,Llama-3.1-8B-Instruct,Qwen2.5-72B-Instruct,0.521
police-brutality,proportionality,Llama-3.1-8B-Instruct,Qwen2.5-7B-Instruct,0.462
police-brutality,proportionality,Llama-3.2-1B-Instruct,Llama-3.2-3B-Instruct,0.461
police-brutality,proportionality,Llama-3.2-1B-Instruct,Qwen2.5-14B-Instruct,0.504
police-brutality,proportionality,Llama-3.2-1B-Instruct,Qwen2.5-72B-Instruct,0.481
police-brutality,proportionality,Llama-3.2-1B-Instruct,Qwen2.5-7B-Instruct,0.454
police-brutality,proportionality,Llama-3.2-3B-Instruct,Qwen2.5-14B-Instruct,0.519
police-brutality,proportionality,Llama-3.2-3B-Instruct,Qwen2.5-72B-Instruct,0.434
police-brutality,proportionality,Llama-3.2-3B-Instruct,Qwen2.5-7B-Instruct,0.507
police-brutality,proportionality,Qwen2.5-14B-Instruct,Qwen2.5-72B-Instruct,0.425
police-brutality,proportionality,Qwen2.5-14B-Instruct,Qwen2.5-7B-Instruct,0.425
police-brutality,proportionality,Qwen2.5-72B-Instruct,Qwen2.5-7B-Instruct,0.478
police-brutality,purity,Apertus-8B-Instruct-2509,Llama-3.1-70B-Instruct,0.551
police-brutality,purity,Apertus-8B-Instruct-2509,Llama-3.1-8B-Instruct,0.441
police-brutality,purity,Apertus-8B-Instruct-2509,Llama-3.2-1B-Instruct,0.425
police-brutality,purity,Apertus-8B-Instruct-2509,Llama-3.2-3B-Instruct,0.448
police-brutality,purity,Apertus-8B-Instruct-2509,Qwen2.5-14B-Instruct,0.389
police-brutality,purity,Apertus-8B-Instruct-2509,Qwen2.5-72B-Instruct,0.528
police-brutality,purity,Apertus-8B-Instruct-2509,Qwen2.5-7B-Instruct,0.526
police-brutality,purity,Llama-3.1-70B-Instruct,Llama-3.1-8B-Instruct,0.502
police-brutality,purity,Llama-3.1-70B-Instruct,Llama-3.2-1B-Instruct,0.498
police-brutality,purity,Llama-3.1-70B-Instruct,Llama-3.2-3B-Instruct,0.462
police-brutality,purity,Llama-3.1-70B-Instruct,Qwen2.5-14B-Instruct,0.549
police-brutality,purity,Llama-3.1-70B-Instruct,Qwen2.5-72B-Instruct,0.546
police-brutality,purity,Llama-3.1-70B-Instruct,Qwen2.5-7B-Instruct,0.554
police-brutality,purity,Llama-3.1-8B-Instruct,Llama-3.2-1B-Instruct,0.465
police-brutality,purity,Llama-3.1-8B-Instruct,Llama-3.2-3B-Instruct,0.405
police-brutality,purity,Llama-3.1-8B-Instruct,Qwen2.5-14B-Instruct,0.455
police-brutality,purity,Llama-3.1-8B-Instruct,Qwen2.5-72B-Instruct,0.529
police-brutality,purity,Llama-3.1-8B-Instruct,Qwen2.5-7B-Instruct,0.543
police-brutality,purity,Llama-3.2-1B-Instruct,Llama-3.2-3B-Instruct,0.437
police-brutality,purity,Llama-3.2-1B-Instruct,Qwen2.5-14B-Instruct,0.418
police-brutality,purity,Llama-3.2-1B-Instruct,Qwen2.5-72B-Instruct,0.52
police-brutality,purity,Llama-3.2-1B-Instruct,Qwen2.5-7B-Instruct,0.521
police-brutality,purity,Llama-3.2-3B-Instruct,Qwen2.5-14B-Instruct,0.469
police-brutality,purity,Llama-3.2-3B-Instruct,Qwen2.5-72B-Instruct,0.453
police-brutality,purity,Llama-3.2-3B-Instruct,Qwen2.5-7B-Instruct,0.525
police-brutality,purity,Qwen2.5-14B-Instruct,Qwen2.5-72B-Instruct,0.527
police-brutality,purity,Qwen2.5-14B-Instruct,Qwen2.5-7B-Instruct,0.537
police-brutality,purity,Qwen2.5-72B-Instruct,Qwen2.5-7B-Instruct,0.564
religion-religious,authority,Apertus-8B-Instruct-2509,Llama-3.1-70B-Instruct,0.369
religion-religious,authority,Apertus-8B-Instruct-2509,Llama-3.1-8B-Instruct,0.427
religion-religious,authority,Apertus-8B-Instruct-2509,Llama-3.2-1B-Instruct,0.396
religion-religious,authority,Apertus-8B-Instruct-2509,Llama-3.2-3B-Instruct,0.418
religion-religious,authority,Apertus-8B-Instruct-2509,Qwen2.5-14B-Instruct,0.404
religion-religious,authority,Apertus-8B-Instruct-2509,Qwen2.5-72B-Instruct,0.335
religion-religious,authority,Apertus-8B-Instruct-2509,Qwen2.5-7B-Instruct,0.44
religion-religious,authority,Llama-3.1-70B-Instruct,Llama-3.1-8B-Instruct,0.305
religion-religious,authority,Llama-3.1-70B-Instruct,Llama-3.2-1B-Instruct,0.358
religion-religious,authority,Llama-3.1-70B-Instruct,Llama-3.2-3B-Instruct,0.336
religion-religious,authority,Llama-3.1-70B-Instruct,Qwen2.5-14B-Instruct,0.406
religion-religious,authority,Llama-3.1-70B-Instruct,Qwen2.5-72B-Instruct,0.315
religion-religious,authority,Llama-3.1-70B-Instruct,Qwen2.5-7B-Instruct,0.429
religion-religious,authority,Llama-3.1-8B-Instruct,Llama-3.2-1B-Instruct,0.314
religion-religious,authority,Llama-3.1-8B-Instruct,Llama-3.2-3B-Instruct,0.376
religion-religious,authority,Llama-3.1-8B-Instruct,Qwen2.5-14B-Instruct,0.471
religion-religious,authority,Llama-3.1-8B-Instruct,Qwen2.5-72B-Instruct,0.359
religion-religious,authority,Llama-3.1-8B-Instruct,Qwen2.5-7B-Instruct,0.46
religion-religious,authority,Llama-3.2-1B-Instruct,Llama-3.2-3B-Instruct,0.409
religion-religious,authority,Llama-3.2-1B-Instruct,Qwen2.5-14B-Instruct,0.484
religion-religious,authority,Llama-3.2-1B-Instruct,Qwen2.5-72B-Instruct,0.414
religion-religious,authority,Llama-3.2-1B-Instruct,Qwen2.5-7B-Instruct,0.449
religion-religious,authority,Llama-3.2-3B-Instruct,Qwen2.5-14B-Instruct,0.461
religion-religious,authority,Llama-3.2-3B-Instruct,Qwen2.5-72B-Instruct,0.48
religion-religious,authority,Llama-3.2-3B-Instruct,Qwen2.5-7B-Instruct,0.485
religion-religious,authority,Qwen2.5-14B-Instruct,Qwen2.5-72B-Instruct,0.43
religion-religious,authority,Qwen2.5-14B-Instruct,Qwen2.5-7B-Instruct,0.387
religion-religious,authority,Qwen2.5-72B-Instruct,Qwen2.5-7B-Instruct,0.423
religion-religious,base,Apertus-8B-Instruct-2509,Llama-3.1-70B-Instruct,0.455
religion-religious,base,Apertus-8B-Instruct-2509,Llama-3.1-8B-Instruct,0.501
religion-religious,base,Apertus-8B-Instruct-2509,Llama-3.2-1B-Instruct,0.562
religion-religious,base,Apertus-8B-Instruct-2509,Llama-3.2-3B-Instruct,0.406
religion-religious,base,Apertus-8B-Instruct-2509,Qwen2.5-14B-Instruct,0.445
religion-religious,base,Apertus-8B-Instruct-2509,Qwen2.5-72B-Instruct,0.426
religion-religious,base,Apertus-8B-Instruct-2509,Qwen2.5-7B-Instruct,0.436
religion-religious,base,Llama-3.1-70B-Instruct,Llama-3.1-8B-Instruct,0.355
religion-religious,base,Llama-3.1-70B-Instruct,Llama-3.2-1B-Instruct,0.496
religion-religious,base,Llama-3.1-70B-Instruct,Llama-3.2-3B-Instruct,0.446
religion-religious,base,Llama-3.1-70B-Instruct,Qwen2.5-14B-Instruct,0.451
religion-religious,base,Llama-3.1-70B-Instruct,Qwen2.5-72B-Instruct,0.396
religion-religious,base,Llama-3.1-70B-Instruct,Qwen2.5-7B-Instruct,0.346
religion-religious,base,Llama-3.1-8B-Instruct,Llama-3.2-1B-Instruct,0.531
religion-religious,base,Llama-3.1-8B-Instruct,Llama-3.2-3B-Instruct,0.501
religion-religious,base,Llama-3.1-8B-Instruct,Qwen2.5-14B-Instruct,0.473
religion-religious,base,Llama-3.1-8B-Instruct,Qwen2.5-72B-Instruct,0.453
religion-religious,base,Llama-3.1-8B-Instruct,Qwen2.5-7B-Instruct,0.409
religion-religious,base,Llama-3.2-1B-Instruct,Llama-3.2-3B-Instruct,0.559
religion-religious,base,Llama-3.2-1B-Instruct,Qwen2.5-14B-Instruct,0.557
religion-religious,base,Llama-3.2-1B-Instruct,Qwen2.5-72B-Instruct,0.543
religion-religious,base,Llama-3.2-1B-Instruct,Qwen2.5-7B-Instruct,0.447
religion-religious,base,Llama-3.2-3B-Instruct,Qwen2.5-14B-Instruct,0.494
religion-religious,base,Llama-3.2-3B-Instruct,Qwen2.5-72B-Instruct,0.45
religion-religious,base,Llama-3.2-3B-Instruct,Qwen2.5-7B-Instruct,0.443
religion-religious,base,Qwen2.5-14B-Instruct,Qwen2.5-72B-Instruct,0.38
religion-religious,base,Qwen2.5-14B-Instruct,Qwen2.5-7B-Instruct,0.435
religion-religious,base,Qwen2.5-72B-Instruct,Qwen2.5-7B-Instruct,0.393
religion-religious,care,Apertus-8B-Instruct-2509,Llama-3.1-70B-Instruct,0.438
religion-religious,care,Apertus-8B-Instruct-2509,Llama-3.1-8B-Instruct,0.423
religion-religious,care,Apertus-8B-Instruct-2509,Llama-3.2-1B-Instruct,0.475
religion-religious,care,Apertus-8B-Instruct-2509,Llama-3.2-3B-Instruct,0.488
religion-religious,care,Apertus-8B-Instruct-2509,Qwen2.5-14B-Instruct,0.439
religion-religious,care,Apertus-8B-Instruct-2509,Qwen2.5-72B-Instruct,0.432
religion-religious,care,Apertus-8B-Instruct-2509,Qwen2.5-7B-Instruct,0.46
religion-religious,care,Llama-3.1-70B-Instruct,Llama-3.1-8B-Instruct,0.338
religion-religious,care,Llama-3.1-70B-Instruct,Llama-3.2-1B-Instruct,0.358
religion-religious,care,Llama-3.1-70B-Instruct,Llama-3.2-3B-Instruct,0.332
religion-religious,care,Llama-3.1-70B-Instruct,Qwen2.5-14B-Instruct,0.432
religion-religious,care,Llama-3.1-70B-Instruct,Qwen2.5-72B-Instruct,0.405
religion-religious,care,Llama-3.1-70B-Instruct,Qwen2.5-7B-Instruct,0.429
religion-religious,care,Llama-3.1-8B-Instruct,Llama-3.2-1B-Instruct,0.417
religion-religious,care,Llama-3.1-8B-Instruct,Llama-3.2-3B-Instruct,0.413
religion-religious,care,Llama-3.1-8B-Instruct,Qwen2.5-14B-Instruct,0.523
religion-religious,care,Llama-3.1-8B-Instruct,Qwen2.5-72B-Instruct,0.429
religion-religious,care,Llama-3.1-8B-Instruct,Qwen2.5-7B-Instruct,0.521
religion-religious,care,Llama-3.2-1B-Instruct,Llama-3.2-3B-Instruct,0.365
religion-religious,care,Llama-3.2-1B-Instruct,Qwen2.5-14B-Instruct,0.463
religion-religious,care,Llama-3.2-1B-Instruct,Qwen2.5-72B-Instruct,0.452
religion-religious,care,Llama-3.2-1B-Instruct,Qwen2.5-7B-Instruct,0.467
religion-religious,care,Llama-3.2-3B-Instruct,Qwen2.5-14B-Instruct,0.469
religion-religious,care,Llama-3.2-3B-Instruct,Qwen2.5-72B-Instruct,0.45
religion-religious,care,Llama-3.2-3B-Instruct,Qwen2.5-7B-Instruct,0.498
religion-religious,care,Qwen2.5-14B-Instruct,Qwen2.5-72B-Instruct,0.386
religion-religious,care,Qwen2.5-14B-Instruct,Qwen2.5-7B-Instruct,0.372
religion-religious,care,Qwen2.5-72B-Instruct,Qwen2.5-7B-Instruct,0.386
religion-religious,equality,Apertus-8B-Instruct-2509,Llama-3.1-70B-Instruct,0.507
religion-religious,equality,Apertus-8B-Instruct-2509,Llama-3.1-8B-Instruct,0.578
religion-religious,equality,Apertus-8B-Instruct-2509,Llama-3.2-1B-Instruct,0.599
religion-religious,equality,Apertus-8B-Instruct-2509,Llama-3.2-3B-Instruct,0.544
religion-religious,equality,Apertus-8B-Instruct-2509,Qwen2.5-14B-Instruct,0.561
religion-religious,equality,Apertus-8B-Instruct-2509,Qwen2.5-72B-Instruct,0.56
religion-religious,equality,Apertus-8B-Instruct-2509,Qwen2.5-7B-Instruct,0.538
religion-religious,equality,Llama-3.1-70B-Instruct,Llama-3.1-8B-Instruct,0.476
religion-religious,equality,Llama-3.1-70B-Instruct,Llama-3.2-1B-Instruct,0.572
religion-religious,equality,Llama-3.1-70B-Instruct,Llama-3.2-3B-Instruct,0.432
religion-religious,equality,Llama-3.1-70B-Instruct,Qwen2.5-14B-Instruct,0.497
religion-religious,equality,Llama-3.1-70B-Instruct,Qwen2.5-72B-Instruct,0.442
religion-religious,equality,Llama-3.1-70B-Instruct,Qwen2.5-7B-Instruct,0.45
religion-religious,equality,Llama-3.1-8B-Instruct,Llama-3.2-1B-Instruct,0.605
religion-religious,equality,Llama-3.1-8B-Instruct,Llama-3.2-3B-Instruct,0.434
religion-religious,equality,Llama-3.1-8B-Instruct,Qwen2.5-14B-Instruct,0.621
religion-religious,equality,Llama-3.1-8B-Instruct,Qwen2.5-72B-Instruct,0.607
religion-religious,equality,Llama-3.1-8B-Instruct,Qwen2.5-7B-Instruct,0.622
religion-religious,equality,Llama-3.2-1B-Instruct,Llama-3.2-3B-Instruct,0.555
religion-religious,equality,Llama-3.2-1B-Instruct,Qwen2.5-14B-Instruct,0.565
religion-religious,equality,Llama-3.2-1B-Instruct,Qwen2.5-72B-Instruct,0.57
religion-religious,equality,Llama-3.2-1B-Instruct,Qwen2.5-7B-Instruct,0.542
religion-religious,equality,Llama-3.2-3B-Instruct,Qwen2.5-14B-Instruct,0.557
religion-religious,equality,Llama-3.2-3B-Instruct,Qwen2.5-72B-Instruct,0.509
religion-religious,equality,Llama-3.2-3B-Instruct,Qwen2.5-7B-Instruct,0.53
religion-religious,equality,Qwen2.5-14B-Instruct,Qwen2.5-72B-Instruct,0.435
religion-religious,equality,Qwen2.5-14B-Instruct,Qwen2.5-7B-Instruct,0.362
religion-religious,equality,Qwen2.5-72B-Instruct,Qwen2.5-7B-Instruct,0.39
religion-religious,loyalty,Apertus-8B-Instruct-2509,Llama-3.1-70B-Instruct,0.509
religion-religious,loyalty,Apertus-8B-Instruct-2509,Llama-3.1-8B-Instruct,0.398
religion-religious,loyalty,Apertus-8B-Instruct-2509,Llama-3.2-1B-Instruct,0.44
religion-religious,loyalty,Apertus-8B-Instruct-2509,Llama-3.2-3B-Instruct,0.553
religion-religious,loyalty,Apertus-8B-Instruct-2509,Qwen2.5-14B-Instruct,0.538
religion-religious,loyalty,Apertus-8B-Instruct-2509,Qwen2.5-72B-Instruct,0.44
religion-religious,loyalty,Apertus-8B-Instruct-2509,Qwen2.5-7B-Instruct,0.497
religion-religious,loyalty,Llama-3.1-70B-Instruct,Llama-3.1-8B-Instruct,0.382
religion-religious,loyalty,Llama-3.1-70B-Instruct,Llama-3.2-1B-Instruct,0.493
religion-religious,loyalty,Llama-3.1-70B-Instruct,Llama-3.2-3B-Instruct,0.325
religion-religious,loyalty,Llama-3.1-70B-Instruct,Qwen2.5-14B-Instruct,0.487
religion-religious,loyalty,Llama-3.1-70B-Instruct,Qwen2.5-72B-Instruct,0.495
religion-religious,loyalty,Llama-3.1-70B-Instruct,Qwen2.5-7B-Instruct,0.446
religion-religious,loyalty,Llama-3.1-8B-Instruct,Llama-3.2-1B-Instruct,0.446
religion-religious,loyalty,Llama-3.1-8B-Instruct,Llama-3.2-3B-Instruct,0.407
religion-religious,loyalty,Llama-3.1-8B-Instruct,Qwen2.5-14B-Instruct,0.457
religion-religious,loyalty,Llama-3.1-8B-Instruct,Qwen2.5-72B-Instruct,0.447
religion-religious,loyalty,Llama-3.1-8B-Instruct,Qwen2.5-7B-Instruct,0.387
religion-religious,loyalty,Llama-3.2-1B-Instruct,Llama-3.2-3B-Instruct,0.539
religion-religious,loyalty,Llama-3.2-1B-Instruct,Qwen2.5-14B-Instruct,0.537
religion-religious,loyalty,Llama-3.2-1B-Instruct,Qwen2.5-72B-Instruct,0.536
religion-religious,loyalty,Llama-3.2-1B-Instruct,Qwen2.5-7B-Instruct,0.527
religion-religious,loyalty,Llama-3.2-3B-Instruct,Qwen2.5-14B-Instruct,0.49
religion-religious,loyalty,Llama-3.2-3B-Instruct,Qwen2.5-72B-Instruct,0.459
religion-religious,loyalty,Llama-3.2-3B-Instruct,Qwen2.5-7B-Instruct,0.478
religion-religious,loyalty,Qwen2.5-14B-Instruct,Qwen2.5-72B-Instruct,0.476
religion-religious,loyalty,Qwen2.5-14B-Instruct,Qwen2.5-7B-Instruct,0.431
religion-religious,loyalty,Qwen2.5-72B-Instruct,Qwen2.5-7B-Instruct,0.45
religion-religious,proportionality,Apertus-8B-Instruct-2509,Llama-3.1-70B-Instruct,0.528
religion-religious,proportionality,Apertus-8B-Instruct-2509,Llama-3.1-8B-Instruct,0.441
religion-religious,proportionality,Apertus-8B-Instruct-2509,Llama-3.2-1B-Instruct,0.468
religion-religious,proportionality,Apertus-8B-Instruct-2509,Llama-3.2-3B-Instruct,0.513
religion-religious,proportionality,Apertus-8B-Instruct-2509,Qwen2.5-14B-Instruct,0.531
religion-religious,proportionality,Apertus-8B-Instruct-2509,Qwen2.5-72B-Instruct,0.419
religion-religious,proportionality,Apertus-8B-Instruct-2509,Qwen2.5-7B-Instruct,0.562
religion-religious,proportionality,Llama-3.1-70B-Instruct,Llama-3.1-8B-Instruct,0.385
religion-religious,proportionality,Llama-3.1-70B-Instruct,Llama-3.2-1B-Instruct,0.566
religion-religious,proportionality,Llama-3.1-70B-Instruct,Llama-3.2-3B-Instruct,0.396
religion-religious,proportionality,Llama-3.1-70B-Instruct,Qwen2.5-14B-Instruct,0.408
religion-religious,proportionality,Llama-3.1-70B-Instruct,Qwen2.5-72B-Instruct,0.449
religion-religious,proportionality,Llama-3.1-70B-Instruct,Qwen2.5-7B-Instruct,0.433
religion-religious,proportionality,Llama-3.1-8B-Instruct,Llama-3.2-1B-Instruct,0.459
religion-religious,proportionality,Llama-3.1-8B-Instruct,Llama-3.2-3B-Instruct,0.477
religion-religious,proportionality,Llama-3.1-8B-Instruct,Qwen2.5-14B-Instruct,0.44
religion-religious,proportionality,Llama-3.1-8B-Instruct,Qwen2.5-72B-Instruct,0.477
religion-religious,proportionality,Llama-3.1-8B-Instruct,Qwen2.5-7B-Instruct,0.478
religion-religious,proportionality,Llama-3.2-1B-Instruct,Llama-3.2-3B-Instruct,0.49
religion-religious,proportionality,Llama-3.2-1B-Instruct,Qwen2.5-14B-Instruct,0.57
religion-religious,proportionality,Llama-3.2-1B-Instruct,Qwen2.5-72B-Instruct,0.537
religion-religious,proportionality,Llama-3.2-1B-Instruct,Qwen2.5-7B-Instruct,0.49
religion-religious,proportionality,Llama-3.2-3B-Instruct,Qwen2.5-14B-Instruct,0.546
religion-religious,proportionality,Llama-3.2-3B-Instruct,Qwen2.5-72B-Instruct,0.521
religion-religious,proportionality,Llama-3.2-3B-Instruct,Qwen2.5-7B-Instruct,0.504
religion-religious,proportionality,Qwen2.5-14B-Instruct,Qwen2.5-72B-Instruct,0.415
religion-religious,proportionality,Qwen2.5-14B-Instruct,Qwen2.5-7B-Instruct,0.466
religion-religious,proportionality,Qwen2.5-72B-Instruct,Qwen2.5-7B-Instruct,0.468
religion-religious,purity,Apertus-8B-Instruct-2509,Llama-3.1-70B-Instruct,0.513
religion-religious,purity,Apertus-8B-Instruct-2509,Llama-3.1-8B-Instruct,0.529
religion-religious,purity,Apertus-8B-Instruct-2509,Llama-3.2-1B-Instruct,0.532
religion-religious,purity,Apertus-8B-Instruct-2509,Llama-3.2-3B-Instruct,0.513
religion-religious,purity,Apertus-8B-Instruct-2509,Qwen2.5-14B-Instruct,0.547
religion-religious,purity,Apertus-8B-Instruct-2509,Qwen2.5-72B-Instruct,0.529
religion-religious,purity,Apertus-8B-Instruct-2509,Qwen2.5-7B-Instruct,0.602
religion-religious,purity,Llama-3.1-70B-Instruct,Llama-3.1-8B-Instruct,0.5
religion-religious,purity,Llama-3.1-70B-Instruct,Llama-3.2-1B-Instruct,0.341
religion-religious,purity,Llama-3.1-70B-Instruct,Llama-3.2-3B-Instruct,0.365
religion-religious,purity,Llama-3.1-70B-Instruct,Qwen2.5-14B-Instruct,0.462
religion-religious,purity,Llama-3.1-70B-Instruct,Qwen2.5-72B-Instruct,0.394
religion-religious,purity,Llama-3.1-70B-Instruct,Qwen2.5-7B-Instruct,0.482
religion-religious,purity,Llama-3.1-8B-Instruct,Llama-3.2-1B-Instruct,0.457
religion-religious,purity,Llama-3.1-8B-Instruct,Llama-3.2-3B-Instruct,0.469
religion-religious,purity,Llama-3.1-8B-Instruct,Qwen2.5-14B-Instruct,0.409
religion-religious,purity,Llama-3.1-8B-Instruct,Qwen2.5-72B-Instruct,0.518
religion-religious,purity,Llama-3.1-8B-Instruct,Qwen2.5-7B-Instruct,0.492
religion-religious,purity,Llama-3.2-1B-Instruct,Llama-3.2-3B-Instruct,0.39
religion-religious,purity,Llama-3.2-1B-Instruct,Qwen2.5-14B-Instruct,0.438
religion-religious,purity,Llama-3.2-1B-Instruct,Qwen2.5-72B-Instruct,0.471
religion-religious,purity,Llama-3.2-1B-Instruct,Qwen2.5-7B-Instruct,0.472
religion-religious,purity,Llama-3.2-3B-Instruct,Qwen2.5-14B-Instruct,0.403
religion-religious,purity,Llama-3.2-3B-Instruct,Qwen2.5-72B-Instruct,0.415
religion-religious,purity,Llama-3.2-3B-Instruct,Qwen2.5-7B-Instruct,0.466
religion-religious,purity,Qwen2.5-14B-Instruct,Qwen2.5-72B-Instruct,0.416
religion-religious,purity,Qwen2.5-14B-Instruct,Qwen2.5-7B-Instruct,0.448
religion-religious,purity,Qwen2.5-72B-Instruct,Qwen2.5-7B-Instruct,0.501
school-choice,authority,Apertus-8B-Instruct-2509,Llama-3.1-70B-Instruct,0.387
school-choice,authority,Apertus-8B-Instruct-2509,Llama-3.1-8B-Instruct,0.424
school-choice,authority,Apertus-8B-Instruct-2509,Llama-3.2-1B-Instruct,0.392
school-choice,authority,Apertus-8B-Instruct-2509,Llama-3.2-3B-Instruct,0.461
school-choice,authority,Apertus-8B-Instruct-2509,Qwen2.5-14B-Instruct,0.519
school-choice,authority,Apertus-8B-Instruct-2509,Qwen2.5-72B-Instruct,0.501
school-choice,authority,Apertus-8B-Instruct-2509,Qwen2.5-7B-Instruct,0.473
school-choice,authority,Llama-3.1-70B-Instruct,Llama-3.1-8B-Instruct,0.33
school-choice,authority,Llama-3.1-70B-Instruct,Llama-3.2-1B-Instruct,0.323
school-choice,authority,Llama-3.1-70B-Instruct,Llama-3.2-3B-Instruct,0.371
school-choice,authority,Llama-3.1-70B-Instruct,Qwen2.5-14B-Instruct,0.447
school-choice,authority,Llama-3.1-70B-Instruct,Qwen2.5-72B-Instruct,0.375
school-choice,authority,Llama-3.1-70B-Instruct,Qwen2.5-7B-Instruct,0.406
school-choice,authority,Llama-3.1-8B-Instruct,Llama-3.2-1B-Instruct,0.342
school-choice,authority,Llama-3.1-8B-Instruct,Llama-3.2-3B-Instruct,0.312
school-choice,authority,Llama-3.1-8B-Instruct,Qwen2.5-14B-Instruct,0.418
school-choice,authority,Llama-3.1-8B-Instruct,Qwen2.5-72B-Instruct,0.422
school-choice,authority,Llama-3.1-8B-Instruct,Qwen2.5-7B-Instruct,0.447
school-choice,authority,Llama-3.2-1B-Instruct,Llama-3.2-3B-Instruct,0.392
school-choice,authority,Llama-3.2-1B-Instruct,Qwen2.5-14B-Instruct,0.496
school-choice,authority,Llama-3.2-1B-Instruct,Qwen2.5-72B-Instruct,0.449
school-choice,authority,Llama-3.2-1B-Instruct,Qwen2.5-7B-Instruct,0.47
school-choice,authority,Llama-3.2-3B-Instruct,Qwen2.5-14B-Instruct,0.449
school-choice,authority,Llama-3.2-3B-Instruct,Qwen2.5-72B-Instruct,0.419
school-choice,authority,Llama-3.2-3B-Instruct,Qwen2.5-7B-Instruct,0.449
school-choice,authority,Qwen2.5-14B-Instruct,Qwen2.5-72B-Instruct,0.457
school-choice,authority,Qwen2.5-14B-Instruct,Qwen2.5-7B-Instruct,0.46
school-choice,authority,Qwen2.5-72B-Instruct,Qwen2.5-7B-Instruct,0.482
school-choice,base,Apertus-8B-Instruct-2509,Llama-3.1-70B-Instruct,0.424
school-choice,base,Apertus-8B-Instruct-2509,Llama-3.1-8B-Instruct,0.438
school-choice,base,Apertus-8B-Instruct-2509,Llama-3.2-1B-Instruct,0.442
school-choice,base,Apertus-8B-Instruct-2509,Llama-3.2-3B-Instruct,0.492
school-choice,base,Apertus-8B-Instruct-2509,Qwen2.5-14B-Instruct,0.453
school-choice,base,Apertus-8B-Instruct-2509,Qwen2.5-72B-Instruct,0.454
school-choice,base,Apertus-8B-Instruct-2509,Qwen2.5-7B-Instruct,0.437
school-choice,base,Llama-3.1-70B-Instruct,Llama-3.1-8B-Instruct,0.378
school-choice,base,Llama-3.1-70B-Instruct,Llama-3.2-1B-Instruct,0.394
school-choice,base,Llama-3.1-70B-Instruct,Llama-3.2-3B-Instruct,0.312
school-choice,base,Llama-3.1-70B-Instruct,Qwen2.5-14B-Instruct,0.337
school-choice,base,Llama-3.1-70B-Instruct,Qwen2.5-72B-Instruct,0.382
school-choice,base,Llama-3.1-70B-Instruct,Qwen2.5-7B-Instruct,0.39
school-choice,base,Llama-3.1-8B-Instruct,Llama-3.2-1B-Instruct,0.456
school-choice,base,Llama-3.1-8B-Instruct,Llama-3.2-3B-Instruct,0.415
school-choice,base,Llama-3.1-8B-Instruct,Qwen2.5-14B-Instruct,0.422
school-choice,base,Llama-3.1-8B-Instruct,Qwen2.5-72B-Instruct,0.484
school-choice,base,Llama-3.1-8B-Instruct,Qwen2.5-7B-Instruct,0.426
school-choice,base,Llama-3.2-1B-Instruct,Llama-3.2-3B-Instruct,0.468
school-choice,base,Llama-3.2-1B-Instruct,Qwen2.5-14B-Instruct,0.502
school-choice,base,Llama-3.2-1B-Instruct,Qwen2.5-72B-Instruct,0.448
school-choice,base,Llama-3.2-1B-Instruct,Qwen2.5-7B-Instruct,0.419
school-choice,base,Llama-3.2-3B-Instruct,Qwen2.5-14B-Instruct,0.397
school-choice,base,Llama-3.2-3B-Instruct,Qwen2.5-72B-Instruct,0.493
school-choice,base,Llama-3.2-3B-Instruct,Qwen2.5-7B-Instruct,0.456
school-choice,base,Qwen2.5-14B-Instruct,Qwen2.5-72B-Instruct,0.426
school-choice,base,Qwen2.5-14B-Instruct,Qwen2.5-7B-Instruct,0.432
school-choice,base,Qwen2.5-72B-Instruct,Qwen2.5-7B-Instruct,0.431
school-choice,care,Apertus-8B-Instruct-2509,Llama-3.1-70B-Instruct,0.366
school-choice,care,Apertus-8B-Instruct-2509,Llama-3.1-8B-Instruct,0.365
school-choice,care,Apertus-8B-Instruct-2509,Llama-3.2-1B-Instruct,0.436
school-choice,care,Apertus-8B-Instruct-2509,Llama-3.2-3B-Instruct,0.309
school-choice,care,Apertus-8B-Instruct-2509,Qwen2.5-14B-Instruct,0.368
school-choice,care,Apertus-8B-Instruct-2509,Qwen2.5-72B-Instruct,0.416
school-choice,care,Apertus-8B-Instruct-2509,Qwen2.5-7B-Instruct,0.401
school-choice,care,Llama-3.1-70B-Instruct,Llama-3.1-8B-Instruct,0.338
school-choice,care,Llama-3.1-70B-Instruct,Llama-3.2-1B-Instruct,0.381
school-choice,care,Llama-3.1-70B-Instruct,Llama-3.2-3B-Instruct,0.339
school-choice,care,Llama-3.1-70B-Instruct,Qwen2.5-14B-Instruct,0.448
school-choice,care,Llama-3.1-70B-Instruct,Qwen2.5-72B-Instruct,0.397
school-choice,care,Llama-3.1-70B-Instruct,Qwen2.5-7B-Instruct,0.455
school-choice,care,Llama-3.1-8B-Instruct,Llama-3.2-1B-Instruct,0.438
school-choice,care,Llama-3.1-8B-Instruct,Llama-3.2-3B-Instruct,0.406
school-choice,care,Llama-3.1-8B-Instruct,Qwen2.5-14B-Instruct,0.45
school-choice,care,Llama-3.1-8B-Instruct,Qwen2.5-72B-Instruct,0.435
school-choice,care,Llama-3.1-8B-Instruct,Qwen2.5-7B-Instruct,0.471
school-choice,care,Llama-3.2-1B-Instruct,Llama-3.2-3B-Instruct,0.432
school-choice,care,Llama-3.2-1B-Instruct,Qwen2.5-14B-Instruct,0.518
school-choice,care,Llama-3.2-1B-Instruct,Qwen2.5-72B-Instruct,0.478
school-choice,care,Llama-3.2-1B-Instruct,Qwen2.5-7B-Instruct,0.553
school-choice,care,Llama-3.2-3B-Instruct,Qwen2.5-14B-Instruct,0.455
school-choice,care,Llama-3.2-3B-Instruct,Qwen2.5-72B-Instruct,0.419
school-choice,care,Llama-3.2-3B-Instruct,Qwen2.5-7B-Instruct,0.452
school-choice,care,Qwen2.5-14B-Instruct,Qwen2.5-72B-Instruct,0.445
school-choice,care,Qwen2.5-14B-Instruct,Qwen2.5-7B-Instruct,0.447
school-choice,care,Qwen2.5-72B-Instruct,Qwen2.5-7B-Instruct,0.455
school-choice,equality,Apertus-8B-Instruct-2509,Llama-3.1-70B-Instruct,0.378
school-choice,equality,Apertus-8B-Instruct-2509,Llama-3.1-8B-Instruct,0.377
school-choice,equality,Apertus-8B-Instruct-2509,Llama-3.2-1B-Instruct,0.445
school-choice,equality,Apertus-8B-Instruct-2509,Llama-3.2-3B-Instruct,0.372
school-choice,equality,Apertus-8B-Instruct-2509,Qwen2.5-14B-Instruct,0.382
school-choice,equality,Apertus-8B-Instruct-2509,Qwen2.5-72B-Instruct,0.407
school-choice,equality,Apertus-8B-Instruct-2509,Qwen2.5-7B-Instruct,0.412
school-choice,equality,Llama-3.1-70B-Instruct,Llama-3.1-8B-Instruct,0.338
school-choice,equality,Llama-3.1-70B-Instruct,Llama-3.2-1B-Instruct,0.373
school-choice,equality,Llama-3.1-70B-Instruct,Llama-3.2-3B-Instruct,0.289
school-choice,equality,Llama-3.1-70B-Instruct,Qwen2.5-14B-Instruct,0.282
school-choice,equality,Llama-3.1-70B-Instruct,Qwen2.5-72B-Instruct,0.348
school-choice,equality,Llama-3.1-70B-Instruct,Qwen2.5-7B-Instruct,0.383
school-choice,equality,Llama-3.1-8B-Instruct,Llama-3.2-1B-Instruct,0.39
school-choice,equality,Llama-3.1-8B-Instruct,Llama-3.2-3B-Instruct,0.352
school-choice,equality,Llama-3.1-8B-Instruct,Qwen2.5-14B-Instruct,0.43
school-choice,equality,Llama-3.1-8B-Instruct,Qwen2.5-72B-Instruct,0.438
school-choice,equality,Llama-3.1-8B-Instruct,Qwen2.5-7B-Instruct,0.4
school-choice,equality,Llama-3.2-1B-Instruct,Llama-3.2-3B-Instruct,0.431
school-choice,equality,Llama-3.2-1B-Instruct,Qwen2.5-14B-Instruct,0.458
school-choice,equality,Llama-3.2-1B-Instruct,Qwen2.5-72B-Instruct,0.458
school-choice,equality,Llama-3.2-1B-Instruct,Qwen2.5-7B-Instruct,0.464
school-choice,equality,Llama-3.2-3B-Instruct,Qwen2.5-14B-Instruct,0.368
school-choice,equality,Llama-3.2-3B-Instruct,Qwen2.5-72B-Instruct,0.417
school-choice,equality,Llama-3.2-3B-Instruct,Qwen2.5-7B-Instruct,0.368
school-choice,equality,Qwen2.5-14B-Instruct,Qwen2.5-72B-Instruct,0.267
school-choice,equality,Qwen2.5-14B-Instruct,Qwen2.5-7B-Instruct,0.329
school-choice,equality,Qwen2.5-72B-Instruct,Qwen2.5-7B-Instruct,0.327
school-choice,loyalty,Apertus-8B-Instruct-2509,Llama-3.1-70B-Instruct,0.406
school-choice,loyalty,Apertus-8B-Instruct-2509,Llama-3.1-8B-Instruct,0.515
school-choice,loyalty,Apertus-8B-Instruct-2509,Llama-3.2-1B-Instruct,0.425
school-choice,loyalty,Apertus-8B-Instruct-2509,Llama-3.2-3B-Instruct,0.407
school-choice,loyalty,Apertus-8B-Instruct-2509,Qwen2.5-14B-Instruct,0.477
school-choice,loyalty,Apertus-8B-Instruct-2509,Qwen2.5-72B-Instruct,0.553
school-choice,loyalty,Apertus-8B-Instruct-2509,Qwen2.5-7B-Instruct,0.426
school-choice,loyalty,Llama-3.1-70B-Instruct,Llama-3.1-8B-Instruct,0.332
school-choice,loyalty,Llama-3.1-70B-Instruct,Llama-3.2-1B-Instruct,0.383
school-choice,loyalty,Llama-3.1-70B-Instruct,Llama-3.2-3B-Instruct,0.374
school-choice,loyalty,Llama-3.1-70B-Instruct,Qwen2.5-14B-Instruct,0.388
school-choice,loyalty,Llama-3.1-70B-Instruct,Qwen2.5-72B-Instruct,0.453
school-choice,loyalty,Llama-3.1-70B-Instruct,Qwen2.5-7B-Instruct,0.487
school-choice,loyalty,Llama-3.1-8B-Instruct,Llama-3.2-1B-Instruct,0.441
school-choice,loyalty,Llama-3.1-8B-Instruct,Llama-3.2-3B-Instruct,0.423
school-choice,loyalty,Llama-3.1-8B-Instruct,Qwen2.5-14B-Instruct,0.425
school-choice,loyalty,Llama-3.1-8B-Instruct,Qwen2.5-72B-Instruct,0.458
school-choice,loyalty,Llama-3.1-8B-Instruct,Qwen2.5-7B-Instruct,0.494
school-choice,loyalty,Llama-3.2-1B-Instruct,Llama-3.2-3B-Instruct,0.371
school-choice,loyalty,Llama-3.2-1B-Instruct,Qwen2.5-14B-Instruct,0.451
school-choice,loyalty,Llama-3.2-1B-Instruct,Qwen2.5-72B-Instruct,0.528
school-choice,loyalty,Llama-3.2-1B-Instruct,Qwen2.5-7B-Instruct,0.462
school-choice,loyalty,Llama-3.2-3B-Instruct,Qwen2.5-14B-Instruct,0.46
school-choice,loyalty,Llama-3.2-3B-Instruct,Qwen2.5-72B-Instruct,0.539
school-choice,loyalty,Llama-3.2-3B-Instruct,Qwen2.5-7B-Instruct,0.47
school-choice,loyalty,Qwen2.5-14B-Instruct,Qwen2.5-72B-Instruct,0.473
school-choice,loyalty,Qwen2.5-14B-Instruct,Qwen2.5-7B-Instruct,0.464
school-choice,loyalty,Qwen2.5-72B-Instruct,Qwen2.5-7B-Instruct,0.488
school-choice,proportionality,Apertus-8B-Instruct-2509,Llama-3.1-70B-Instruct,0.387
school-choice,proportionality,Apertus-8B-Instruct-2509,Llama-3.1-8B-Instruct,0.477
school-choice,proportionality,Apertus-8B-Instruct-2509,Llama-3.2-1B-Instruct,0.353
school-choice,proportionality,Apertus-8B-Instruct-2509,Llama-3.2-3B-Instruct,0.426
school-choice,proportionality,Apertus-8B-Instruct-2509,Qwen2.5-14B-Instruct,0.429
school-choice,proportionality,Apertus-8B-Instruct-2509,Qwen2.5-72B-Instruct,0.402
school-choice,proportionality,Apertus-8B-Instruct-2509,Qwen2.5-7B-Instruct,0.385
school-choice,proportionality,Llama-3.1-70B-Instruct,Llama-3.1-8B-Instruct,0.346
school-choice,proportionality,Llama-3.1-70B-Instruct,Llama-3.2-1B-Instruct,0.357
school-choice,proportionality,Llama-3.1-70B-Instruct,Llama-3.2-3B-Instruct,0.334
school-choice,proportionality,Llama-3.1-70B-Instruct,Qwen2.5-14B-Instruct,0.39
school-choice,proportionality,Llama-3.1-70B-Instruct,Qwen2.5-72B-Instruct,0.411
school-choice,proportionality,Llama-3.1-70B-Instruct,Qwen2.5-7B-Instruct,0.374
school-choice,proportionality,Llama-3.1-8B-Instruct,Llama-3.2-1B-Instruct,0.44
school-choice,proportionality,Llama-3.1-8B-Instruct,Llama-3.2-3B-Instruct,0.382
school-choice,proportionality,Llama-3.1-8B-Instruct,Qwen2.5-14B-Instruct,0.45
school-choice,proportionality,Llama-3.1-8B-Instruct,Qwen2.5-72B-Instruct,0.419
school-choice,proportionality,Llama-3.1-8B-Instruct,Qwen2.5-7B-Instruct,0.46
school-choice,proportionality,Llama-3.2-1B-Instruct,Llama-3.2-3B-Instruct,0.396
school-choice,proportionality,Llama-3.2-1B-Instruct,Qwen2.5-14B-Instruct,0.452
school-choice,proportionality,Llama-3.2-1B-Instruct,Qwen2.5-72B-Instruct,0.455
school-choice,proportionality,Llama-3.2-1B-Instruct,Qwen2.5-7B-Instruct,0.403
school-choice,proportionality,Llama-3.2-3B-Instruct,Qwen2.5-14B-Instruct,0.412
school-choice,proportionality,Llama-3.2-3B-Instruct,Qwen2.5-72B-Instruct,0.388
school-choice,proportionality,Llama-3.2-3B-Instruct,Qwen2.5-7B-Instruct,0.445
school-choice,proportionality,Qwen2.5-14B-Instruct,Qwen2.5-72B-Instruct,0.339
school-choice,proportionality,Qwen2.5-14B-Instruct,Qwen2.5-7B-Instruct,0.429
school-choice,proportionality,Qwen2.5-72B-Instruct,Qwen2.5-7B-Instruct,0.419
school-choice,purity,Apertus-8B-Instruct-2509,Llama-3.1-70B-Instruct,0.459
school-choice,purity,Apertus-8B-Instruct-2509,Llama-3.1-8B-Instruct,0.425
school-choice,purity,Apertus-8B-Instruct-2509,Llama-3.2-1B-Instruct,0.48
school-choice,purity,Apertus-8B-Instruct-2509,Llama-3.2-3B-Instruct,0.489
school-choice,purity,Apertus-8B-Instruct-2509,Qwen2.5-14B-Instruct,0.517
school-choice,purity,Apertus-8B-Instruct-2509,Qwen2.5-72B-Instruct,0.583
school-choice,purity,Apertus-8B-Instruct-2509,Qwen2.5-7B-Instruct,0.535
school-choice,purity,Llama-3.1-70B-Instruct,Llama-3.1-8B-Instruct,0.43
school-choice,purity,Llama-3.1-70B-Instruct,Llama-3.2-1B-Instruct,0.438
school-choice,purity,Llama-3.1-70B-Instruct,Llama-3.2-3B-Instruct,0.466
school-choice,purity,Llama-3.1-70B-Instruct,Qwen2.5-14B-Instruct,0.453
school-choice,purity,Llama-3.1-70B-Instruct,Qwen2.5-72B-Instruct,0.553
school-choice,purity,Llama-3.1-70B-Instruct,Qwen2.5-7B-Instruct,0.452
school-choice,purity,Llama-3.1-8B-Instruct,Llama-3.2-1B-Instruct,0.512
school-choice,purity,Llama-3.1-8B-Instruct,Llama-3.2-3B-Instruct,0.49
school-choice,purity,Llama-3.1-8B-Instruct,Qwen2.5-14B-Instruct,0.578
school-choice,purity,Llama-3.1-8B-Instruct,Qwen2.5-72B-Instruct,0.525
school-choice,purity,Llama-3.1-8B-Instruct,Qwen2.5-7B-Instruct,0.544
school-choice,purity,Llama-3.2-1B-Instruct,Llama-3.2-3B-Instruct,0.373
school-choice,purity,Llama-3.2-1B-Instruct,Qwen2.5-14B-Instruct,0.533
school-choice,purity,Llama-3.2-1B-Instruct,Qwen2.5-72B-Instruct,0.541
school-choice,purity,Llama-3.2-1B-Instruct,Qwen2.5-7B-Instruct,0.536
school-choice,purity,Llama-3.2-3B-Instruct,Qwen2.5-14B-Instruct,0.485
school-choice,purity,Llama-3.2-3B-Instruct,Qwen2.5-72B-Instruct,0.518
school-choice,purity,Llama-3.2-3B-Instruct,Qwen2.5-7B-Instruct,0.425
school-choice,purity,Qwen2.5-14B-Instruct,Qwen2.5-72B-Instruct,0.49
school-choice,purity,Qwen2.5-14B-Instruct,Qwen2.5-7B-Instruct,0.38
school-choice,purity,Qwen2.5-72B-Instruct,Qwen2.5-7B-Instruct,0.504
scientific,authority,Apertus-8B-Instruct-2509,Llama-3.1-70B-Instruct,0.471
scientific,authority,Apertus-8B-Instruct-2509,Llama-3.1-8B-Instruct,0.564
scientific,authority,Apertus-8B-Instruct-2509,Llama-3.2-1B-Instruct,0.444
scientific,authority,Apertus-8B-Instruct-2509,Llama-3.2-3B-Instruct,0.39
scientific,authority,Apertus-8B-Instruct-2509,Qwen2.5-14B-Instruct,0.428
scientific,authority,Apertus-8B-Instruct-2509,Qwen2.5-72B-Instruct,0.443
scientific,authority,Apertus-8B-Instruct-2509,Qwen2.5-7B-Instruct,0.427
scientific,authority,Llama-3.1-70B-Instruct,Llama-3.1-8B-Instruct,0.488
scientific,authority,Llama-3.1-70B-Instruct,Llama-3.2-1B-Instruct,0.467
scientific,authority,Llama-3.1-70B-Instruct,Llama-3.2-3B-Instruct,0.463
scientific,authority,Llama-3.1-70B-Instruct,Qwen2.5-14B-Instruct,0.461
scientific,authority,Llama-3.1-70B-Instruct,Qwen2.5-72B-Instruct,0.419
scientific,authority,Llama-3.1-70B-Instruct,Qwen2.5-7B-Instruct,0.491
scientific,authority,Llama-3.1-8B-Instruct,Llama-3.2-1B-Instruct,0.555
scientific,authority,Llama-3.1-8B-Instruct,Llama-3.2-3B-Instruct,0.504
scientific,authority,Llama-3.1-8B-Instruct,Qwen2.5-14B-Instruct,0.584
scientific,authority,Llama-3.1-8B-Instruct,Qwen2.5-72B-Instruct,0.578
scientific,authority,Llama-3.1-8B-Instruct,Qwen2.5-7B-Instruct,0.586
scientific,authority,Llama-3.2-1B-Instruct,Llama-3.2-3B-Instruct,0.435
scientific,authority,Llama-3.2-1B-Instruct,Qwen2.5-14B-Instruct,0.514
scientific,authority,Llama-3.2-1B-Instruct,Qwen2.5-72B-Instruct,0.485
scientific,authority,Llama-3.2-1B-Instruct,Qwen2.5-7B-Instruct,0.496
scientific,authority,Llama-3.2-3B-Instruct,Qwen2.5-14B-Instruct,0.489
scientific,authority,Llama-3.2-3B-Instruct,Qwen2.5-72B-Instruct,0.471
scientific,authority,Llama-3.2-3B-Instruct,Qwen2.5-7B-Instruct,0.468
scientific,authority,Qwen2.5-14B-Instruct,Qwen2.5-72B-Instruct,0.443
scientific,authority,Qwen2.5-14B-Instruct,Qwen2.5-7B-Instruct,0.434
scientific,authority,Qwen2.5-72B-Instruct,Qwen2.5-7B-Instruct,0.462
scientific,base,Apertus-8B-Instruct-2509,Llama-3.1-70B-Instruct,0.436
scientific,base,Apertus-8B-Instruct-2509,Llama-3.1-8B-Instruct,0.456
scientific,base,Apertus-8B-Instruct-2509,Llama-3.2-1B-Instruct,0.468
scientific,base,Apertus-8B-Instruct-2509,Llama-3.2-3B-Instruct,0.499
scientific,base,Apertus-8B-Instruct-2509,Qwen2.5-14B-Instruct,0.503
scientific,base,Apertus-8B-Instruct-2509,Qwen2.5-72B-Instruct,0.431
scientific,base,Apertus-8B-Instruct-2509,Qwen2.5-7B-Instruct,0.427
scientific,base,Llama-3.1-70B-Instruct,Llama-3.1-8B-Instruct,0.319
scientific,base,Llama-3.1-70B-Instruct,Llama-3.2-1B-Instruct,0.425
scientific,base,Llama-3.1-70B-Instruct,Llama-3.2-3B-Instruct,0.378
scientific,base,Llama-3.1-70B-Instruct,Qwen2.5-14B-Instruct,0.454
scientific,base,Llama-3.1-70B-Instruct,Qwen2.5-72B-Instruct,0.501
scientific,base,Llama-3.1-70B-Instruct,Qwen2.5-7B-Instruct,0.283
scientific,base,Llama-3.1-8B-Instruct,Llama-3.2-1B-Instruct,0.423
scientific,base,Llama-3.1-8B-Instruct,Llama-3.2-3B-Instruct,0.376
scientific,base,Llama-3.1-8B-Instruct,Qwen2.5-14B-Instruct,0.475
scientific,base,Llama-3.1-8B-Instruct,Qwen2.5-72B-Instruct,0.48
scientific,base,Llama-3.1-8B-Instruct,Qwen2.5-7B-Instruct,0.385
scientific,base,Llama-3.2-1B-Instruct,Llama-3.2-3B-Instruct,0.394
scientific,base,Llama-3.2-1B-Instruct,Qwen2.5-14B-Instruct,0.515
scientific,base,Llama-3.2-1B-Instruct,Qwen2.5-72B-Instruct,0.491
scientific,base,Llama-3.2-1B-Instruct,Qwen2.5-7B-Instruct,0.423
scientific,base,Llama-3.2-3B-Instruct,Qwen2.5-14B-Instruct,0.482
scientific,base,Llama-3.2-3B-Instruct,Qwen2.5-72B-Instruct,0.483
scientific,base,Llama-3.2-3B-Instruct,Qwen2.5-7B-Instruct,0.38
scientific,base,Qwen2.5-14B-Instruct,Qwen2.5-72B-Instruct,0.474
scientific,base,Qwen2.5-14B-Instruct,Qwen2.5-7B-Instruct,0.407
scientific,base,Qwen2.5-72B-Instruct,Qwen2.5-7B-Instruct,0.418
scientific,care,Apertus-8B-Instruct-2509,Llama-3.1-70B-Instruct,0.547
scientific,care,Apertus-8B-Instruct-2509,Llama-3.1-8B-Instruct,0.542
scientific,care,Apertus-8B-Instruct-2509,Llama-3.2-1B-Instruct,0.536
scientific,care,Apertus-8B-Instruct-2509,Llama-3.2-3B-Instruct,0.519
scientific,care,Apertus-8B-Instruct-2509,Qwen2.5-14B-Instruct,0.483
scientific,care,Apertus-8B-Instruct-2509,Qwen2.5-72B-Instruct,0.506
scientific,care,Apertus-8B-Instruct-2509,Qwen2.5-7B-Instruct,0.561
scientific,care,Llama-3.1-70B-Instruct,Llama-3.1-8B-Instruct,0.465
scientific,care,Llama-3.1-70B-Instruct,Llama-3.2-1B-Instruct,0.465
scientific,care,Llama-3.1-70B-Instruct,Llama-3.2-3B-Instruct,0.339
scientific,care,Llama-3.1-70B-Instruct,Qwen2.5-14B-Instruct,0.449
scientific,care,Llama-3.1-70B-Instruct,Qwen2.5-72B-Instruct,0.497
scientific,care,Llama-3.1-70B-Instruct,Qwen2.5-7B-Instruct,0.448
scientific,care,Llama-3.1-8B-Instruct,Llama-3.2-1B-Instruct,0.524
scientific,care,Llama-3.1-8B-Instruct,Llama-3.2-3B-Instruct,0.412
scientific,care,Llama-3.1-8B-Instruct,Qwen2.5-14B-Instruct,0.476
scientific,care,Llama-3.1-8B-Instruct,Qwen2.5-72B-Instruct,0.518
scientific,care,Llama-3.1-8B-Instruct,Qwen2.5-7B-Instruct,0.474
scientific,care,Llama-3.2-1B-Instruct,Llama-3.2-3B-Instruct,0.476
scientific,care,Llama-3.2-1B-Instruct,Qwen2.5-14B-Instruct,0.512
scientific,care,Llama-3.2-1B-Instruct,Qwen2.5-72B-Instruct,0.522
scientific,care,Llama-3.2-1B-Instruct,Qwen2.5-7B-Instruct,0.527
scientific,care,Llama-3.2-3B-Instruct,Qwen2.5-14B-Instruct,0.363
scientific,care,Llama-3.2-3B-Instruct,Qwen2.5-72B-Instruct,0.472
scientific,care,Llama-3.2-3B-Instruct,Qwen2.5-7B-Instruct,0.412
scientific,care,Qwen2.5-14B-Instruct,Qwen2.5-72B-Instruct,0.369
scientific,care,Qwen2.5-14B-Instruct,Qwen2.5-7B-Instruct,0.428
scientific,care,Qwen2.5-72B-Instruct,Qwen2.5-7B-Instruct,0.489
scientific,equality,Apertus-8B-Instruct-2509,Llama-3.1-70B-Instruct,0.467
scientific,equality,Apertus-8B-Instruct-2509,Llama-3.1-8B-Instruct,0.486
scientific,equality,Apertus-8B-Instruct-2509,Llama-3.2-1B-Instruct,0.487
scientific,equality,Apertus-8B-Instruct-2509,Llama-3.2-3B-Instruct,0.487
scientific,equality,Apertus-8B-Instruct-2509,Qwen2.5-14B-Instruct,0.471
scientific,equality,Apertus-8B-Instruct-2509,Qwen2.5-72B-Instruct,0.473
scientific,equality,Apertus-8B-Instruct-2509,Qwen2.5-7B-Instruct,0.459
scientific,equality,Llama-3.1-70B-Instruct,Llama-3.1-8B-Instruct,0.387
scientific,equality,Llama-3.1-70B-Instruct,Llama-3.2-1B-Instruct,0.528
scientific,equality,Llama-3.1-70B-Instruct,Llama-3.2-3B-Instruct,0.536
scientific,equality,Llama-3.1-70B-Instruct,Qwen2.5-14B-Instruct,0.463
scientific,equality,Llama-3.1-70B-Instruct,Qwen2.5-72B-Instruct,0.468
scientific,equality,Llama-3.1-70B-Instruct,Qwen2.5-7B-Instruct,0.509
scientific,equality,Llama-3.1-8B-Instruct,Llama-3.2-1B-Instruct,0.526
scientific,equality,Llama-3.1-8B-Instruct,Llama-3.2-3B-Instruct,0.521
scientific,equality,Llama-3.1-8B-Instruct,Qwen2.5-14B-Instruct,0.492
scientific,equality,Llama-3.1-8B-Instruct,Qwen2.5-72B-Instruct,0.479
scientific,equality,Llama-3.1-8B-Instruct,Qwen2.5-7B-Instruct,0.503
scientific,equality,Llama-3.2-1B-Instruct,Llama-3.2-3B-Instruct,0.494
scientific,equality,Llama-3.2-1B-Instruct,Qwen2.5-14B-Instruct,0.559
scientific,equality,Llama-3.2-1B-Instruct,Qwen2.5-72B-Instruct,0.556
scientific,equality,Llama-3.2-1B-Instruct,Qwen2.5-7B-Instruct,0.544
scientific,equality,Llama-3.2-3B-Instruct,Qwen2.5-14B-Instruct,0.531
scientific,equality,Llama-3.2-3B-Instruct,Qwen2.5-72B-Instruct,0.471
scientific,equality,Llama-3.2-3B-Instruct,Qwen2.5-7B-Instruct,0.506
scientific,equality,Qwen2.5-14B-Instruct,Qwen2.5-72B-Instruct,0.475
scientific,equality,Qwen2.5-14B-Instruct,Qwen2.5-7B-Instruct,0.366
scientific,equality,Qwen2.5-72B-Instruct,Qwen2.5-7B-Instruct,0.486
scientific,loyalty,Apertus-8B-Instruct-2509,Llama-3.1-70B-Instruct,0.434
scientific,loyalty,Apertus-8B-Instruct-2509,Llama-3.1-8B-Instruct,0.441
scientific,loyalty,Apertus-8B-Instruct-2509,Llama-3.2-1B-Instruct,0.54
scientific,loyalty,Apertus-8B-Instruct-2509,Llama-3.2-3B-Instruct,0.492
scientific,loyalty,Apertus-8B-Instruct-2509,Qwen2.5-14B-Instruct,0.54
scientific,loyalty,Apertus-8B-Instruct-2509,Qwen2.5-72B-Instruct,0.464
scientific,loyalty,Apertus-8B-Instruct-2509,Qwen2.5-7B-Instruct,0.453
scientific,loyalty,Llama-3.1-70B-Instruct,Llama-3.1-8B-Instruct,0.356
scientific,loyalty,Llama-3.1-70B-Instruct,Llama-3.2-1B-Instruct,0.475
scientific,loyalty,Llama-3.1-70B-Instruct,Llama-3.2-3B-Instruct,0.427
scientific,loyalty,Llama-3.1-70B-Instruct,Qwen2.5-14B-Instruct,0.559
scientific,loyalty,Llama-3.1-70B-Instruct,Qwen2.5-72B-Instruct,0.395
scientific,loyalty,Llama-3.1-70B-Instruct,Qwen2.5-7B-Instruct,0.457
scientific,loyalty,Llama-3.1-8B-Instruct,Llama-3.2-1B-Instruct,0.496
scientific,loyalty,Llama-3.1-8B-Instruct,Llama-3.2-3B-Instruct,0.468
scientific,loyalty,Llama-3.1-8B-Instruct,Qwen2.5-14B-Instruct,0.591
scientific,loyalty,Llama-3.1-8B-Instruct,Qwen2.5-72B-Instruct,0.492
scientific,loyalty,Llama-3.1-8B-Instruct,Qwen2.5-7B-Instruct,0.526
scientific,loyalty,Llama-3.2-1B-Instruct,Llama-3.2-3B-Instruct,0.446
scientific,loyalty,Llama-3.2-1B-Instruct,Qwen2.5-14B-Instruct,0.55
scientific,loyalty,Llama-3.2-1B-Instruct,Qwen2.5-72B-Instruct,0.462
scientific,loyalty,Llama-3.2-1B-Instruct,Qwen2.5-7B-Instruct,0.489
scientific,loyalty,Llama-3.2-3B-Instruct,Qwen2.5-14B-Instruct,0.561
scientific,loyalty,Llama-3.2-3B-Instruct,Qwen2.5-72B-Instruct,0.436
scientific,loyalty,Llama-3.2-3B-Instruct,Qwen2.5-7B-Instruct,0.512
scientific,loyalty,Qwen2.5-14B-Instruct,Qwen2.5-72B-Instruct,0.489
scientific,loyalty,Qwen2.5-14B-Instruct,Qwen2.5-7B-Instruct,0.445
scientific,loyalty,Qwen2.5-72B-Instruct,Qwen2.5-7B-Instruct,0.427
scientific,proportionality,Apertus-8B-Instruct-2509,Llama-3.1-70B-Instruct,0.43
scientific,proportionality,Apertus-8B-Instruct-2509,Llama-3.1-8B-Instruct,0.576
scientific,proportionality,Apertus-8B-Instruct-2509,Llama-3.2-1B-Instruct,0.481
scientific,proportionality,Apertus-8B-Instruct-2509,Llama-3.2-3B-Instruct,0.446
scientific,proportionality,Apertus-8B-Instruct-2509,Qwen2.5-14B-Instruct,0.514
scientific,proportionality,Apertus-8B-Instruct-2509,Qwen2.5-72B-Instruct,0.456
scientific,proportionality,Apertus-8B-Instruct-2509,Qwen2.5-7B-Instruct,0.487
scientific,proportionality,Llama-3.1-70B-Instruct,Llama-3.1-8B-Instruct,0.469
scientific,proportionality,Llama-3.1-70B-Instruct,Llama-3.2-1B-Instruct,0.467
scientific,proportionality,Llama-3.1-70B-Instruct,Llama-3.2-3B-Instruct,0.428
scientific,proportionality,Llama-3.1-70B-Instruct,Qwen2.5-14B-Instruct,0.485
scientific,proportionality,Llama-3.1-70B-Instruct,Qwen2.5-72B-Instruct,0.417
scientific,proportionality,Llama-3.1-70B-Instruct,Qwen2.5-7B-Instruct,0.438
scientific,proportionality,Llama-3.1-8B-Instruct,Llama-3.2-1B-Instruct,0.523
scientific,proportionality,Llama-3.1-8B-Instruct,Llama-3.2-3B-Instruct,0.503
scientific,proportionality,Llama-3.1-8B-Instruct,Qwen2.5-14B-Instruct,0.476
scientific,proportionality,Llama-3.1-8B-Instruct,Qwen2.5-72B-Instruct,0.533
scientific,proportionality,Llama-3.1-8B-Instruct,Qwen2.5-7B-Instruct,0.525
scientific,proportionality,Llama-3.2-1B-Instruct,Llama-3.2-3B-Instruct,0.468
scientific,proportionality,Llama-3.2-1B-Instruct,Qwen2.5-14B-Instruct,0.51
scientific,proportionality,Llama-3.2-1B-Instruct,Qwen2.5-72B-Instruct,0.474
scientific,proportionality,Llama-3.2-1B-Instruct,Qwen2.5-7B-Instruct,0.498
scientific,proportionality,Llama-3.2-3B-Instruct,Qwen2.5-14B-Instruct,0.481
scientific,proportionality,Llama-3.2-3B-Instruct,Qwen2.5-72B-Instruct,0.445
scientific,proportionality,Llama-3.2-3B-Instruct,Qwen2.5-7B-Instruct,0.534
scientific,proportionality,Qwen2.5-14B-Instruct,Qwen2.5-72B-Instruct,0.452
scientific,proportionality,Qwen2.5-14B-Instruct,Qwen2.5-7B-Instruct,0.463
scientific,proportionality,Qwen2.5-72B-Instruct,Qwen2.5-7B-Instruct,0.443
scientific,purity,Apertus-8B-Instruct-2509,Llama-3.1-70B-Instruct,0.463
scientific,purity,Apertus-8B-Instruct-2509,Llama-3.1-8B-Instruct,0.444
scientific,purity,Apertus-8B-Instruct-2509,Llama-3.2-1B-Instruct,0.491
scientific,purity,Apertus-8B-Instruct-2509,Llama-3.2-3B-Instruct,0.469
scientific,purity,Apertus-8B-Instruct-2509,Qwen2.5-14B-Instruct,0.45
scientific,purity,Apertus-8B-Instruct-2509,Qwen2.5-72B-Instruct,0.48
scientific,purity,Apertus-8B-Instruct-2509,Qwen2.5-7B-Instruct,0.461
scientific,purity,Llama-3.1-70B-Instruct,Llama-3.1-8B-Instruct,0.386
scientific,purity,Llama-3.1-70B-Instruct,Llama-3.2-1B-Instruct,0.481
scientific,purity,Llama-3.1-70B-Instruct,Llama-3.2-3B-Instruct,0.524
scientific,purity,Llama-3.1-70B-Instruct,Qwen2.5-14B-Instruct,0.503
scientific,purity,Llama-3.1-70B-Instruct,Qwen2.5-72B-Instruct,0.339
scientific,purity,Llama-3.1-70B-Instruct,Qwen2.5-7B-Instruct,0.466
scientific,purity,Llama-3.1-8B-Instruct,Llama-3.2-1B-Instruct,0.496
scientific,purity,Llama-3.1-8B-Instruct,Llama-3.2-3B-Instruct,0.499
scientific,purity,Llama-3.1-8B-Instruct,Qwen2.5-14B-Instruct,0.527
scientific,purity,Llama-3.1-8B-Instruct,Qwen2.5-72B-Instruct,0.413
scientific,purity,Llama-3.1-8B-Instruct,Qwen2.5-7B-Instruct,0.459
scientific,purity,Llama-3.2-1B-Instruct,Llama-3.2-3B-Instruct,0.511
scientific,purity,Llama-3.2-1B-Instruct,Qwen2.5-14B-Instruct,0.509
scientific,purity,Llama-3.2-1B-Instruct,Qwen2.5-72B-Instruct,0.461
scientific,purity,Llama-3.2-1B-Instruct,Qwen2.5-7B-Instruct,0.441
scientific,purity,Llama-3.2-3B-Instruct,Qwen2.5-14B-Instruct,0.497
scientific,purity,Llama-3.2-3B-Instruct,Qwen2.5-72B-Instruct,0.417
scientific,purity,Llama-3.2-3B-Instruct,Qwen2.5-7B-Instruct,0.461
scientific,purity,Qwen2.5-14B-Instruct,Qwen2.5-72B-Instruct,0.443
scientific,purity,Qwen2.5-14B-Instruct,Qwen2.5-7B-Instruct,0.39
scientific,purity,Qwen2.5-72B-Instruct,Qwen2.5-7B-Instruct,0.46
social-justice,authority,Apertus-8B-Instruct-2509,Llama-3.1-70B-Instruct,0.323
social-justice,authority,Apertus-8B-Instruct-2509,Llama-3.1-8B-Instruct,0.314
social-justice,authority,Apertus-8B-Instruct-2509,Llama-3.2-1B-Instruct,0.405
social-justice,authority,Apertus-8B-Instruct-2509,Llama-3.2-3B-Instruct,0.42
social-justice,authority,Apertus-8B-Instruct-2509,Qwen2.5-14B-Instruct,0.443
social-justice,authority,Apertus-8B-Instruct-2509,Qwen2.5-72B-Instruct,0.464
social-justice,authority,Apertus-8B-Instruct-2509,Qwen2.5-7B-Instruct,0.505
social-justice,authority,Llama-3.1-70B-Instruct,Llama-3.1-8B-Instruct,0.311
social-justice,authority,Llama-3.1-70B-Instruct,Llama-3.2-1B-Instruct,0.37
social-justice,authority,Llama-3.1-70B-Instruct,Llama-3.2-3B-Instruct,0.358
social-justice,authority,Llama-3.1-70B-Instruct,Qwen2.5-14B-Instruct,0.433
social-justice,authority,Llama-3.1-70B-Instruct,Qwen2.5-72B-Instruct,0.462
social-justice,authority,Llama-3.1-70B-Instruct,Qwen2.5-7B-Instruct,0.501
social-justice,authority,Llama-3.1-8B-Instruct,Llama-3.2-1B-Instruct,0.405
social-justice,authority,Llama-3.1-8B-Instruct,Llama-3.2-3B-Instruct,0.313
social-justice,authority,Llama-3.1-8B-Instruct,Qwen2.5-14B-Instruct,0.419
social-justice,authority,Llama-3.1-8B-Instruct,Qwen2.5-72B-Instruct,0.523
social-justice,authority,Llama-3.1-8B-Instruct,Qwen2.5-7B-Instruct,0.543
social-justice,authority,Llama-3.2-1B-Instruct,Llama-3.2-3B-Instruct,0.413
social-justice,authority,Llama-3.2-1B-Instruct,Qwen2.5-14B-Instruct,0.517
social-justice,authority,Llama-3.2-1B-Instruct,Qwen2.5-72B-Instruct,0.539
social-justice,authority,Llama-3.2-1B-Instruct,Qwen2.5-7B-Instruct,0.532
social-justice,authority,Llama-3.2-3B-Instruct,Qwen2.5-14B-Instruct,0.434
social-justice,authority,Llama-3.2-3B-Instruct,Qwen2.5-72B-Instruct,0.539
social-justice,authority,Llama-3.2-3B-Instruct,Qwen2.5-7B-Instruct,0.562
social-justice,authority,Qwen2.5-14B-Instruct,Qwen2.5-72B-Instruct,0.471
social-justice,authority,Qwen2.5-14B-Instruct,Qwen2.5-7B-Instruct,0.536
social-justice,authority,Qwen2.5-72B-Instruct,Qwen2.5-7B-Instruct,0.507
social-justice,base,Llama-3.1-70B-Instruct,Llama-3.1-8B-Instruct,0.346
social-justice,base,Llama-3.1-70B-Instruct,Llama-3.2-1B-Instruct,0.364
social-justice,base,Llama-3.1-70B-Instruct,Llama-3.2-3B-Instruct,0.316
social-justice,base,Llama-3.1-70B-Instruct,Qwen2.5-14B-Instruct,0.416
social-justice,base,Llama-3.1-70B-Instruct,Qwen2.5-72B-Instruct,0.454
social-justice,base,Llama-3.1-70B-Instruct,Qwen2.5-7B-Instruct,0.635
social-justice,base,Llama-3.1-8B-Instruct,Llama-3.2-1B-Instruct,0.374
social-justice,base,Llama-3.1-8B-Instruct,Llama-3.2-3B-Instruct,0.346
social-justice,base,Llama-3.1-8B-Instruct,Qwen2.5-14B-Instruct,0.398
social-justice,base,Llama-3.1-8B-Instruct,Qwen2.5-72B-Instruct,0.477
social-justice,base,Llama-3.1-8B-Instruct,Qwen2.5-7B-Instruct,0.635
social-justice,base,Llama-3.2-1B-Instruct,Llama-3.2-3B-Instruct,0.361
social-justice,base,Llama-3.2-1B-Instruct,Qwen2.5-14B-Instruct,0.458
social-justice,base,Llama-3.2-1B-Instruct,Qwen2.5-72B-Instruct,0.488
social-justice,base,Llama-3.2-1B-Instruct,Qwen2.5-7B-Instruct,0.645
social-justice,base,Llama-3.2-3B-Instruct,Qwen2.5-14B-Instruct,0.492
social-justice,base,Llama-3.2-3B-Instruct,Qwen2.5-72B-Instruct,0.511
social-justice,base,Llama-3.2-3B-Instruct,Qwen2.5-7B-Instruct,0.632
social-justice,base,Qwen2.5-14B-Instruct,Qwen2.5-72B-Instruct,0.416
social-justice,base,Qwen2.5-14B-Instruct,Qwen2.5-7B-Instruct,0.664
social-justice,base,Qwen2.5-72B-Instruct,Qwen2.5-7B-Instruct,0.677
social-justice,care,Apertus-8B-Instruct-2509,Llama-3.1-70B-Instruct,0.419
social-justice,care,Apertus-8B-Instruct-2509,Llama-3.1-8B-Instruct,0.423
social-justice,care,Apertus-8B-Instruct-2509,Llama-3.2-1B-Instruct,0.509
social-justice,care,Apertus-8B-Instruct-2509,Llama-3.2-3B-Instruct,0.441
social-justice,care,Apertus-8B-Instruct-2509,Qwen2.5-14B-Instruct,0.467
social-justice,care,Apertus-8B-Instruct-2509,Qwen2.5-72B-Instruct,0.47
social-justice,care,Apertus-8B-Instruct-2509,Qwen2.5-7B-Instruct,0.49
social-justice,care,Llama-3.1-70B-Instruct,Llama-3.1-8B-Instruct,0.34
social-justice,care,Llama-3.1-70B-Instruct,Llama-3.2-1B-Instruct,0.416
social-justice,care,Llama-3.1-70B-Instruct,Llama-3.2-3B-Instruct,0.283
social-justice,care,Llama-3.1-70B-Instruct,Qwen2.5-14B-Instruct,0.437
social-justice,care,Llama-3.1-70B-Instruct,Qwen2.5-72B-Instruct,0.449
social-justice,care,Llama-3.1-70B-Instruct,Qwen2.5-7B-Instruct,0.447
social-justice,care,Llama-3.1-8B-Instruct,Llama-3.2-1B-Instruct,0.386
social-justice,care,Llama-3.1-8B-Instruct,Llama-3.2-3B-Instruct,0.349
social-justice,care,Llama-3.1-8B-Instruct,Qwen2.5-14B-Instruct,0.446
social-justice,care,Llama-3.1-8B-Instruct,Qwen2.5-72B-Instruct,0.445
social-justice,care,Llama-3.1-8B-Instruct,Qwen2.5-7B-Instruct,0.48
social-justice,care,Llama-3.2-1B-Instruct,Llama-3.2-3B-Instruct,0.428
social-justice,care,Llama-3.2-1B-Instruct,Qwen2.5-14B-Instruct,0.476
social-justice,care,Llama-3.2-1B-Instruct,Qwen2.5-72B-Instruct,0.483
social-justice,care,Llama-3.2-1B-Instruct,Qwen2.5-7B-Instruct,0.509
social-justice,care,Llama-3.2-3B-Instruct,Qwen2.5-14B-Instruct,0.474
social-justice,care,Llama-3.2-3B-Instruct,Qwen2.5-72B-Instruct,0.478
social-justice,care,Llama-3.2-3B-Instruct,Qwen2.5-7B-Instruct,0.536
social-justice,care,Qwen2.5-14B-Instruct,Qwen2.5-72B-Instruct,0.421
social-justice,care,Qwen2.5-14B-Instruct,Qwen2.5-7B-Instruct,0.377
social-justice,care,Qwen2.5-72B-Instruct,Qwen2.5-7B-Instruct,0.392
social-justice,equality,Apertus-8B-Instruct-2509,Llama-3.1-70B-Instruct,0.426
social-justice,equality,Apertus-8B-Instruct-2509,Llama-3.1-8B-Instruct,0.459
social-justice,equality,Apertus-8B-Instruct-2509,Llama-3.2-1B-Instruct,0.436
social-justice,equality,Apertus-8B-Instruct-2509,Llama-3.2-3B-Instruct,0.46
social-justice,equality,Apertus-8B-Instruct-2509,Qwen2.5-14B-Instruct,0.429
social-justice,equality,Apertus-8B-Instruct-2509,Qwen2.5-72B-Instruct,0.487
social-justice,equality,Apertus-8B-Instruct-2509,Qwen2.5-7B-Instruct,0.685
social-justice,equality,Llama-3.1-70B-Instruct,Llama-3.1-8B-Instruct,0.381
social-justice,equality,Llama-3.1-70B-Instruct,Llama-3.2-1B-Instruct,0.425
social-justice,equality,Llama-3.1-70B-Instruct,Llama-3.2-3B-Instruct,0.36
social-justice,equality,Llama-3.1-70B-Instruct,Qwen2.5-14B-Instruct,0.511
social-justice,equality,Llama-3.1-70B-Instruct,Qwen2.5-72B-Instruct,0.476
social-justice,equality,Llama-3.1-70B-Instruct,Qwen2.5-7B-Instruct,0.688
social-justice,equality,Llama-3.1-8B-Instruct,Llama-3.2-1B-Instruct,0.378
social-justice,equality,Llama-3.1-8B-Instruct,Llama-3.2-3B-Instruct,0.363
social-justice,equality,Llama-3.1-8B-Instruct,Qwen2.5-14B-Instruct,0.496
social-justice,equality,Llama-3.1-8B-Instruct,Qwen2.5-72B-Instruct,0.438
social-justice,equality,Llama-3.1-8B-Instruct,Qwen2.5-7B-Instruct,0.685
social-justice,equality,Llama-3.2-1B-Instruct,Llama-3.2-3B-Instruct,0.436
social-justice,equality,Llama-3.2-1B-Instruct,Qwen2.5-14B-Instruct,0.488
social-justice,equality,Llama-3.2-1B-Instruct,Qwen2.5-72B-Instruct,0.472
social-justice,equality,Llama-3.2-1B-Instruct,Qwen2.5-7B-Instruct,0.693
social-justice,equality,Llama-3.2-3B-Instruct,Qwen2.5-14B-Instruct,0.501
social-justice,equality,Llama-3.2-3B-Instruct,Qwen2.5-72B-Instruct,0.513
social-justice,equality,Llama-3.2-3B-Instruct,Qwen2.5-7B-Instruct,0.685
social-justice,equality,Qwen2.5-14B-Instruct,Qwen2.5-72B-Instruct,0.441
social-justice,equality,Qwen2.5-14B-Instruct,Qwen2.5-7B-Instruct,0.693
social-justice,equality,Qwen2.5-72B-Instruct,Qwen2.5-7B-Instruct,0.693
social-justice,loyalty,Apertus-8B-Instruct-2509,Llama-3.1-70B-Instruct,0.353
social-justice,loyalty,Apertus-8B-Instruct-2509,Llama-3.1-8B-Instruct,0.332
social-justice,loyalty,Apertus-8B-Instruct-2509,Llama-3.2-1B-Instruct,0.412
social-justice,loyalty,Apertus-8B-Instruct-2509,Llama-3.2-3B-Instruct,0.377
social-justice,loyalty,Apertus-8B-Instruct-2509,Qwen2.5-14B-Instruct,0.538
social-justice,loyalty,Apertus-8B-Instruct-2509,Qwen2.5-72B-Instruct,0.485
social-justice,loyalty,Apertus-8B-Instruct-2509,Qwen2.5-7B-Instruct,0.535
social-justice,loyalty,Llama-3.1-70B-Instruct,Llama-3.1-8B-Instruct,0.258
social-justice,loyalty,Llama-3.1-70B-Instruct,Llama-3.2-1B-Instruct,0.401
social-justice,loyalty,Llama-3.1-70B-Instruct,Llama-3.2-3B-Instruct,0.353
social-justice,loyalty,Llama-3.1-70B-Instruct,Qwen2.5-14B-Instruct,0.568
social-justice,loyalty,Llama-3.1-70B-Instruct,Qwen2.5-72B-Instruct,0.504
social-justice,loyalty,Llama-3.1-70B-Instruct,Qwen2.5-7B-Instruct,0.563
social-justice,loyalty,Llama-3.1-8B-Instruct,Llama-3.2-1B-Instruct,0.438
social-justice,loyalty,Llama-3.1-8B-Instruct,Llama-3.2-3B-Instruct,0.349
social-justice,loyalty,Llama-3.1-8B-Instruct,Qwen2.5-14B-Instruct,0.567
social-justice,loyalty,Llama-3.1-8B-Instruct,Qwen2.5-72B-Instruct,0.486
social-justice,loyalty,Llama-3.1-8B-Instruct,Qwen2.5-7B-Instruct,0.578
social-justice,loyalty,Llama-3.2-1B-Instruct,Llama-3.2-3B-Instruct,0.39
social-justice,loyalty,Llama-3.2-1B-Instruct,Qwen2.5-14B-Instruct,0.617
social-justice,loyalty,Llama-3.2-1B-Instruct,Qwen2.5-72B-Instruct,0.559
social-justice,loyalty,Llama-3.2-1B-Instruct,Qwen2.5-7B-Instruct,0.611
social-justice,loyalty,Llama-3.2-3B-Instruct,Qwen2.5-14B-Instruct,0.596
social-justice,loyalty,Llama-3.2-3B-Instruct,Qwen2.5-72B-Instruct,0.528
social-justice,loyalty,Llama-3.2-3B-Instruct,Qwen2.5-7B-Instruct,0.633
social-justice,loyalty,Qwen2.5-14B-Instruct,Qwen2.5-72B-Instruct,0.405
social-justice,loyalty,Qwen2.5-14B-Instruct,Qwen2.5-7B-Instruct,0.416
social-justice,loyalty,Qwen2.5-72B-Instruct,Qwen2.5-7B-Instruct,0.417
social-justice,proportionality,Apertus-8B-Instruct-2509,Llama-3.1-70B-Instruct,0.376
social-justice,proportionality,Apertus-8B-Instruct-2509,Llama-3.1-8B-Instruct,0.471
social-justice,proportionality,Apertus-8B-Instruct-2509,Llama-3.2-1B-Instruct,0.419
social-justice,proportionality,Apertus-8B-Instruct-2509,Llama-3.2-3B-Instruct,0.368
social-justice,proportionality,Apertus-8B-Instruct-2509,Qwen2.5-14B-Instruct,0.465
social-justice,proportionality,Apertus-8B-Instruct-2509,Qwen2.5-72B-Instruct,0.409
social-justice,proportionality,Apertus-8B-Instruct-2509,Qwen2.5-7B-Instruct,0.552
social-justice,proportionality,Llama-3.1-70B-Instruct,Llama-3.1-8B-Instruct,0.44
social-justice,proportionality,Llama-3.1-70B-Instruct,Llama-3.2-1B-Instruct,0.4
social-justice,proportionality,Llama-3.1-70B-Instruct,Llama-3.2-3B-Instruct,0.352
social-justice,proportionality,Llama-3.1-70B-Instruct,Qwen2.5-14B-Instruct,0.435
social-justice,proportionality,Llama-3.1-70B-Instruct,Qwen2.5-72B-Instruct,0.426
social-justice,proportionality,Llama-3.1-70B-Instruct,Qwen2.5-7B-Instruct,0.517
social-justice,proportionality,Llama-3.1-8B-Instruct,Llama-3.2-1B-Instruct,0.454
social-justice,proportionality,Llama-3.1-8B-Instruct,Llama-3.2-3B-Instruct,0.433
social-justice,proportionality,Llama-3.1-8B-Instruct,Qwen2.5-14B-Instruct,0.514
social-justice,proportionality,Llama-3.1-8B-Instruct,Qwen2.5-72B-Instruct,0.54
social-justice,proportionality,Llama-3.1-8B-Instruct,Qwen2.5-7B-Instruct,0.553
social-justice,proportionality,Llama-3.2-1B-Instruct,Llama-3.2-3B-Instruct,0.446
social-justice,proportionality,Llama-3.2-1B-Instruct,Qwen2.5-14B-Instruct,0.508
social-justice,proportionality,Llama-3.2-1B-Instruct,Qwen2.5-72B-Instruct,0.467
social-justice,proportionality,Llama-3.2-1B-Instruct,Qwen2.5-7B-Instruct,0.525
social-justice,proportionality,Llama-3.2-3B-Instruct,Qwen2.5-14B-Instruct,0.495
social-justice,proportionality,Llama-3.2-3B-Instruct,Qwen2.5-72B-Instruct,0.484
social-justice,proportionality,Llama-3.2-3B-Instruct,Qwen2.5-7B-Instruct,0.518
social-justice,proportionality,Qwen2.5-14B-Instruct,Qwen2.5-72B-Instruct,0.498
social-justice,proportionality,Qwen2.5-14B-Instruct,Qwen2.5-7B-Instruct,0.504
social-justice,proportionality,Qwen2.5-72B-Instruct,Qwen2.5-7B-Instruct,0.489
social-justice,purity,Apertus-8B-Instruct-2509,Llama-3.1-70B-Instruct,0.473
social-justice,purity,Apertus-8B-Instruct-2509,Llama-3.1-8B-Instruct,0.465
social-justice,purity,Apertus-8B-Instruct-2509,Llama-3.2-1B-Instruct,0.517
social-justice,purity,Apertus-8B-Instruct-2509,Llama-3.2-3B-Instruct,0.538
social-justice,purity,Apertus-8B-Instruct-2509,Qwen2.5-14B-Instruct,0.435
social-justice,purity,Apertus-8B-Instruct-2509,Qwen2.5-72B-Instruct,0.45
social-justice,purity,Apertus-8B-Instruct-2509,Qwen2.5-7B-Instruct,0.4
social-justice,purity,Llama-3.1-70B-Instruct,Llama-3.1-8B-Instruct,0.323
social-justice,purity,Llama-3.1-70B-Instruct,Llama-3.2-1B-Instruct,0.503
social-justice,purity,Llama-3.1-70B-Instruct,Llama-3.2-3B-Instruct,0.49
social-justice,purity,Llama-3.1-70B-Instruct,Qwen2.5-14B-Instruct,0.481
social-justice,purity,Llama-3.1-70B-Instruct,Qwen2.5-72B-Instruct,0.418
social-justice,purity,Llama-3.1-70B-Instruct,Qwen2.5-7B-Instruct,0.469
social-justice,purity,Llama-3.1-8B-Instruct,Llama-3.2-1B-Instruct,0.538
social-justice,purity,Llama-3.1-8B-Instruct,Llama-3.2-3B-Instruct,0.471
social-justice,purity,Llama-3.1-8B-Instruct,Qwen2.5-14B-Instruct,0.515
social-justice,purity,Llama-3.1-8B-Instruct,Qwen2.5-72B-Instruct,0.453
social-justice,purity,Llama-3.1-8B-Instruct,Qwen2.5-7B-Instruct,0.489
social-justice,purity,Llama-3.2-1B-Instruct,Llama-3.2-3B-Instruct,0.546
social-justice,purity,Llama-3.2-1B-Instruct,Qwen2.5-14B-Instruct,0.6
social-justice,purity,Llama-3.2-1B-Instruct,Qwen2.5-72B-Instruct,0.565
social-justice,purity,Llama-3.2-1B-Instruct,Qwen2.5-7B-Instruct,0.537
social-justice,purity,Llama-3.2-3B-Instruct,Qwen2.5-14B-Instruct,0.599
social-justice,purity,Llama-3.2-3B-Instruct,Qwen2.5-72B-Instruct,0.547
social-justice,purity,Llama-3.2-3B-Instruct,Qwen2.5-7B-Instruct,0.58
social-justice,purity,Qwen2.5-14B-Instruct,Qwen2.5-72B-Instruct,0.4
social-justice,purity,Qwen2.5-14B-Instruct,Qwen2.5-7B-Instruct,0.464
social-justice,purity,Qwen2.5-72B-Instruct,Qwen2.5-7B-Instruct,0.463
social-responsibility,authority,Apertus-8B-Instruct-2509,Llama-3.1-70B-Instruct,0.339
social-responsibility,authority,Apertus-8B-Instruct-2509,Llama-3.1-8B-Instruct,0.364
social-responsibility,authority,Apertus-8B-Instruct-2509,Llama-3.2-1B-Instruct,0.372
social-responsibility,authority,Apertus-8B-Instruct-2509,Llama-3.2-3B-Instruct,0.378
social-responsibility,authority,Apertus-8B-Instruct-2509,Qwen2.5-14B-Instruct,0.399
social-responsibility,authority,Apertus-8B-Instruct-2509,Qwen2.5-72B-Instruct,0.385
social-responsibility,authority,Apertus-8B-Instruct-2509,Qwen2.5-7B-Instruct,0.465
social-responsibility,authority,Llama-3.1-70B-Instruct,Llama-3.1-8B-Instruct,0.275
social-responsibility,authority,Llama-3.1-70B-Instruct,Llama-3.2-1B-Instruct,0.332
social-responsibility,authority,Llama-3.1-70B-Instruct,Llama-3.2-3B-Instruct,0.269
social-responsibility,authority,Llama-3.1-70B-Instruct,Qwen2.5-14B-Instruct,0.361
social-responsibility,authority,Llama-3.1-70B-Instruct,Qwen2.5-72B-Instruct,0.312
social-responsibility,authority,Llama-3.1-70B-Instruct,Qwen2.5-7B-Instruct,0.442
social-responsibility,authority,Llama-3.1-8B-Instruct,Llama-3.2-1B-Instruct,0.366
social-responsibility,authority,Llama-3.1-8B-Instruct,Llama-3.2-3B-Instruct,0.318
social-responsibility,authority,Llama-3.1-8B-Instruct,Qwen2.5-14B-Instruct,0.39
social-responsibility,authority,Llama-3.1-8B-Instruct,Qwen2.5-72B-Instruct,0.369
social-responsibility,authority,Llama-3.1-8B-Instruct,Qwen2.5-7B-Instruct,0.428
social-responsibility,authority,Llama-3.2-1B-Instruct,Llama-3.2-3B-Instruct,0.395
social-responsibility,authority,Llama-3.2-1B-Instruct,Qwen2.5-14B-Instruct,0.476
social-responsibility,authority,Llama-3.2-1B-Instruct,Qwen2.5-72B-Instruct,0.437
social-responsibility,authority,Llama-3.2-1B-Instruct,Qwen2.5-7B-Instruct,0.539
social-responsibility,authority,Llama-3.2-3B-Instruct,Qwen2.5-14B-Instruct,0.381
social-responsibility,authority,Llama-3.2-3B-Instruct,Qwen2.5-72B-Instruct,0.332
social-responsibility,authority,Llama-3.2-3B-Instruct,Qwen2.5-7B-Instruct,0.436
social-responsibility,authority,Qwen2.5-14B-Instruct,Qwen2.5-72B-Instruct,0.331
social-responsibility,authority,Qwen2.5-14B-Instruct,Qwen2.5-7B-Instruct,0.412
social-responsibility,authority,Qwen2.5-72B-Instruct,Qwen2.5-7B-Instruct,0.41
social-responsibility,base,Apertus-8B-Instruct-2509,Llama-3.1-70B-Instruct,0.344
social-responsibility,base,Apertus-8B-Instruct-2509,Llama-3.1-8B-Instruct,0.415
social-responsibility,base,Apertus-8B-Instruct-2509,Llama-3.2-1B-Instruct,0.403
social-responsibility,base,Apertus-8B-Instruct-2509,Llama-3.2-3B-Instruct,0.383
social-responsibility,base,Apertus-8B-Instruct-2509,Qwen2.5-14B-Instruct,0.404
social-responsibility,base,Apertus-8B-Instruct-2509,Qwen2.5-72B-Instruct,0.449
social-responsibility,base,Apertus-8B-Instruct-2509,Qwen2.5-7B-Instruct,0.391
social-responsibility,base,Llama-3.1-70B-Instruct,Llama-3.1-8B-Instruct,0.316
social-responsibility,base,Llama-3.1-70B-Instruct,Llama-3.2-1B-Instruct,0.357
social-responsibility,base,Llama-3.1-70B-Instruct,Llama-3.2-3B-Instruct,0.352
social-responsibility,base,Llama-3.1-70B-Instruct,Qwen2.5-14B-Instruct,0.386
social-responsibility,base,Llama-3.1-70B-Instruct,Qwen2.5-72B-Instruct,0.428
social-responsibility,base,Llama-3.1-70B-Instruct,Qwen2.5-7B-Instruct,0.381
social-responsibility,base,Llama-3.1-8B-Instruct,Llama-3.2-1B-Instruct,0.368
social-responsibility,base,Llama-3.1-8B-Instruct,Llama-3.2-3B-Instruct,0.372
social-responsibility,base,Llama-3.1-8B-Instruct,Qwen2.5-14B-Instruct,0.349
social-responsibility,base,Llama-3.1-8B-Instruct,Qwen2.5-72B-Instruct,0.469
social-responsibility,base,Llama-3.1-8B-Instruct,Qwen2.5-7B-Instruct,0.405
social-responsibility,base,Llama-3.2-1B-Instruct,Llama-3.2-3B-Instruct,0.39
social-responsibility,base,Llama-3.2-1B-Instruct,Qwen2.5-14B-Instruct,0.421
social-responsibility,base,Llama-3.2-1B-Instruct,Qwen2.5-72B-Instruct,0.471
social-responsibility,base,Llama-3.2-1B-Instruct,Qwen2.5-7B-Instruct,0.411
social-responsibility,base,Llama-3.2-3B-Instruct,Qwen2.5-14B-Instruct,0.363
social-responsibility,base,Llama-3.2-3B-Instruct,Qwen2.5-72B-Instruct,0.484
social-responsibility,base,Llama-3.2-3B-Instruct,Qwen2.5-7B-Instruct,0.364
social-responsibility,base,Qwen2.5-14B-Instruct,Qwen2.5-72B-Instruct,0.463
social-responsibility,base,Qwen2.5-14B-Instruct,Qwen2.5-7B-Instruct,0.336
social-responsibility,base,Qwen2.5-72B-Instruct,Qwen2.5-7B-Instruct,0.466
social-responsibility,care,Apertus-8B-Instruct-2509,Llama-3.1-70B-Instruct,0.408
social-responsibility,care,Apertus-8B-Instruct-2509,Llama-3.1-8B-Instruct,0.375
social-responsibility,care,Apertus-8B-Instruct-2509,Llama-3.2-1B-Instruct,0.406
social-responsibility,care,Apertus-8B-Instruct-2509,Llama-3.2-3B-Instruct,0.346
social-responsibility,care,Apertus-8B-Instruct-2509,Qwen2.5-14B-Instruct,0.385
social-responsibility,care,Apertus-8B-Instruct-2509,Qwen2.5-72B-Instruct,0.363
social-responsibility,care,Apertus-8B-Instruct-2509,Qwen2.5-7B-Instruct,0.402
social-responsibility,care,Llama-3.1-70B-Instruct,Llama-3.1-8B-Instruct,0.309
social-responsibility,care,Llama-3.1-70B-Instruct,Llama-3.2-1B-Instruct,0.374
social-responsibility,care,Llama-3.1-70B-Instruct,Llama-3.2-3B-Instruct,0.38
social-responsibility,care,Llama-3.1-70B-Instruct,Qwen2.5-14B-Instruct,0.386
social-responsibility,care,Llama-3.1-70B-Instruct,Qwen2.5-72B-Instruct,0.35
social-responsibility,care,Llama-3.1-70B-Instruct,Qwen2.5-7B-Instruct,0.457
social-responsibility,care,Llama-3.1-8B-Instruct,Llama-3.2-1B-Instruct,0.352
social-responsibility,care,Llama-3.1-8B-Instruct,Llama-3.2-3B-Instruct,0.393
social-responsibility,care,Llama-3.1-8B-Instruct,Qwen2.5-14B-Instruct,0.385
social-responsibility,care,Llama-3.1-8B-Instruct,Qwen2.5-72B-Instruct,0.341
social-responsibility,care,Llama-3.1-8B-Instruct,Qwen2.5-7B-Instruct,0.48
social-responsibility,care,Llama-3.2-1B-Instruct,Llama-3.2-3B-Instruct,0.378
social-responsibility,care,Llama-3.2-1B-Instruct,Qwen2.5-14B-Instruct,0.394
social-responsibility,care,Llama-3.2-1B-Instruct,Qwen2.5-72B-Instruct,0.406
social-responsibility,care,Llama-3.2-1B-Instruct,Qwen2.5-7B-Instruct,0.478
social-responsibility,care,Llama-3.2-3B-Instruct,Qwen2.5-14B-Instruct,0.35
social-responsibility,care,Llama-3.2-3B-Instruct,Qwen2.5-72B-Instruct,0.398
social-responsibility,care,Llama-3.2-3B-Instruct,Qwen2.5-7B-Instruct,0.462
social-responsibility,care,Qwen2.5-14B-Instruct,Qwen2.5-72B-Instruct,0.349
social-responsibility,care,Qwen2.5-14B-Instruct,Qwen2.5-7B-Instruct,0.398
social-responsibility,care,Qwen2.5-72B-Instruct,Qwen2.5-7B-Instruct,0.404
social-responsibility,equality,Apertus-8B-Instruct-2509,Llama-3.1-70B-Instruct,0.363
social-responsibility,equality,Apertus-8B-Instruct-2509,Llama-3.1-8B-Instruct,0.359
social-responsibility,equality,Apertus-8B-Instruct-2509,Llama-3.2-1B-Instruct,0.355
social-responsibility,equality,Apertus-8B-Instruct-2509,Llama-3.2-3B-Instruct,0.384
social-responsibility,equality,Apertus-8B-Instruct-2509,Qwen2.5-14B-Instruct,0.381
social-responsibility,equality,Apertus-8B-Instruct-2509,Qwen2.5-72B-Instruct,0.394
social-responsibility,equality,Apertus-8B-Instruct-2509,Qwen2.5-7B-Instruct,0.364
social-responsibility,equality,Llama-3.1-70B-Instruct,Llama-3.1-8B-Instruct,0.256
social-responsibility,equality,Llama-3.1-70B-Instruct,Llama-3.2-1B-Instruct,0.305
social-responsibility,equality,Llama-3.1-70B-Instruct,Llama-3.2-3B-Instruct,0.283
social-responsibility,equality,Llama-3.1-70B-Instruct,Qwen2.5-14B-Instruct,0.375
social-responsibility,equality,Llama-3.1-70B-Instruct,Qwen2.5-72B-Instruct,0.34
social-responsibility,equality,Llama-3.1-70B-Instruct,Qwen2.5-7B-Instruct,0.361
social-responsibility,equality,Llama-3.1-8B-Instruct,Llama-3.2-1B-Instruct,0.289
social-responsibility,equality,Llama-3.1-8B-Instruct,Llama-3.2-3B-Instruct,0.286
social-responsibility,equality,Llama-3.1-8B-Instruct,Qwen2.5-14B-Instruct,0.349
social-responsibility,equality,Llama-3.1-8B-Instruct,Qwen2.5-72B-Instruct,0.304
social-responsibility,equality,Llama-3.1-8B-Instruct,Qwen2.5-7B-Instruct,0.375
social-responsibility,equality,Llama-3.2-1B-Instruct,Llama-3.2-3B-Instruct,0.322
social-responsibility,equality,Llama-3.2-1B-Instruct,Qwen2.5-14B-Instruct,0.374
social-responsibility,equality,Llama-3.2-1B-Instruct,Qwen2.5-72B-Instruct,0.363
social-responsibility,equality,Llama-3.2-1B-Instruct,Qwen2.5-7B-Instruct,0.347
social-responsibility,equality,Llama-3.2-3B-Instruct,Qwen2.5-14B-Instruct,0.362
social-responsibility,equality,Llama-3.2-3B-Instruct,Qwen2.5-72B-Instruct,0.36
social-responsibility,equality,Llama-3.2-3B-Instruct,Qwen2.5-7B-Instruct,0.396
social-responsibility,equality,Qwen2.5-14B-Instruct,Qwen2.5-72B-Instruct,0.377
social-responsibility,equality,Qwen2.5-14B-Instruct,Qwen2.5-7B-Instruct,0.272
social-responsibility,equality,Qwen2.5-72B-Instruct,Qwen2.5-7B-Instruct,0.367
social-responsibility,loyalty,Apertus-8B-Instruct-2509,Llama-3.1-70B-Instruct,0.398
social-responsibility,loyalty,Apertus-8B-Instruct-2509,Llama-3.1-8B-Instruct,0.394
social-responsibility,loyalty,Apertus-8B-Instruct-2509,Llama-3.2-1B-Instruct,0.314
social-responsibility,loyalty,Apertus-8B-Instruct-2509,Llama-3.2-3B-Instruct,0.353
social-responsibility,loyalty,Apertus-8B-Instruct-2509,Qwen2.5-14B-Instruct,0.393
social-responsibility,loyalty,Apertus-8B-Instruct-2509,Qwen2.5-72B-Instruct,0.383
social-responsibility,loyalty,Apertus-8B-Instruct-2509,Qwen2.5-7B-Instruct,0.418
social-responsibility,loyalty,Llama-3.1-70B-Instruct,Llama-3.1-8B-Instruct,0.318
social-responsibility,loyalty,Llama-3.1-70B-Instruct,Llama-3.2-1B-Instruct,0.339
social-responsibility,loyalty,Llama-3.1-70B-Instruct,Llama-3.2-3B-Instruct,0.304
social-responsibility,loyalty,Llama-3.1-70B-Instruct,Qwen2.5-14B-Instruct,0.392
social-responsibility,loyalty,Llama-3.1-70B-Instruct,Qwen2.5-72B-Instruct,0.406
social-responsibility,loyalty,Llama-3.1-70B-Instruct,Qwen2.5-7B-Instruct,0.417
social-responsibility,loyalty,Llama-3.1-8B-Instruct,Llama-3.2-1B-Instruct,0.369
social-responsibility,loyalty,Llama-3.1-8B-Instruct,Llama-3.2-3B-Instruct,0.334
social-responsibility,loyalty,Llama-3.1-8B-Instruct,Qwen2.5-14B-Instruct,0.405
social-responsibility,loyalty,Llama-3.1-8B-Instruct,Qwen2.5-72B-Instruct,0.411
social-responsibility,loyalty,Llama-3.1-8B-Instruct,Qwen2.5-7B-Instruct,0.412
social-responsibility,loyalty,Llama-3.2-1B-Instruct,Llama-3.2-3B-Instruct,0.309
social-responsibility,loyalty,Llama-3.2-1B-Instruct,Qwen2.5-14B-Instruct,0.417
social-responsibility,loyalty,Llama-3.2-1B-Instruct,Qwen2.5-72B-Instruct,0.427
social-responsibility,loyalty,Llama-3.2-1B-Instruct,Qwen2.5-7B-Instruct,0.425
social-responsibility,loyalty,Llama-3.2-3B-Instruct,Qwen2.5-14B-Instruct,0.411
social-responsibility,loyalty,Llama-3.2-3B-Instruct,Qwen2.5-72B-Instruct,0.412
social-responsibility,loyalty,Llama-3.2-3B-Instruct,Qwen2.5-7B-Instruct,0.385
social-responsibility,loyalty,Qwen2.5-14B-Instruct,Qwen2.5-72B-Instruct,0.361
social-responsibility,loyalty,Qwen2.5-14B-Instruct,Qwen2.5-7B-Instruct,0.341
social-responsibility,loyalty,Qwen2.5-72B-Instruct,Qwen2.5-7B-Instruct,0.365
social-responsibility,proportionality,Apertus-8B-Instruct-2509,Llama-3.1-70B-Instruct,0.344
social-responsibility,proportionality,Apertus-8B-Instruct-2509,Llama-3.1-8B-Instruct,0.398
social-responsibility,proportionality,Apertus-8B-Instruct-2509,Llama-3.2-1B-Instruct,0.352
social-responsibility,proportionality,Apertus-8B-Instruct-2509,Llama-3.2-3B-Instruct,0.399
social-responsibility,proportionality,Apertus-8B-Instruct-2509,Qwen2.5-14B-Instruct,0.414
social-responsibility,proportionality,Apertus-8B-Instruct-2509,Qwen2.5-72B-Instruct,0.392
social-responsibility,proportionality,Apertus-8B-Instruct-2509,Qwen2.5-7B-Instruct,0.37
social-responsibility,proportionality,Llama-3.1-70B-Instruct,Llama-3.1-8B-Instruct,0.281
social-responsibility,proportionality,Llama-3.1-70B-Instruct,Llama-3.2-1B-Instruct,0.357
social-responsibility,proportionality,Llama-3.1-70B-Instruct,Llama-3.2-3B-Instruct,0.317
social-responsibility,proportionality,Llama-3.1-70B-Instruct,Qwen2.5-14B-Instruct,0.353
social-responsibility,proportionality,Llama-3.1-70B-Instruct,Qwen2.5-72B-Instruct,0.372
social-responsibility,proportionality,Llama-3.1-70B-Instruct,Qwen2.5-7B-Instruct,0.35
social-responsibility,proportionality,Llama-3.1-8B-Instruct,Llama-3.2-1B-Instruct,0.396
social-responsibility,proportionality,Llama-3.1-8B-Instruct,Llama-3.2-3B-Instruct,0.351
social-responsibility,proportionality,Llama-3.1-8B-Instruct,Qwen2.5-14B-Instruct,0.403
social-responsibility,proportionality,Llama-3.1-8B-Instruct,Qwen2.5-72B-Instruct,0.38
social-responsibility,proportionality,Llama-3.1-8B-Instruct,Qwen2.5-7B-Instruct,0.355
social-responsibility,proportionality,Llama-3.2-1B-Instruct,Llama-3.2-3B-Instruct,0.361
social-responsibility,proportionality,Llama-3.2-1B-Instruct,Qwen2.5-14B-Instruct,0.449
social-responsibility,proportionality,Llama-3.2-1B-Instruct,Qwen2.5-72B-Instruct,0.417
social-responsibility,proportionality,Llama-3.2-1B-Instruct,Qwen2.5-7B-Instruct,0.374
social-responsibility,proportionality,Llama-3.2-3B-Instruct,Qwen2.5-14B-Instruct,0.365
social-responsibility,proportionality,Llama-3.2-3B-Instruct,Qwen2.5-72B-Instruct,0.379
social-responsibility,proportionality,Llama-3.2-3B-Instruct,Qwen2.5-7B-Instruct,0.336
social-responsibility,proportionality,Qwen2.5-14B-Instruct,Qwen2.5-72B-Instruct,0.32
social-responsibility,proportionality,Qwen2.5-14B-Instruct,Qwen2.5-7B-Instruct,0.371
social-responsibility,proportionality,Qwen2.5-72B-Instruct,Qwen2.5-7B-Instruct,0.34
social-responsibility,purity,Apertus-8B-Instruct-2509,Llama-3.1-70B-Instruct,0.455
social-responsibility,purity,Apertus-8B-Instruct-2509,Llama-3.1-8B-Instruct,0.444
social-responsibility,purity,Apertus-8B-Instruct-2509,Llama-3.2-1B-Instruct,0.419
social-responsibility,purity,Apertus-8B-Instruct-2509,Llama-3.2-3B-Instruct,0.497
social-responsibility,purity,Apertus-8B-Instruct-2509,Qwen2.5-14B-Instruct,0.49
social-responsibility,purity,Apertus-8B-Instruct-2509,Qwen2.5-72B-Instruct,0.456
social-responsibility,purity,Apertus-8B-Instruct-2509,Qwen2.5-7B-Instruct,0.496
social-responsibility,purity,Llama-3.1-70B-Instruct,Llama-3.1-8B-Instruct,0.311
social-responsibility,purity,Llama-3.1-70B-Instruct,Llama-3.2-1B-Instruct,0.346
social-responsibility,purity,Llama-3.1-70B-Instruct,Llama-3.2-3B-Instruct,0.286
social-responsibility,purity,Llama-3.1-70B-Instruct,Qwen2.5-14B-Instruct,0.401
social-responsibility,purity,Llama-3.1-70B-Instruct,Qwen2.5-72B-Instruct,0.383
social-responsibility,purity,Llama-3.1-70B-Instruct,Qwen2.5-7B-Instruct,0.469
social-responsibility,purity,Llama-3.1-8B-Instruct,Llama-3.2-1B-Instruct,0.368
social-responsibility,purity,Llama-3.1-8B-Instruct,Llama-3.2-3B-Instruct,0.316
social-responsibility,purity,Llama-3.1-8B-Instruct,Qwen2.5-14B-Instruct,0.37
social-responsibility,purity,Llama-3.1-8B-Instruct,Qwen2.5-72B-Instruct,0.384
social-responsibility,purity,Llama-3.1-8B-Instruct,Qwen2.5-7B-Instruct,0.443
social-responsibility,purity,Llama-3.2-1B-Instruct,Llama-3.2-3B-Instruct,0.37
social-responsibility,purity,Llama-3.2-1B-Instruct,Qwen2.5-14B-Instruct,0.446
social-responsibility,purity,Llama-3.2-1B-Instruct,Qwen2.5-72B-Instruct,0.377
social-responsibility,purity,Llama-3.2-1B-Instruct,Qwen2.5-7B-Instruct,0.508
social-responsibility,purity,Llama-3.2-3B-Instruct,Qwen2.5-14B-Instruct,0.42
social-responsibility,purity,Llama-3.2-3B-Instruct,Qwen2.5-72B-Instruct,0.397
social-responsibility,purity,Llama-3.2-3B-Instruct,Qwen2.5-7B-Instruct,0.49
social-responsibility,purity,Qwen2.5-14B-Instruct,Qwen2.5-72B-Instruct,0.357
social-responsibility,purity,Qwen2.5-14B-Instruct,Qwen2.5-7B-Instruct,0.458
social-responsibility,purity,Qwen2.5-72B-Instruct,Qwen2.5-7B-Instruct,0.444
stereotypes,authority,Apertus-8B-Instruct-2509,Llama-3.1-70B-Instruct,0.425
stereotypes,authority,Apertus-8B-Instruct-2509,Llama-3.1-8B-Instruct,0.466
stereotypes,authority,Apertus-8B-Instruct-2509,Llama-3.2-1B-Instruct,0.472
stereotypes,authority,Apertus-8B-Instruct-2509,Llama-3.2-3B-Instruct,0.416
stereotypes,authority,Apertus-8B-Instruct-2509,Qwen2.5-14B-Instruct,0.463
stereotypes,authority,Apertus-8B-Instruct-2509,Qwen2.5-72B-Instruct,0.464
stereotypes,authority,Apertus-8B-Instruct-2509,Qwen2.5-7B-Instruct,0.392
stereotypes,authority,Llama-3.1-70B-Instruct,Llama-3.1-8B-Instruct,0.339
stereotypes,authority,Llama-3.1-70B-Instruct,Llama-3.2-1B-Instruct,0.378
stereotypes,authority,Llama-3.1-70B-Instruct,Llama-3.2-3B-Instruct,0.347
stereotypes,authority,Llama-3.1-70B-Instruct,Qwen2.5-14B-Instruct,0.441
stereotypes,authority,Llama-3.1-70B-Instruct,Qwen2.5-72B-Instruct,0.388
stereotypes,authority,Llama-3.1-70B-Instruct,Qwen2.5-7B-Instruct,0.444
stereotypes,authority,Llama-3.1-8B-Instruct,Llama-3.2-1B-Instruct,0.427
stereotypes,authority,Llama-3.1-8B-Instruct,Llama-3.2-3B-Instruct,0.397
stereotypes,authority,Llama-3.1-8B-Instruct,Qwen2.5-14B-Instruct,0.411
stereotypes,authority,Llama-3.1-8B-Instruct,Qwen2.5-72B-Instruct,0.43
stereotypes,authority,Llama-3.1-8B-Instruct,Qwen2.5-7B-Instruct,0.437
stereotypes,authority,Llama-3.2-1B-Instruct,Llama-3.2-3B-Instruct,0.398
stereotypes,authority,Llama-3.2-1B-Instruct,Qwen2.5-14B-Instruct,0.486
stereotypes,authority,Llama-3.2-1B-Instruct,Qwen2.5-72B-Instruct,0.483
stereotypes,authority,Llama-3.2-1B-Instruct,Qwen2.5-7B-Instruct,0.47
stereotypes,authority,Llama-3.2-3B-Instruct,Qwen2.5-14B-Instruct,0.472
stereotypes,authority,Llama-3.2-3B-Instruct,Qwen2.5-72B-Instruct,0.455
stereotypes,authority,Llama-3.2-3B-Instruct,Qwen2.5-7B-Instruct,0.443
stereotypes,authority,Qwen2.5-14B-Instruct,Qwen2.5-72B-Instruct,0.406
stereotypes,authority,Qwen2.5-14B-Instruct,Qwen2.5-7B-Instruct,0.384
stereotypes,authority,Qwen2.5-72B-Instruct,Qwen2.5-7B-Instruct,0.409
stereotypes,base,Apertus-8B-Instruct-2509,Llama-3.1-70B-Instruct,0.414
stereotypes,base,Apertus-8B-Instruct-2509,Llama-3.1-8B-Instruct,0.417
stereotypes,base,Apertus-8B-Instruct-2509,Llama-3.2-1B-Instruct,0.475
stereotypes,base,Apertus-8B-Instruct-2509,Llama-3.2-3B-Instruct,0.442
stereotypes,base,Apertus-8B-Instruct-2509,Qwen2.5-14B-Instruct,0.407
stereotypes,base,Apertus-8B-Instruct-2509,Qwen2.5-72B-Instruct,0.384
stereotypes,base,Apertus-8B-Instruct-2509,Qwen2.5-7B-Instruct,0.45
stereotypes,base,Llama-3.1-70B-Instruct,Llama-3.1-8B-Instruct,0.375
stereotypes,base,Llama-3.1-70B-Instruct,Llama-3.2-1B-Instruct,0.42
stereotypes,base,Llama-3.1-70B-Instruct,Llama-3.2-3B-Instruct,0.385
stereotypes,base,Llama-3.1-70B-Instruct,Qwen2.5-14B-Instruct,0.451
stereotypes,base,Llama-3.1-70B-Instruct,Qwen2.5-72B-Instruct,0.417
stereotypes,base,Llama-3.1-70B-Instruct,Qwen2.5-7B-Instruct,0.43
stereotypes,base,Llama-3.1-8B-Instruct,Llama-3.2-1B-Instruct,0.391
stereotypes,base,Llama-3.1-8B-Instruct,Llama-3.2-3B-Instruct,0.372
stereotypes,base,Llama-3.1-8B-Instruct,Qwen2.5-14B-Instruct,0.452
stereotypes,base,Llama-3.1-8B-Instruct,Qwen2.5-72B-Instruct,0.441
stereotypes,base,Llama-3.1-8B-Instruct,Qwen2.5-7B-Instruct,0.422
stereotypes,base,Llama-3.2-1B-Instruct,Llama-3.2-3B-Instruct,0.416
stereotypes,base,Llama-3.2-1B-Instruct,Qwen2.5-14B-Instruct,0.479
stereotypes,base,Llama-3.2-1B-Instruct,Qwen2.5-72B-Instruct,0.471
stereotypes,base,Llama-3.2-1B-Instruct,Qwen2.5-7B-Instruct,0.46
stereotypes,base,Llama-3.2-3B-Instruct,Qwen2.5-14B-Instruct,0.478
stereotypes,base,Llama-3.2-3B-Instruct,Qwen2.5-72B-Instruct,0.477
stereotypes,base,Llama-3.2-3B-Instruct,Qwen2.5-7B-Instruct,0.409
stereotypes,base,Qwen2.5-14B-Instruct,Qwen2.5-72B-Instruct,0.392
stereotypes,base,Qwen2.5-14B-Instruct,Qwen2.5-7B-Instruct,0.397
stereotypes,base,Qwen2.5-72B-Instruct,Qwen2.5-7B-Instruct,0.396
stereotypes,care,Apertus-8B-Instruct-2509,Llama-3.1-70B-Instruct,0.428
stereotypes,care,Apertus-8B-Instruct-2509,Llama-3.1-8B-Instruct,0.399
stereotypes,care,Apertus-8B-Instruct-2509,Llama-3.2-1B-Instruct,0.396
stereotypes,care,Apertus-8B-Instruct-2509,Llama-3.2-3B-Instruct,0.422
stereotypes,care,Apertus-8B-Instruct-2509,Qwen2.5-14B-Instruct,0.406
stereotypes,care,Apertus-8B-Instruct-2509,Qwen2.5-72B-Instruct,0.439
stereotypes,care,Apertus-8B-Instruct-2509,Qwen2.5-7B-Instruct,0.491
stereotypes,care,Llama-3.1-70B-Instruct,Llama-3.1-8B-Instruct,0.284
stereotypes,care,Llama-3.1-70B-Instruct,Llama-3.2-1B-Instruct,0.392
stereotypes,care,Llama-3.1-70B-Instruct,Llama-3.2-3B-Instruct,0.325
stereotypes,care,Llama-3.1-70B-Instruct,Qwen2.5-14B-Instruct,0.34
stereotypes,care,Llama-3.1-70B-Instruct,Qwen2.5-72B-Instruct,0.365
stereotypes,care,Llama-3.1-70B-Instruct,Qwen2.5-7B-Instruct,0.543
stereotypes,care,Llama-3.1-8B-Instruct,Llama-3.2-1B-Instruct,0.388
stereotypes,care,Llama-3.1-8B-Instruct,Llama-3.2-3B-Instruct,0.35
stereotypes,care,Llama-3.1-8B-Instruct,Qwen2.5-14B-Instruct,0.35
stereotypes,care,Llama-3.1-8B-Instruct,Qwen2.5-72B-Instruct,0.385
stereotypes,care,Llama-3.1-8B-Instruct,Qwen2.5-7B-Instruct,0.54
stereotypes,care,Llama-3.2-1B-Instruct,Llama-3.2-3B-Instruct,0.412
stereotypes,care,Llama-3.2-1B-Instruct,Qwen2.5-14B-Instruct,0.402
stereotypes,care,Llama-3.2-1B-Instruct,Qwen2.5-72B-Instruct,0.412
stereotypes,care,Llama-3.2-1B-Instruct,Qwen2.5-7B-Instruct,0.522
stereotypes,care,Llama-3.2-3B-Instruct,Qwen2.5-14B-Instruct,0.39
stereotypes,care,Llama-3.2-3B-Instruct,Qwen2.5-72B-Instruct,0.369
stereotypes,care,Llama-3.2-3B-Instruct,Qwen2.5-7B-Instruct,0.534
stereotypes,care,Qwen2.5-14B-Instruct,Qwen2.5-72B-Instruct,0.332
stereotypes,care,Qwen2.5-14B-Instruct,Qwen2.5-7B-Instruct,0.518
stereotypes,care,Qwen2.5-72B-Instruct,Qwen2.5-7B-Instruct,0.504
stereotypes,equality,Apertus-8B-Instruct-2509,Llama-3.1-70B-Instruct,0.488
stereotypes,equality,Apertus-8B-Instruct-2509,Llama-3.1-8B-Instruct,0.489
stereotypes,equality,Apertus-8B-Instruct-2509,Llama-3.2-1B-Instruct,0.463
stereotypes,equality,Apertus-8B-Instruct-2509,Llama-3.2-3B-Instruct,0.463
stereotypes,equality,Apertus-8B-Instruct-2509,Qwen2.5-14B-Instruct,0.492
stereotypes,equality,Apertus-8B-Instruct-2509,Qwen2.5-72B-Instruct,0.44
stereotypes,equality,Apertus-8B-Instruct-2509,Qwen2.5-7B-Instruct,0.432
stereotypes,equality,Llama-3.1-70B-Instruct,Llama-3.1-8B-Instruct,0.314
stereotypes,equality,Llama-3.1-70B-Instruct,Llama-3.2-1B-Instruct,0.412
stereotypes,equality,Llama-3.1-70B-Instruct,Llama-3.2-3B-Instruct,0.394
stereotypes,equality,Llama-3.1-70B-Instruct,Qwen2.5-14B-Instruct,0.425
stereotypes,equality,Llama-3.1-70B-Instruct,Qwen2.5-72B-Instruct,0.415
stereotypes,equality,Llama-3.1-70B-Instruct,Qwen2.5-7B-Instruct,0.462
stereotypes,equality,Llama-3.1-8B-Instruct,Llama-3.2-1B-Instruct,0.412
stereotypes,equality,Llama-3.1-8B-Instruct,Llama-3.2-3B-Instruct,0.414
stereotypes,equality,Llama-3.1-8B-Instruct,Qwen2.5-14B-Instruct,0.408
stereotypes,equality,Llama-3.1-8B-Instruct,Qwen2.5-72B-Instruct,0.424
stereotypes,equality,Llama-3.1-8B-Instruct,Qwen2.5-7B-Instruct,0.437
stereotypes,equality,Llama-3.2-1B-Instruct,Llama-3.2-3B-Instruct,0.44
stereotypes,equality,Llama-3.2-1B-Instruct,Qwen2.5-14B-Instruct,0.48
stereotypes,equality,Llama-3.2-1B-Instruct,Qwen2.5-72B-Instruct,0.46
stereotypes,equality,Llama-3.2-1B-Instruct,Qwen2.5-7B-Instruct,0.457
stereotypes,equality,Llama-3.2-3B-Instruct,Qwen2.5-14B-Instruct,0.433
stereotypes,equality,Llama-3.2-3B-Instruct,Qwen2.5-72B-Instruct,0.422
stereotypes,equality,Llama-3.2-3B-Instruct,Qwen2.5-7B-Instruct,0.436
stereotypes,equality,Qwen2.5-14B-Instruct,Qwen2.5-72B-Instruct,0.33
stereotypes,equality,Qwen2.5-14B-Instruct,Qwen2.5-7B-Instruct,0.414
stereotypes,equality,Qwen2.5-72B-Instruct,Qwen2.5-7B-Instruct,0.371
stereotypes,loyalty,Apertus-8B-Instruct-2509,Llama-3.1-70B-Instruct,0.452
stereotypes,loyalty,Apertus-8B-Instruct-2509,Llama-3.1-8B-Instruct,0.45
stereotypes,loyalty,Apertus-8B-Instruct-2509,Llama-3.2-1B-Instruct,0.467
stereotypes,loyalty,Apertus-8B-Instruct-2509,Llama-3.2-3B-Instruct,0.422
stereotypes,loyalty,Apertus-8B-Instruct-2509,Qwen2.5-14B-Instruct,0.464
stereotypes,loyalty,Apertus-8B-Instruct-2509,Qwen2.5-72B-Instruct,0.426
stereotypes,loyalty,Apertus-8B-Instruct-2509,Qwen2.5-7B-Instruct,0.395
stereotypes,loyalty,Llama-3.1-70B-Instruct,Llama-3.1-8B-Instruct,0.285
stereotypes,loyalty,Llama-3.1-70B-Instruct,Llama-3.2-1B-Instruct,0.361
stereotypes,loyalty,Llama-3.1-70B-Instruct,Llama-3.2-3B-Instruct,0.362
stereotypes,loyalty,Llama-3.1-70B-Instruct,Qwen2.5-14B-Instruct,0.462
stereotypes,loyalty,Llama-3.1-70B-Instruct,Qwen2.5-72B-Instruct,0.45
stereotypes,loyalty,Llama-3.1-70B-Instruct,Qwen2.5-7B-Instruct,0.457
stereotypes,loyalty,Llama-3.1-8B-Instruct,Llama-3.2-1B-Instruct,0.349
stereotypes,loyalty,Llama-3.1-8B-Instruct,Llama-3.2-3B-Instruct,0.359
stereotypes,loyalty,Llama-3.1-8B-Instruct,Qwen2.5-14B-Instruct,0.457
stereotypes,loyalty,Llama-3.1-8B-Instruct,Qwen2.5-72B-Instruct,0.445
stereotypes,loyalty,Llama-3.1-8B-Instruct,Qwen2.5-7B-Instruct,0.434
stereotypes,loyalty,Llama-3.2-1B-Instruct,Llama-3.2-3B-Instruct,0.354
stereotypes,loyalty,Llama-3.2-1B-Instruct,Qwen2.5-14B-Instruct,0.434
stereotypes,loyalty,Llama-3.2-1B-Instruct,Qwen2.5-72B-Instruct,0.422
stereotypes,loyalty,Llama-3.2-1B-Instruct,Qwen2.5-7B-Instruct,0.435
stereotypes,loyalty,Llama-3.2-3B-Instruct,Qwen2.5-14B-Instruct,0.447
stereotypes,loyalty,Llama-3.2-3B-Instruct,Qwen2.5-72B-Instruct,0.432
stereotypes,loyalty,Llama-3.2-3B-Instruct,Qwen2.5-7B-Instruct,0.442
stereotypes,loyalty,Qwen2.5-14B-Instruct,Qwen2.5-72B-Instruct,0.365
stereotypes,loyalty,Qwen2.5-14B-Instruct,Qwen2.5-7B-Instruct,0.377
stereotypes,loyalty,Qwen2.5-72B-Instruct,Qwen2.5-7B-Instruct,0.345
stereotypes,proportionality,Apertus-8B-Instruct-2509,Llama-3.1-70B-Instruct,0.444
stereotypes,proportionality,Apertus-8B-Instruct-2509,Llama-3.1-8B-Instruct,0.387
stereotypes,proportionality,Apertus-8B-Instruct-2509,Llama-3.2-1B-Instruct,0.485
stereotypes,proportionality,Apertus-8B-Instruct-2509,Llama-3.2-3B-Instruct,0.429
stereotypes,proportionality,Apertus-8B-Instruct-2509,Qwen2.5-14B-Instruct,0.416
stereotypes,proportionality,Apertus-8B-Instruct-2509,Qwen2.5-72B-Instruct,0.436
stereotypes,proportionality,Apertus-8B-Instruct-2509,Qwen2.5-7B-Instruct,0.345
stereotypes,proportionality,Llama-3.1-70B-Instruct,Llama-3.1-8B-Instruct,0.333
stereotypes,proportionality,Llama-3.1-70B-Instruct,Llama-3.2-1B-Instruct,0.459
stereotypes,proportionality,Llama-3.1-70B-Instruct,Llama-3.2-3B-Instruct,0.362
stereotypes,proportionality,Llama-3.1-70B-Instruct,Qwen2.5-14B-Instruct,0.42
stereotypes,proportionality,Llama-3.1-70B-Instruct,Qwen2.5-72B-Instruct,0.457
stereotypes,proportionality,Llama-3.1-70B-Instruct,Qwen2.5-7B-Instruct,0.403
stereotypes,proportionality,Llama-3.1-8B-Instruct,Llama-3.2-1B-Instruct,0.444
stereotypes,proportionality,Llama-3.1-8B-Instruct,Llama-3.2-3B-Instruct,0.344
stereotypes,proportionality,Llama-3.1-8B-Instruct,Qwen2.5-14B-Instruct,0.366
stereotypes,proportionality,Llama-3.1-8B-Instruct,Qwen2.5-72B-Instruct,0.379
stereotypes,proportionality,Llama-3.1-8B-Instruct,Qwen2.5-7B-Instruct,0.319
stereotypes,proportionality,Llama-3.2-1B-Instruct,Llama-3.2-3B-Instruct,0.479
stereotypes,proportionality,Llama-3.2-1B-Instruct,Qwen2.5-14B-Instruct,0.512
stereotypes,proportionality,Llama-3.2-1B-Instruct,Qwen2.5-72B-Instruct,0.483
stereotypes,proportionality,Llama-3.2-1B-Instruct,Qwen2.5-7B-Instruct,0.47
stereotypes,proportionality,Llama-3.2-3B-Instruct,Qwen2.5-14B-Instruct,0.452
stereotypes,proportionality,Llama-3.2-3B-Instruct,Qwen2.5-72B-Instruct,0.461
stereotypes,proportionality,Llama-3.2-3B-Instruct,Qwen2.5-7B-Instruct,0.42
stereotypes,proportionality,Qwen2.5-14B-Instruct,Qwen2.5-72B-Instruct,0.362
stereotypes,proportionality,Qwen2.5-14B-Instruct,Qwen2.5-7B-Instruct,0.348
stereotypes,proportionality,Qwen2.5-72B-Instruct,Qwen2.5-7B-Instruct,0.361
stereotypes,purity,Apertus-8B-Instruct-2509,Llama-3.1-70B-Instruct,0.384
stereotypes,purity,Apertus-8B-Instruct-2509,Llama-3.1-8B-Instruct,0.439
stereotypes,purity,Apertus-8B-Instruct-2509,Llama-3.2-1B-Instruct,0.445
stereotypes,purity,Apertus-8B-Instruct-2509,Llama-3.2-3B-Instruct,0.441
stereotypes,purity,Apertus-8B-Instruct-2509,Qwen2.5-14B-Instruct,0.431
stereotypes,purity,Apertus-8B-Instruct-2509,Qwen2.5-72B-Instruct,0.481
stereotypes,purity,Apertus-8B-Instruct-2509,Qwen2.5-7B-Instruct,0.439
stereotypes,purity,Llama-3.1-70B-Instruct,Llama-3.1-8B-Instruct,0.356
stereotypes,purity,Llama-3.1-70B-Instruct,Llama-3.2-1B-Instruct,0.424
stereotypes,purity,Llama-3.1-70B-Instruct,Llama-3.2-3B-Instruct,0.396
stereotypes,purity,Llama-3.1-70B-Instruct,Qwen2.5-14B-Instruct,0.415
stereotypes,purity,Llama-3.1-70B-Instruct,Qwen2.5-72B-Instruct,0.444
stereotypes,purity,Llama-3.1-70B-Instruct,Qwen2.5-7B-Instruct,0.477
stereotypes,purity,Llama-3.1-8B-Instruct,Llama-3.2-1B-Instruct,0.454
stereotypes,purity,Llama-3.1-8B-Instruct,Llama-3.2-3B-Instruct,0.401
stereotypes,purity,Llama-3.1-8B-Instruct,Qwen2.5-14B-Instruct,0.417
stereotypes,purity,Llama-3.1-8B-Instruct,Qwen2.5-72B-Instruct,0.438
stereotypes,purity,Llama-3.1-8B-Instruct,Qwen2.5-7B-Instruct,0.515
stereotypes,purity,Llama-3.2-1B-Instruct,Llama-3.2-3B-Instruct,0.379
stereotypes,purity,Llama-3.2-1B-Instruct,Qwen2.5-14B-Instruct,0.459
stereotypes,purity,Llama-3.2-1B-Instruct,Qwen2.5-72B-Instruct,0.495
stereotypes,purity,Llama-3.2-1B-Instruct,Qwen2.5-7B-Instruct,0.483
stereotypes,purity,Llama-3.2-3B-Instruct,Qwen2.5-14B-Instruct,0.453
stereotypes,purity,Llama-3.2-3B-Instruct,Qwen2.5-72B-Instruct,0.492
stereotypes,purity,Llama-3.2-3B-Instruct,Qwen2.5-7B-Instruct,0.492
stereotypes,purity,Qwen2.5-14B-Instruct,Qwen2.5-72B-Instruct,0.382
stereotypes,purity,Qwen2.5-14B-Instruct,Qwen2.5-7B-Instruct,0.443
stereotypes,purity,Qwen2.5-72B-Instruct,Qwen2.5-7B-Instruct,0.482
